Clean-room proof rehearsal	Set up job	﻿2026-09-18T16:05:13.7798038Z Current runner version: '2.337.0'
Clean-room proof rehearsal	Set up job	2026-09-18T16:05:13.7832381Z ##[group]Runner Image Provisioner
Clean-room proof rehearsal	Set up job	2026-09-18T16:05:13.7833790Z Hosted Compute Agent
Clean-room proof rehearsal	Set up job	2026-09-18T16:05:13.7834886Z Version: 20260828.587
Clean-room proof rehearsal	Set up job	2026-09-18T16:05:13.7836107Z Commit: abac92662cab4cc7352de4f9f9d2e2419aad9c29
Clean-room proof rehearsal	Set up job	2026-09-18T16:05:13.7837758Z Build Date: 2026-08-28T16:44:25Z
Clean-room proof rehearsal	Set up job	2026-09-18T16:05:13.7838914Z Worker ID: {fee2fe33-2dc3-402a-820e-01d12faede5b}
Clean-room proof rehearsal	Set up job	2026-09-18T16:05:13.7840155Z Azure Region: eastus
Clean-room proof rehearsal	Set up job	2026-09-18T16:05:13.7841162Z ##[endgroup]
Clean-room proof rehearsal	Set up job	2026-09-18T16:05:13.7843511Z ##[group]Operating System
Clean-room proof rehearsal	Set up job	2026-09-18T16:05:13.7844687Z Ubuntu
Clean-room proof rehearsal	Set up job	2026-09-18T16:05:13.7845644Z 24.04.5
Clean-room proof rehearsal	Set up job	2026-09-18T16:05:13.7846599Z LTS
Clean-room proof rehearsal	Set up job	2026-09-18T16:05:13.7847916Z ##[endgroup]
Clean-room proof rehearsal	Set up job	2026-09-18T16:05:13.7848948Z ##[group]Runner Image
Clean-room proof rehearsal	Set up job	2026-09-18T16:05:13.7850109Z Image: ubuntu-24.04
Clean-room proof rehearsal	Set up job	2026-09-18T16:05:13.7851139Z Version: 20260907.300.1
Clean-room proof rehearsal	Set up job	2026-09-18T16:05:13.7853099Z Included Software: https://github.com/actions/runner-images/blob/ubuntu24/20260907.300/images/ubuntu/Ubuntu2404-Readme.md
Clean-room proof rehearsal	Set up job	2026-09-18T16:05:13.7856177Z Image Release: https://github.com/actions/runner-images/releases/tag/ubuntu24%2F20260907.300
Clean-room proof rehearsal	Set up job	2026-09-18T16:05:13.7858312Z ##[endgroup]
Clean-room proof rehearsal	Set up job	2026-09-18T16:05:13.7860125Z ##[group]GITHUB_TOKEN Permissions
Clean-room proof rehearsal	Set up job	2026-09-18T16:05:13.7863250Z Contents: read
Clean-room proof rehearsal	Set up job	2026-09-18T16:05:13.7864360Z Metadata: read
Clean-room proof rehearsal	Set up job	2026-09-18T16:05:13.7865417Z ##[endgroup]
Clean-room proof rehearsal	Set up job	2026-09-18T16:05:13.7870089Z Secret source: Actions
Clean-room proof rehearsal	Set up job	2026-09-18T16:05:13.7871801Z Cache mode: write
Clean-room proof rehearsal	Set up job	2026-09-18T16:05:13.7873481Z Prepare workflow directory
Clean-room proof rehearsal	Set up job	2026-09-18T16:05:13.8356577Z Prepare all required actions
Clean-room proof rehearsal	Set up job	2026-09-18T16:05:13.8428012Z Getting action download info
Clean-room proof rehearsal	Set up job	2026-09-18T16:05:14.0614778Z Download action repository 'actions/checkout@9c091bb21b7c1c1d1991bb908d89e4e9dddfe3e0' (SHA:9c091bb21b7c1c1d1991bb908d89e4e9dddfe3e0)
Clean-room proof rehearsal	Set up job	2026-09-18T16:05:14.2013163Z Download action repository 'erlef/setup-beam@fc68ffb90438ef2936bbb3251622353b3dcb2f93' (SHA:fc68ffb90438ef2936bbb3251622353b3dcb2f93)
Clean-room proof rehearsal	Set up job	2026-09-18T16:05:14.4613493Z Complete job name: Clean-room proof rehearsal
Clean-room proof rehearsal	Run actions/checkout@9c091bb21b7c1c1d1991bb908d89e4e9dddfe3e0	﻿2026-09-18T16:05:14.5375627Z ##[group]Run actions/checkout@9c091bb21b7c1c1d1991bb908d89e4e9dddfe3e0
Clean-room proof rehearsal	Run actions/checkout@9c091bb21b7c1c1d1991bb908d89e4e9dddfe3e0	2026-09-18T16:05:14.5377058Z with:
Clean-room proof rehearsal	Run actions/checkout@9c091bb21b7c1c1d1991bb908d89e4e9dddfe3e0	2026-09-18T16:05:14.5377557Z   repository: szTheory/crosswake
Clean-room proof rehearsal	Run actions/checkout@9c091bb21b7c1c1d1991bb908d89e4e9dddfe3e0	2026-09-18T16:05:14.5381553Z   token: ***
Clean-room proof rehearsal	Run actions/checkout@9c091bb21b7c1c1d1991bb908d89e4e9dddfe3e0	2026-09-18T16:05:14.5381985Z   ssh-strict: true
Clean-room proof rehearsal	Run actions/checkout@9c091bb21b7c1c1d1991bb908d89e4e9dddfe3e0	2026-09-18T16:05:14.5382432Z   ssh-user: git
Clean-room proof rehearsal	Run actions/checkout@9c091bb21b7c1c1d1991bb908d89e4e9dddfe3e0	2026-09-18T16:05:14.5382884Z   persist-credentials: true
Clean-room proof rehearsal	Run actions/checkout@9c091bb21b7c1c1d1991bb908d89e4e9dddfe3e0	2026-09-18T16:05:14.5383393Z   clean: true
Clean-room proof rehearsal	Run actions/checkout@9c091bb21b7c1c1d1991bb908d89e4e9dddfe3e0	2026-09-18T16:05:14.5383855Z   sparse-checkout-cone-mode: true
Clean-room proof rehearsal	Run actions/checkout@9c091bb21b7c1c1d1991bb908d89e4e9dddfe3e0	2026-09-18T16:05:14.5384389Z   fetch-depth: 1
Clean-room proof rehearsal	Run actions/checkout@9c091bb21b7c1c1d1991bb908d89e4e9dddfe3e0	2026-09-18T16:05:14.5384827Z   fetch-tags: false
Clean-room proof rehearsal	Run actions/checkout@9c091bb21b7c1c1d1991bb908d89e4e9dddfe3e0	2026-09-18T16:05:14.5385285Z   show-progress: true
Clean-room proof rehearsal	Run actions/checkout@9c091bb21b7c1c1d1991bb908d89e4e9dddfe3e0	2026-09-18T16:05:14.5385736Z   lfs: false
Clean-room proof rehearsal	Run actions/checkout@9c091bb21b7c1c1d1991bb908d89e4e9dddfe3e0	2026-09-18T16:05:14.5386147Z   submodules: false
Clean-room proof rehearsal	Run actions/checkout@9c091bb21b7c1c1d1991bb908d89e4e9dddfe3e0	2026-09-18T16:05:14.5386602Z   set-safe-directory: true
Clean-room proof rehearsal	Run actions/checkout@9c091bb21b7c1c1d1991bb908d89e4e9dddfe3e0	2026-09-18T16:05:14.5387252Z   allow-unsafe-pr-checkout: false
Clean-room proof rehearsal	Run actions/checkout@9c091bb21b7c1c1d1991bb908d89e4e9dddfe3e0	2026-09-18T16:05:14.5388071Z ##[endgroup]
Clean-room proof rehearsal	Run actions/checkout@9c091bb21b7c1c1d1991bb908d89e4e9dddfe3e0	2026-09-18T16:05:14.6376406Z Syncing repository: szTheory/crosswake
Clean-room proof rehearsal	Run actions/checkout@9c091bb21b7c1c1d1991bb908d89e4e9dddfe3e0	2026-09-18T16:05:14.6378497Z ##[group]Getting Git version info
Clean-room proof rehearsal	Run actions/checkout@9c091bb21b7c1c1d1991bb908d89e4e9dddfe3e0	2026-09-18T16:05:14.6379309Z Working directory is '/home/runner/work/crosswake/crosswake'
Clean-room proof rehearsal	Run actions/checkout@9c091bb21b7c1c1d1991bb908d89e4e9dddfe3e0	2026-09-18T16:05:14.6380434Z [command]/usr/bin/git version
Clean-room proof rehearsal	Run actions/checkout@9c091bb21b7c1c1d1991bb908d89e4e9dddfe3e0	2026-09-18T16:05:14.6472800Z git version 2.55.0
Clean-room proof rehearsal	Run actions/checkout@9c091bb21b7c1c1d1991bb908d89e4e9dddfe3e0	2026-09-18T16:05:14.6495110Z ##[endgroup]
Clean-room proof rehearsal	Run actions/checkout@9c091bb21b7c1c1d1991bb908d89e4e9dddfe3e0	2026-09-18T16:05:14.6507819Z Temporarily overriding HOME='/home/runner/work/_temp/3e656bdb-c04b-4e3a-92f3-569d6da7304e' before making global git config changes
Clean-room proof rehearsal	Run actions/checkout@9c091bb21b7c1c1d1991bb908d89e4e9dddfe3e0	2026-09-18T16:05:14.6510307Z Adding repository directory to the temporary git global config as a safe directory
Clean-room proof rehearsal	Run actions/checkout@9c091bb21b7c1c1d1991bb908d89e4e9dddfe3e0	2026-09-18T16:05:14.6512405Z [command]/usr/bin/git config --global --add safe.directory /home/runner/work/crosswake/crosswake
Clean-room proof rehearsal	Run actions/checkout@9c091bb21b7c1c1d1991bb908d89e4e9dddfe3e0	2026-09-18T16:05:14.6569498Z Deleting the contents of '/home/runner/work/crosswake/crosswake'
Clean-room proof rehearsal	Run actions/checkout@9c091bb21b7c1c1d1991bb908d89e4e9dddfe3e0	2026-09-18T16:05:14.6573495Z ##[group]Determining repository object format
Clean-room proof rehearsal	Run actions/checkout@9c091bb21b7c1c1d1991bb908d89e4e9dddfe3e0	2026-09-18T16:05:14.6575172Z ##[endgroup]
Clean-room proof rehearsal	Run actions/checkout@9c091bb21b7c1c1d1991bb908d89e4e9dddfe3e0	2026-09-18T16:05:14.6576167Z ##[group]Initializing the repository
Clean-room proof rehearsal	Run actions/checkout@9c091bb21b7c1c1d1991bb908d89e4e9dddfe3e0	2026-09-18T16:05:14.6579769Z [command]/usr/bin/git init /home/runner/work/crosswake/crosswake
Clean-room proof rehearsal	Run actions/checkout@9c091bb21b7c1c1d1991bb908d89e4e9dddfe3e0	2026-09-18T16:05:14.6705066Z hint: Using 'master' as the name for the initial branch. This default branch name
Clean-room proof rehearsal	Run actions/checkout@9c091bb21b7c1c1d1991bb908d89e4e9dddfe3e0	2026-09-18T16:05:14.6707551Z hint: will change to "main" in Git 3.0. To configure the initial branch name
Clean-room proof rehearsal	Run actions/checkout@9c091bb21b7c1c1d1991bb908d89e4e9dddfe3e0	2026-09-18T16:05:14.6710583Z hint: to use in all of your new repositories, which will suppress this warning,
Clean-room proof rehearsal	Run actions/checkout@9c091bb21b7c1c1d1991bb908d89e4e9dddfe3e0	2026-09-18T16:05:14.6712734Z hint: call:
Clean-room proof rehearsal	Run actions/checkout@9c091bb21b7c1c1d1991bb908d89e4e9dddfe3e0	2026-09-18T16:05:14.6713722Z hint:
Clean-room proof rehearsal	Run actions/checkout@9c091bb21b7c1c1d1991bb908d89e4e9dddfe3e0	2026-09-18T16:05:14.6714857Z hint: 	git config --global init.defaultBranch <name>
Clean-room proof rehearsal	Run actions/checkout@9c091bb21b7c1c1d1991bb908d89e4e9dddfe3e0	2026-09-18T16:05:14.6716190Z hint:
Clean-room proof rehearsal	Run actions/checkout@9c091bb21b7c1c1d1991bb908d89e4e9dddfe3e0	2026-09-18T16:05:14.6717939Z hint: Names commonly chosen instead of 'master' are 'main', 'trunk' and
Clean-room proof rehearsal	Run actions/checkout@9c091bb21b7c1c1d1991bb908d89e4e9dddfe3e0	2026-09-18T16:05:14.6720366Z hint: 'development'. The just-created branch can be renamed via this command:
Clean-room proof rehearsal	Run actions/checkout@9c091bb21b7c1c1d1991bb908d89e4e9dddfe3e0	2026-09-18T16:05:14.6722029Z hint:
Clean-room proof rehearsal	Run actions/checkout@9c091bb21b7c1c1d1991bb908d89e4e9dddfe3e0	2026-09-18T16:05:14.6722934Z hint: 	git branch -m <name>
Clean-room proof rehearsal	Run actions/checkout@9c091bb21b7c1c1d1991bb908d89e4e9dddfe3e0	2026-09-18T16:05:14.6723818Z hint:
Clean-room proof rehearsal	Run actions/checkout@9c091bb21b7c1c1d1991bb908d89e4e9dddfe3e0	2026-09-18T16:05:14.6724675Z hint: Disable this message with "git config set advice.defaultBranchName false"
Clean-room proof rehearsal	Run actions/checkout@9c091bb21b7c1c1d1991bb908d89e4e9dddfe3e0	2026-09-18T16:05:14.6725740Z Initialized empty Git repository in /home/runner/work/crosswake/crosswake/.git/
Clean-room proof rehearsal	Run actions/checkout@9c091bb21b7c1c1d1991bb908d89e4e9dddfe3e0	2026-09-18T16:05:14.6727866Z [command]/usr/bin/git remote add origin https://github.com/szTheory/crosswake
Clean-room proof rehearsal	Run actions/checkout@9c091bb21b7c1c1d1991bb908d89e4e9dddfe3e0	2026-09-18T16:05:14.6775094Z ##[endgroup]
Clean-room proof rehearsal	Run actions/checkout@9c091bb21b7c1c1d1991bb908d89e4e9dddfe3e0	2026-09-18T16:05:14.6775923Z ##[group]Disabling automatic garbage collection
Clean-room proof rehearsal	Run actions/checkout@9c091bb21b7c1c1d1991bb908d89e4e9dddfe3e0	2026-09-18T16:05:14.6779026Z [command]/usr/bin/git config --local gc.auto 0
Clean-room proof rehearsal	Run actions/checkout@9c091bb21b7c1c1d1991bb908d89e4e9dddfe3e0	2026-09-18T16:05:14.6809032Z ##[endgroup]
Clean-room proof rehearsal	Run actions/checkout@9c091bb21b7c1c1d1991bb908d89e4e9dddfe3e0	2026-09-18T16:05:14.6810059Z ##[group]Setting up auth
Clean-room proof rehearsal	Run actions/checkout@9c091bb21b7c1c1d1991bb908d89e4e9dddfe3e0	2026-09-18T16:05:14.6810634Z Removing SSH command configuration
Clean-room proof rehearsal	Run actions/checkout@9c091bb21b7c1c1d1991bb908d89e4e9dddfe3e0	2026-09-18T16:05:14.6815479Z [command]/usr/bin/git config --local --name-only --get-regexp core\.sshCommand
Clean-room proof rehearsal	Run actions/checkout@9c091bb21b7c1c1d1991bb908d89e4e9dddfe3e0	2026-09-18T16:05:14.6846094Z [command]/usr/bin/git submodule foreach --recursive sh -c "git config --local --name-only --get-regexp 'core\.sshCommand' && git config --local --unset-all 'core.sshCommand' || :"
Clean-room proof rehearsal	Run actions/checkout@9c091bb21b7c1c1d1991bb908d89e4e9dddfe3e0	2026-09-18T16:05:14.7215215Z Removing HTTP extra header
Clean-room proof rehearsal	Run actions/checkout@9c091bb21b7c1c1d1991bb908d89e4e9dddfe3e0	2026-09-18T16:05:14.7222761Z [command]/usr/bin/git config --local --name-only --get-regexp http\.https\:\/\/github\.com\/\.extraheader
Clean-room proof rehearsal	Run actions/checkout@9c091bb21b7c1c1d1991bb908d89e4e9dddfe3e0	2026-09-18T16:05:14.7259232Z [command]/usr/bin/git submodule foreach --recursive sh -c "git config --local --name-only --get-regexp 'http\.https\:\/\/github\.com\/\.extraheader' && git config --local --unset-all 'http.https://github.com/.extraheader' || :"
Clean-room proof rehearsal	Run actions/checkout@9c091bb21b7c1c1d1991bb908d89e4e9dddfe3e0	2026-09-18T16:05:14.7486385Z Removing includeIf entries pointing to credentials config files
Clean-room proof rehearsal	Run actions/checkout@9c091bb21b7c1c1d1991bb908d89e4e9dddfe3e0	2026-09-18T16:05:14.7494158Z [command]/usr/bin/git config --local --name-only --get-regexp ^includeIf\.gitdir:
Clean-room proof rehearsal	Run actions/checkout@9c091bb21b7c1c1d1991bb908d89e4e9dddfe3e0	2026-09-18T16:05:14.7528655Z [command]/usr/bin/git submodule foreach --recursive git config --local --show-origin --name-only --get-regexp remote.origin.url
Clean-room proof rehearsal	Run actions/checkout@9c091bb21b7c1c1d1991bb908d89e4e9dddfe3e0	2026-09-18T16:05:14.7771338Z [command]/usr/bin/git config --file /home/runner/work/_temp/git-credentials-79b07c23-caad-4223-b932-0a0e7cf9d749.config http.https://github.com/.extraheader AUTHORIZATION: basic ***
Clean-room proof rehearsal	Run actions/checkout@9c091bb21b7c1c1d1991bb908d89e4e9dddfe3e0	2026-09-18T16:05:14.7808037Z [command]/usr/bin/git config --local includeIf.gitdir:/home/runner/work/crosswake/crosswake/.git.path /home/runner/work/_temp/git-credentials-79b07c23-caad-4223-b932-0a0e7cf9d749.config
Clean-room proof rehearsal	Run actions/checkout@9c091bb21b7c1c1d1991bb908d89e4e9dddfe3e0	2026-09-18T16:05:14.7840160Z [command]/usr/bin/git config --local includeIf.gitdir:/home/runner/work/crosswake/crosswake/.git/worktrees/*.path /home/runner/work/_temp/git-credentials-79b07c23-caad-4223-b932-0a0e7cf9d749.config
Clean-room proof rehearsal	Run actions/checkout@9c091bb21b7c1c1d1991bb908d89e4e9dddfe3e0	2026-09-18T16:05:14.7875645Z [command]/usr/bin/git config --local includeIf.gitdir:/github/workspace/.git.path /github/runner_temp/git-credentials-79b07c23-caad-4223-b932-0a0e7cf9d749.config
Clean-room proof rehearsal	Run actions/checkout@9c091bb21b7c1c1d1991bb908d89e4e9dddfe3e0	2026-09-18T16:05:14.7909536Z [command]/usr/bin/git config --local includeIf.gitdir:/github/workspace/.git/worktrees/*.path /github/runner_temp/git-credentials-79b07c23-caad-4223-b932-0a0e7cf9d749.config
Clean-room proof rehearsal	Run actions/checkout@9c091bb21b7c1c1d1991bb908d89e4e9dddfe3e0	2026-09-18T16:05:14.7937666Z ##[endgroup]
Clean-room proof rehearsal	Run actions/checkout@9c091bb21b7c1c1d1991bb908d89e4e9dddfe3e0	2026-09-18T16:05:14.7939121Z ##[group]Fetching the repository
Clean-room proof rehearsal	Run actions/checkout@9c091bb21b7c1c1d1991bb908d89e4e9dddfe3e0	2026-09-18T16:05:14.7945217Z [command]/usr/bin/git -c protocol.version=2 fetch --no-tags --prune --no-recurse-submodules --depth=1 origin +bb570820605c4e18c91a6e736ebee6576c1d9f76:refs/remotes/origin/main
Clean-room proof rehearsal	Run actions/checkout@9c091bb21b7c1c1d1991bb908d89e4e9dddfe3e0	2026-09-18T16:05:16.7011130Z From https://github.com/szTheory/crosswake
Clean-room proof rehearsal	Run actions/checkout@9c091bb21b7c1c1d1991bb908d89e4e9dddfe3e0	2026-09-18T16:05:16.7013907Z  * [new ref]         bb570820605c4e18c91a6e736ebee6576c1d9f76 -> origin/main
Clean-room proof rehearsal	Run actions/checkout@9c091bb21b7c1c1d1991bb908d89e4e9dddfe3e0	2026-09-18T16:05:16.7020935Z [command]/usr/bin/git branch --list --remote origin/main
Clean-room proof rehearsal	Run actions/checkout@9c091bb21b7c1c1d1991bb908d89e4e9dddfe3e0	2026-09-18T16:05:16.7047745Z   origin/main
Clean-room proof rehearsal	Run actions/checkout@9c091bb21b7c1c1d1991bb908d89e4e9dddfe3e0	2026-09-18T16:05:16.7055881Z [command]/usr/bin/git rev-parse refs/remotes/origin/main
Clean-room proof rehearsal	Run actions/checkout@9c091bb21b7c1c1d1991bb908d89e4e9dddfe3e0	2026-09-18T16:05:16.7078289Z bb570820605c4e18c91a6e736ebee6576c1d9f76
Clean-room proof rehearsal	Run actions/checkout@9c091bb21b7c1c1d1991bb908d89e4e9dddfe3e0	2026-09-18T16:05:16.7083055Z ##[endgroup]
Clean-room proof rehearsal	Run actions/checkout@9c091bb21b7c1c1d1991bb908d89e4e9dddfe3e0	2026-09-18T16:05:16.7084124Z ##[group]Determining the checkout info
Clean-room proof rehearsal	Run actions/checkout@9c091bb21b7c1c1d1991bb908d89e4e9dddfe3e0	2026-09-18T16:05:16.7085187Z ##[endgroup]
Clean-room proof rehearsal	Run actions/checkout@9c091bb21b7c1c1d1991bb908d89e4e9dddfe3e0	2026-09-18T16:05:16.7089369Z [command]/usr/bin/git sparse-checkout disable
Clean-room proof rehearsal	Run actions/checkout@9c091bb21b7c1c1d1991bb908d89e4e9dddfe3e0	2026-09-18T16:05:16.7141337Z [command]/usr/bin/git config --local --unset-all extensions.worktreeConfig
Clean-room proof rehearsal	Run actions/checkout@9c091bb21b7c1c1d1991bb908d89e4e9dddfe3e0	2026-09-18T16:05:16.7172816Z ##[group]Checking out the ref
Clean-room proof rehearsal	Run actions/checkout@9c091bb21b7c1c1d1991bb908d89e4e9dddfe3e0	2026-09-18T16:05:16.7177389Z [command]/usr/bin/git checkout --progress --force -B main refs/remotes/origin/main
Clean-room proof rehearsal	Run actions/checkout@9c091bb21b7c1c1d1991bb908d89e4e9dddfe3e0	2026-09-18T16:05:16.9977785Z Switched to a new branch 'main'
Clean-room proof rehearsal	Run actions/checkout@9c091bb21b7c1c1d1991bb908d89e4e9dddfe3e0	2026-09-18T16:05:16.9981422Z branch 'main' set up to track 'origin/main'.
Clean-room proof rehearsal	Run actions/checkout@9c091bb21b7c1c1d1991bb908d89e4e9dddfe3e0	2026-09-18T16:05:16.9994536Z ##[endgroup]
Clean-room proof rehearsal	Run actions/checkout@9c091bb21b7c1c1d1991bb908d89e4e9dddfe3e0	2026-09-18T16:05:17.0063053Z [command]/usr/bin/git log -1 --format=%H
Clean-room proof rehearsal	Run actions/checkout@9c091bb21b7c1c1d1991bb908d89e4e9dddfe3e0	2026-09-18T16:05:17.0075130Z bb570820605c4e18c91a6e736ebee6576c1d9f76
Clean-room proof rehearsal	Run erlef/setup-beam@fc68ffb90438ef2936bbb3251622353b3dcb2f93	﻿2026-09-18T16:05:17.0450500Z ##[group]Run erlef/setup-beam@fc68ffb90438ef2936bbb3251622353b3dcb2f93
Clean-room proof rehearsal	Run erlef/setup-beam@fc68ffb90438ef2936bbb3251622353b3dcb2f93	2026-09-18T16:05:17.0452324Z with:
Clean-room proof rehearsal	Run erlef/setup-beam@fc68ffb90438ef2936bbb3251622353b3dcb2f93	2026-09-18T16:05:17.0453318Z   version-file: .tool-versions
Clean-room proof rehearsal	Run erlef/setup-beam@fc68ffb90438ef2936bbb3251622353b3dcb2f93	2026-09-18T16:05:17.0454525Z   version-type: strict
Clean-room proof rehearsal	Run erlef/setup-beam@fc68ffb90438ef2936bbb3251622353b3dcb2f93	2026-09-18T16:05:17.0464754Z   github-token: ***
Clean-room proof rehearsal	Run erlef/setup-beam@fc68ffb90438ef2936bbb3251622353b3dcb2f93	2026-09-18T16:05:17.0465886Z   otp-architecture: 64
Clean-room proof rehearsal	Run erlef/setup-beam@fc68ffb90438ef2936bbb3251622353b3dcb2f93	2026-09-18T16:05:17.0467178Z   install-hex: true
Clean-room proof rehearsal	Run erlef/setup-beam@fc68ffb90438ef2936bbb3251622353b3dcb2f93	2026-09-18T16:05:17.0468266Z   install-rebar: true
Clean-room proof rehearsal	Run erlef/setup-beam@fc68ffb90438ef2936bbb3251622353b3dcb2f93	2026-09-18T16:05:17.0469428Z   disable_problem_matchers: false
Clean-room proof rehearsal	Run erlef/setup-beam@fc68ffb90438ef2936bbb3251622353b3dcb2f93	2026-09-18T16:05:17.0470850Z   hexpm-mirrors: https://builds.hex.pm
Clean-room proof rehearsal	Run erlef/setup-beam@fc68ffb90438ef2936bbb3251622353b3dcb2f93	
Clean-room proof rehearsal	Run erlef/setup-beam@fc68ffb90438ef2936bbb3251622353b3dcb2f93	2026-09-18T16:05:17.0472195Z ##[endgroup]
Clean-room proof rehearsal	Run erlef/setup-beam@fc68ffb90438ef2936bbb3251622353b3dcb2f93	2026-09-18T16:05:17.1421653Z ##[group]Parsing .tool-versions file at .tool-versions
Clean-room proof rehearsal	Run erlef/setup-beam@fc68ffb90438ef2936bbb3251622353b3dcb2f93	2026-09-18T16:05:17.1424580Z Consuming erlang at version 27.3
Clean-room proof rehearsal	Run erlef/setup-beam@fc68ffb90438ef2936bbb3251622353b3dcb2f93	2026-09-18T16:05:17.1426371Z Consuming elixir at version 1.19.5-otp-27
Clean-room proof rehearsal	Run erlef/setup-beam@fc68ffb90438ef2936bbb3251622353b3dcb2f93	2026-09-18T16:05:17.1428733Z ... done!
Clean-room proof rehearsal	Run erlef/setup-beam@fc68ffb90438ef2936bbb3251622353b3dcb2f93	2026-09-18T16:05:17.1430776Z ##[endgroup]
Clean-room proof rehearsal	Run erlef/setup-beam@fc68ffb90438ef2936bbb3251622353b3dcb2f93	2026-09-18T16:05:17.2776899Z ##[group]Installing Erlang/OTP OTP-27.3 - built on amd64/ubuntu-24.04
Clean-room proof rehearsal	Run erlef/setup-beam@fc68ffb90438ef2936bbb3251622353b3dcb2f93	2026-09-18T16:05:17.7733210Z [command]/usr/bin/tar zx --strip-components=1 --warning=no-unknown-keyword --overwrite -C /home/runner/work/_temp/4d040373-fc21-45f5-801a-a0839e3b6042 -f /home/runner/work/_temp/fbeacd39-3f9f-4d44-9dff-7ed7716f4262
Clean-room proof rehearsal	Run erlef/setup-beam@fc68ffb90438ef2936bbb3251622353b3dcb2f93	2026-09-18T16:05:20.4607981Z [command]/home/runner/work/_temp/.setup-beam/otp/Install -minimal /home/runner/work/_temp/.setup-beam/otp
Clean-room proof rehearsal	Run erlef/setup-beam@fc68ffb90438ef2936bbb3251622353b3dcb2f93	2026-09-18T16:05:20.4961137Z Installed Erlang/OTP version
Clean-room proof rehearsal	Run erlef/setup-beam@fc68ffb90438ef2936bbb3251622353b3dcb2f93	2026-09-18T16:05:20.4985178Z [command]/home/runner/work/_temp/.setup-beam/otp/bin/erl -version
Clean-room proof rehearsal	Run erlef/setup-beam@fc68ffb90438ef2936bbb3251622353b3dcb2f93	2026-09-18T16:05:20.5128640Z Erlang (SMP,ASYNC_THREADS) (BEAM) emulator version 15.2.3
Clean-room proof rehearsal	Run erlef/setup-beam@fc68ffb90438ef2936bbb3251622353b3dcb2f93	2026-09-18T16:05:20.5168420Z ##[endgroup]
Clean-room proof rehearsal	Run erlef/setup-beam@fc68ffb90438ef2936bbb3251622353b3dcb2f93	2026-09-18T16:05:20.5330758Z Using Elixir 1.19.5 (built for Erlang/OTP 27)
Clean-room proof rehearsal	Run erlef/setup-beam@fc68ffb90438ef2936bbb3251622353b3dcb2f93	2026-09-18T16:05:20.5331615Z ##[group]Installing Elixir v1.19.5-otp-27
Clean-room proof rehearsal	Run erlef/setup-beam@fc68ffb90438ef2936bbb3251622353b3dcb2f93	2026-09-18T16:05:20.6430099Z [command]/usr/bin/unzip -o -q /home/runner/work/_temp/364cb0d5-ec47-4181-b1b3-fd841e6655a6
Clean-room proof rehearsal	Run erlef/setup-beam@fc68ffb90438ef2936bbb3251622353b3dcb2f93	2026-09-18T16:05:21.1064800Z Installed Elixir version
Clean-room proof rehearsal	Run erlef/setup-beam@fc68ffb90438ef2936bbb3251622353b3dcb2f93	2026-09-18T16:05:21.1090891Z [command]/home/runner/work/_temp/.setup-beam/elixir/bin/elixir -v
Clean-room proof rehearsal	Run erlef/setup-beam@fc68ffb90438ef2936bbb3251622353b3dcb2f93	2026-09-18T16:05:21.3142625Z Erlang/OTP 27 [erts-15.2.3] [source] [64-bit] [smp:4:4] [ds:4:4:10] [async-threads:1] [jit:ns]
Clean-room proof rehearsal	Run erlef/setup-beam@fc68ffb90438ef2936bbb3251622353b3dcb2f93	2026-09-18T16:05:21.3143588Z 
Clean-room proof rehearsal	Run erlef/setup-beam@fc68ffb90438ef2936bbb3251622353b3dcb2f93	2026-09-18T16:05:21.3195564Z Elixir 1.19.5 (compiled with Erlang/OTP 27)
Clean-room proof rehearsal	Run erlef/setup-beam@fc68ffb90438ef2936bbb3251622353b3dcb2f93	2026-09-18T16:05:21.3260182Z ##[endgroup]
Clean-room proof rehearsal	Run erlef/setup-beam@fc68ffb90438ef2936bbb3251622353b3dcb2f93	2026-09-18T16:05:21.3260985Z ##[group]Running mix local.rebar,--force
Clean-room proof rehearsal	Run erlef/setup-beam@fc68ffb90438ef2936bbb3251622353b3dcb2f93	2026-09-18T16:05:21.3261984Z [command]/home/runner/work/_temp/.setup-beam/elixir/bin/mix local.rebar --force
Clean-room proof rehearsal	Run erlef/setup-beam@fc68ffb90438ef2936bbb3251622353b3dcb2f93	2026-09-18T16:05:22.0792456Z * creating /home/runner/.mix/elixir/1-19-otp-27/rebar3
Clean-room proof rehearsal	Run erlef/setup-beam@fc68ffb90438ef2936bbb3251622353b3dcb2f93	2026-09-18T16:05:22.0863569Z ##[endgroup]
Clean-room proof rehearsal	Run erlef/setup-beam@fc68ffb90438ef2936bbb3251622353b3dcb2f93	2026-09-18T16:05:22.0864108Z ##[group]Running mix local.hex,--force
Clean-room proof rehearsal	Run erlef/setup-beam@fc68ffb90438ef2936bbb3251622353b3dcb2f93	2026-09-18T16:05:22.0881385Z [command]/home/runner/work/_temp/.setup-beam/elixir/bin/mix local.hex --force
Clean-room proof rehearsal	Run erlef/setup-beam@fc68ffb90438ef2936bbb3251622353b3dcb2f93	2026-09-18T16:05:22.8265450Z * creating /home/runner/.mix/archives/hex-2.5.1
Clean-room proof rehearsal	Run erlef/setup-beam@fc68ffb90438ef2936bbb3251622353b3dcb2f93	2026-09-18T16:05:22.8361414Z ##[endgroup]
Clean-room proof rehearsal	Install Hex + Rebar	﻿2026-09-18T16:05:22.8563415Z ##[group]Run mix local.hex --force
Clean-room proof rehearsal	Install Hex + Rebar	2026-09-18T16:05:22.8563846Z ^[[36;1mmix local.hex --force^[[0m
Clean-room proof rehearsal	Install Hex + Rebar	2026-09-18T16:05:22.8564132Z ^[[36;1mmix local.rebar --force^[[0m
Clean-room proof rehearsal	Install Hex + Rebar	2026-09-18T16:05:22.8606423Z shell: /usr/bin/bash -e {0}
Clean-room proof rehearsal	Install Hex + Rebar	2026-09-18T16:05:22.8606729Z env:
Clean-room proof rehearsal	Install Hex + Rebar	2026-09-18T16:05:22.8607338Z   INSTALL_DIR_FOR_OTP: /home/runner/work/_temp/.setup-beam/otp
Clean-room proof rehearsal	Install Hex + Rebar	2026-09-18T16:05:22.8607868Z   INSTALL_DIR_FOR_ELIXIR: /home/runner/work/_temp/.setup-beam/elixir
Clean-room proof rehearsal	Install Hex + Rebar	2026-09-18T16:05:22.8608333Z ##[endgroup]
Clean-room proof rehearsal	Install Hex + Rebar	2026-09-18T16:05:23.6095218Z * creating /home/runner/.mix/archives/hex-2.5.1
Clean-room proof rehearsal	Install Hex + Rebar	2026-09-18T16:05:24.2874585Z * creating /home/runner/.mix/elixir/1-19-otp-27/rebar3
Clean-room proof rehearsal	Run clean-room proof (identical invocation to the release lane's clean-room-proof-* jobs)	﻿2026-09-18T16:05:24.3008558Z ##[group]Run set -euo pipefail
Clean-room proof rehearsal	Run clean-room proof (identical invocation to the release lane's clean-room-proof-* jobs)	2026-09-18T16:05:24.3008927Z ^[[36;1mset -euo pipefail^[[0m
Clean-room proof rehearsal	Run clean-room proof (identical invocation to the release lane's clean-room-proof-* jobs)	2026-09-18T16:05:24.3009372Z ^[[36;1m# Empty engine_package means "let the script's own per-package profile apply" —^[[0m
Clean-room proof rehearsal	Run clean-room proof (identical invocation to the release lane's clean-room-proof-* jobs)	2026-09-18T16:05:24.3010004Z ^[[36;1m# the SAME two-argument form clean-room-proof-rulestead/sigra/chimeway/threadline^[[0m
Clean-room proof rehearsal	Run clean-room proof (identical invocation to the release lane's clean-room-proof-* jobs)	2026-09-18T16:05:24.3010642Z ^[[36;1m# invoke. A non-empty engine_package matches clean-room-proof-rindle's four-argument^[[0m
Clean-room proof rehearsal	Run clean-room proof (identical invocation to the release lane's clean-room-proof-* jobs)	2026-09-18T16:05:24.3011256Z ^[[36;1m# form exactly. Passing an explicit empty string as $3 would instead force NO_ENGINE^[[0m
Clean-room proof rehearsal	Run clean-room proof (identical invocation to the release lane's clean-room-proof-* jobs)	2026-09-18T16:05:24.3011835Z ^[[36;1m# mode regardless of package (see script/verify_companion_cleanroom.sh's^[[0m
Clean-room proof rehearsal	Run clean-room proof (identical invocation to the release lane's clean-room-proof-* jobs)	2026-09-18T16:05:24.3012391Z ^[[36;1m# validate_inputs), so the argument is omitted entirely rather than passed empty.^[[0m
Clean-room proof rehearsal	Run clean-room proof (identical invocation to the release lane's clean-room-proof-* jobs)	2026-09-18T16:05:24.3012889Z ^[[36;1mARGS=("$REHEARSAL_PACKAGE" "$REHEARSAL_VERSION")^[[0m
Clean-room proof rehearsal	Run clean-room proof (identical invocation to the release lane's clean-room-proof-* jobs)	2026-09-18T16:05:24.3013251Z ^[[36;1mif [ -n "$REHEARSAL_ENGINE_PACKAGE" ]; then^[[0m
Clean-room proof rehearsal	Run clean-room proof (identical invocation to the release lane's clean-room-proof-* jobs)	2026-09-18T16:05:24.3013647Z ^[[36;1m  ARGS+=("$REHEARSAL_ENGINE_PACKAGE" "$REHEARSAL_ENGINE_MODULE")^[[0m
Clean-room proof rehearsal	Run clean-room proof (identical invocation to the release lane's clean-room-proof-* jobs)	2026-09-18T16:05:24.3014055Z ^[[36;1mfi^[[0m
Clean-room proof rehearsal	Run clean-room proof (identical invocation to the release lane's clean-room-proof-* jobs)	2026-09-18T16:05:24.3014332Z ^[[36;1mbash script/verify_companion_cleanroom.sh "${ARGS[@]}"^[[0m
Clean-room proof rehearsal	Run clean-room proof (identical invocation to the release lane's clean-room-proof-* jobs)	2026-09-18T16:05:24.3052594Z shell: /usr/bin/bash -e {0}
Clean-room proof rehearsal	Run clean-room proof (identical invocation to the release lane's clean-room-proof-* jobs)	2026-09-18T16:05:24.3052869Z env:
Clean-room proof rehearsal	Run clean-room proof (identical invocation to the release lane's clean-room-proof-* jobs)	2026-09-18T16:05:24.3053146Z   INSTALL_DIR_FOR_OTP: /home/runner/work/_temp/.setup-beam/otp
Clean-room proof rehearsal	Run clean-room proof (identical invocation to the release lane's clean-room-proof-* jobs)	2026-09-18T16:05:24.3053598Z   INSTALL_DIR_FOR_ELIXIR: /home/runner/work/_temp/.setup-beam/elixir
Clean-room proof rehearsal	Run clean-room proof (identical invocation to the release lane's clean-room-proof-* jobs)	2026-09-18T16:05:24.3053999Z   REHEARSAL_PACKAGE: crosswake_rindle
Clean-room proof rehearsal	Run clean-room proof (identical invocation to the release lane's clean-room-proof-* jobs)	2026-09-18T16:05:24.3054291Z   REHEARSAL_VERSION: 0.1.0
Clean-room proof rehearsal	Run clean-room proof (identical invocation to the release lane's clean-room-proof-* jobs)	2026-09-18T16:05:24.3054584Z   REHEARSAL_ENGINE_PACKAGE: rindle
Clean-room proof rehearsal	Run clean-room proof (identical invocation to the release lane's clean-room-proof-* jobs)	2026-09-18T16:05:24.3054860Z   REHEARSAL_ENGINE_MODULE: Rindle
Clean-room proof rehearsal	Run clean-room proof (identical invocation to the release lane's clean-room-proof-* jobs)	2026-09-18T16:05:24.3055117Z ##[endgroup]
Clean-room proof rehearsal	Run clean-room proof (identical invocation to the release lane's clean-room-proof-* jobs)	2026-09-18T16:05:24.3878683Z [crosswake] OK: package=crosswake_rindle version=0.1.0 state=hex-metadata-found proof=continue
Clean-room proof rehearsal	Run clean-room proof (identical invocation to the release lane's clean-room-proof-* jobs)	2026-09-18T16:05:24.4112966Z [crosswake] OK: package=crosswake_rindle version=0.1.0 core_floor=~> 0.2 state=metadata-ready proof=continue
Clean-room proof rehearsal	Run clean-room proof (identical invocation to the release lane's clean-room-proof-* jobs)	2026-09-18T16:05:24.4114601Z [crosswake] verify_companion_cleanroom: package=crosswake_rindle version=0.1.0 profile=engine-present engine_package=rindle engine_module=Rindle core_floor=~> 0.2
Clean-room proof rehearsal	Run clean-room proof (identical invocation to the release lane's clean-room-proof-* jobs)	2026-09-18T16:05:24.4115515Z [crosswake] clean-room deps: crosswake ~> 0.2; crosswake_rindle == 0.1.0
Clean-room proof rehearsal	Run clean-room proof (identical invocation to the release lane's clean-room-proof-* jobs)	2026-09-18T16:05:24.4116221Z [crosswake] OK: Step 1: package=crosswake_rindle version=0.1.0 core_floor=~> 0.2 state=hex-release-authority
Clean-room proof rehearsal	Run clean-room proof (identical invocation to the release lane's clean-room-proof-* jobs)	2026-09-18T16:05:24.4117274Z [crosswake] source_mode=legacy-positional package=crosswake_rindle version=0.1.0 step=metadata
Clean-room proof rehearsal	Run clean-room proof (identical invocation to the release lane's clean-room-proof-* jobs)	2026-09-18T16:05:24.4136027Z [crosswake] Step 2: creating throwaway Phoenix host at /home/runner/work/_temp/crosswake-cleanroom-legacy.vjL2r6/clean_room_crosswake_rindle...
Clean-room proof rehearsal	Run clean-room proof (identical invocation to the release lane's clean-room-proof-* jobs)	2026-09-18T16:05:24.7991945Z * creating README.md
Clean-room proof rehearsal	Run clean-room proof (identical invocation to the release lane's clean-room-proof-* jobs)	2026-09-18T16:05:24.7995513Z * creating .formatter.exs
Clean-room proof rehearsal	Run clean-room proof (identical invocation to the release lane's clean-room-proof-* jobs)	2026-09-18T16:05:24.7997595Z * creating .gitignore
Clean-room proof rehearsal	Run clean-room proof (identical invocation to the release lane's clean-room-proof-* jobs)	2026-09-18T16:05:24.8001980Z * creating mix.exs
Clean-room proof rehearsal	Run clean-room proof (identical invocation to the release lane's clean-room-proof-* jobs)	2026-09-18T16:05:24.8003541Z * creating lib
Clean-room proof rehearsal	Run clean-room proof (identical invocation to the release lane's clean-room-proof-* jobs)	2026-09-18T16:05:24.8004533Z * creating lib/clean_room_crosswake_rindle.ex
Clean-room proof rehearsal	Run clean-room proof (identical invocation to the release lane's clean-room-proof-* jobs)	2026-09-18T16:05:24.8006746Z * creating lib/clean_room_crosswake_rindle/application.ex
Clean-room proof rehearsal	Run clean-room proof (identical invocation to the release lane's clean-room-proof-* jobs)	2026-09-18T16:05:24.8009643Z * creating test
Clean-room proof rehearsal	Run clean-room proof (identical invocation to the release lane's clean-room-proof-* jobs)	2026-09-18T16:05:24.8010497Z * creating test/test_helper.exs
Clean-room proof rehearsal	Run clean-room proof (identical invocation to the release lane's clean-room-proof-* jobs)	2026-09-18T16:05:24.8012585Z * creating test/clean_room_crosswake_rindle_test.exs
Clean-room proof rehearsal	Run clean-room proof (identical invocation to the release lane's clean-room-proof-* jobs)	2026-09-18T16:05:24.8022350Z 
Clean-room proof rehearsal	Run clean-room proof (identical invocation to the release lane's clean-room-proof-* jobs)	2026-09-18T16:05:24.8022833Z Your Mix project was created successfully.
Clean-room proof rehearsal	Run clean-room proof (identical invocation to the release lane's clean-room-proof-* jobs)	2026-09-18T16:05:24.8023667Z You can use "mix" to compile it, test it, and more:
Clean-room proof rehearsal	Run clean-room proof (identical invocation to the release lane's clean-room-proof-* jobs)	2026-09-18T16:05:24.8024364Z 
Clean-room proof rehearsal	Run clean-room proof (identical invocation to the release lane's clean-room-proof-* jobs)	2026-09-18T16:05:24.8024798Z     cd clean_room_crosswake_rindle
Clean-room proof rehearsal	Run clean-room proof (identical invocation to the release lane's clean-room-proof-* jobs)	2026-09-18T16:05:24.8025735Z     mix test
Clean-room proof rehearsal	Run clean-room proof (identical invocation to the release lane's clean-room-proof-* jobs)	2026-09-18T16:05:24.8026242Z 
Clean-room proof rehearsal	Run clean-room proof (identical invocation to the release lane's clean-room-proof-* jobs)	2026-09-18T16:05:24.8026706Z Run "mix help" for more commands.
Clean-room proof rehearsal	Run clean-room proof (identical invocation to the release lane's clean-room-proof-* jobs)	2026-09-18T16:05:24.8280359Z [crosswake] mix.exs deps patched (engine: trio — crosswake + crosswake_rindle + rindle)
Clean-room proof rehearsal	Run clean-room proof (identical invocation to the release lane's clean-room-proof-* jobs)	2026-09-18T16:05:24.8317429Z [crosswake] Step 2 OK: throwaway app created at /home/runner/work/_temp/crosswake-cleanroom-legacy.vjL2r6/clean_room_crosswake_rindle
Clean-room proof rehearsal	Run clean-room proof (identical invocation to the release lane's clean-room-proof-* jobs)	2026-09-18T16:05:24.8320036Z [crosswake] source_mode=legacy-positional package=crosswake_rindle version=0.1.0 step=generate
Clean-room proof rehearsal	Run clean-room proof (identical invocation to the release lane's clean-room-proof-* jobs)	2026-09-18T16:05:24.8320971Z [crosswake] Step 3: mix deps.get...
Clean-room proof rehearsal	Run clean-room proof (identical invocation to the release lane's clean-room-proof-* jobs)	2026-09-18T16:05:25.5708281Z Resolving Hex dependencies...
Clean-room proof rehearsal	Run clean-room proof (identical invocation to the release lane's clean-room-proof-* jobs)	2026-09-18T16:05:26.6388177Z Resolution completed in 1.066s
Clean-room proof rehearsal	Run clean-room proof (identical invocation to the release lane's clean-room-proof-* jobs)	2026-09-18T16:05:26.6598204Z New:
Clean-room proof rehearsal	Run clean-room proof (identical invocation to the release lane's clean-room-proof-* jobs)	2026-09-18T16:05:26.6599554Z   cc_precompiler 0.1.11
Clean-room proof rehearsal	Run clean-room proof (identical invocation to the release lane's clean-room-proof-* jobs)	2026-09-18T16:05:26.6610971Z   color 0.13.0
Clean-room proof rehearsal	Run clean-room proof (identical invocation to the release lane's clean-room-proof-* jobs)	2026-09-18T16:05:26.6611938Z   crosswake 0.2.1
Clean-room proof rehearsal	Run clean-room proof (identical invocation to the release lane's clean-room-proof-* jobs)	2026-09-18T16:05:26.6612555Z   crosswake_rindle 0.1.0
Clean-room proof rehearsal	Run clean-room proof (identical invocation to the release lane's clean-room-proof-* jobs)	2026-09-18T16:05:26.6613416Z   db_connection 2.10.2
Clean-room proof rehearsal	Run clean-room proof (identical invocation to the release lane's clean-room-proof-* jobs)	2026-09-18T16:05:26.6613997Z   decimal 3.1.1
Clean-room proof rehearsal	Run clean-room proof (identical invocation to the release lane's clean-room-proof-* jobs)	2026-09-18T16:05:26.6614500Z   ecto 3.14.2
Clean-room proof rehearsal	Run clean-room proof (identical invocation to the release lane's clean-room-proof-* jobs)	2026-09-18T16:05:26.6615141Z   ecto_sql 3.14.0
Clean-room proof rehearsal	Run clean-room proof (identical invocation to the release lane's clean-room-proof-* jobs)	2026-09-18T16:05:26.6615593Z   elixir_make 0.10.0
Clean-room proof rehearsal	Run clean-room proof (identical invocation to the release lane's clean-room-proof-* jobs)	2026-09-18T16:05:26.6616024Z   ex_aws 2.7.0
Clean-room proof rehearsal	Run clean-room proof (identical invocation to the release lane's clean-room-proof-* jobs)	2026-09-18T16:05:26.6616444Z   ex_aws_s3 2.5.9
Clean-room proof rehearsal	Run clean-room proof (identical invocation to the release lane's clean-room-proof-* jobs)	2026-09-18T16:05:26.6617462Z   ex_marcel 0.2.0
Clean-room proof rehearsal	Run clean-room proof (identical invocation to the release lane's clean-room-proof-* jobs)	2026-09-18T16:05:26.6617852Z   image 0.72.0
Clean-room proof rehearsal	Run clean-room proof (identical invocation to the release lane's clean-room-proof-* jobs)	2026-09-18T16:05:26.6618211Z   jason 1.4.5
Clean-room proof rehearsal	Run clean-room proof (identical invocation to the release lane's clean-room-proof-* jobs)	2026-09-18T16:05:26.6618565Z   mime 2.0.7
Clean-room proof rehearsal	Run clean-room proof (identical invocation to the release lane's clean-room-proof-* jobs)	2026-09-18T16:05:26.6619281Z   muontrap 1.8.0
Clean-room proof rehearsal	Run clean-room proof (identical invocation to the release lane's clean-room-proof-* jobs)	2026-09-18T16:05:26.6619653Z   nimble_options 1.1.1
Clean-room proof rehearsal	Run clean-room proof (identical invocation to the release lane's clean-room-proof-* jobs)	2026-09-18T16:05:26.6620033Z   oban 2.24.1
Clean-room proof rehearsal	Run clean-room proof (identical invocation to the release lane's clean-room-proof-* jobs)	2026-09-18T16:05:26.6620386Z   phoenix 1.8.14
Clean-room proof rehearsal	Run clean-room proof (identical invocation to the release lane's clean-room-proof-* jobs)	2026-09-18T16:05:26.6620766Z   phoenix_html 4.3.0
Clean-room proof rehearsal	Run clean-room proof (identical invocation to the release lane's clean-room-proof-* jobs)	2026-09-18T16:05:26.6621176Z   phoenix_live_view 1.2.12
Clean-room proof rehearsal	Run clean-room proof (identical invocation to the release lane's clean-room-proof-* jobs)	2026-09-18T16:05:26.6621592Z   phoenix_pubsub 2.3.0
Clean-room proof rehearsal	Run clean-room proof (identical invocation to the release lane's clean-room-proof-* jobs)	2026-09-18T16:05:26.6621993Z   phoenix_template 1.0.4
Clean-room proof rehearsal	Run clean-room proof (identical invocation to the release lane's clean-room-proof-* jobs)	2026-09-18T16:05:26.6622396Z   plug 1.20.3
Clean-room proof rehearsal	Run clean-room proof (identical invocation to the release lane's clean-room-proof-* jobs)	2026-09-18T16:05:26.6622738Z   plug_crypto 2.2.0
Clean-room proof rehearsal	Run clean-room proof (identical invocation to the release lane's clean-room-proof-* jobs)	2026-09-18T16:05:26.6623110Z   postgrex 0.22.4
Clean-room proof rehearsal	Run clean-room proof (identical invocation to the release lane's clean-room-proof-* jobs)	2026-09-18T16:05:26.6623469Z   rindle 0.4.6
Clean-room proof rehearsal	Run clean-room proof (identical invocation to the release lane's clean-room-proof-* jobs)	2026-09-18T16:05:26.6623817Z   sweet_xml 0.7.5
Clean-room proof rehearsal	Run clean-room proof (identical invocation to the release lane's clean-room-proof-* jobs)	2026-09-18T16:05:26.6624169Z   telemetry 1.4.2
Clean-room proof rehearsal	Run clean-room proof (identical invocation to the release lane's clean-room-proof-* jobs)	2026-09-18T16:05:26.6624515Z   vix 0.41.0
Clean-room proof rehearsal	Run clean-room proof (identical invocation to the release lane's clean-room-proof-* jobs)	2026-09-18T16:05:26.6624847Z   websock 0.5.3
Clean-room proof rehearsal	Run clean-room proof (identical invocation to the release lane's clean-room-proof-* jobs)	2026-09-18T16:05:26.6625202Z   websock_adapter 0.6.0
Clean-room proof rehearsal	Run clean-room proof (identical invocation to the release lane's clean-room-proof-* jobs)	2026-09-18T16:05:26.6698074Z * Getting phoenix (Hex package)
Clean-room proof rehearsal	Run clean-room proof (identical invocation to the release lane's clean-room-proof-* jobs)	2026-09-18T16:05:26.8005125Z * Getting phoenix_live_view (Hex package)
Clean-room proof rehearsal	Run clean-room proof (identical invocation to the release lane's clean-room-proof-* jobs)	2026-09-18T16:05:26.8640326Z * Getting crosswake (Hex package)
Clean-room proof rehearsal	Run clean-room proof (identical invocation to the release lane's clean-room-proof-* jobs)	2026-09-18T16:05:26.9400328Z * Getting crosswake_rindle (Hex package)
Clean-room proof rehearsal	Run clean-room proof (identical invocation to the release lane's clean-room-proof-* jobs)	2026-09-18T16:05:26.9448295Z * Getting rindle (Hex package)
Clean-room proof rehearsal	Run clean-room proof (identical invocation to the release lane's clean-room-proof-* jobs)	2026-09-18T16:05:27.0059726Z * Getting ecto_sql (Hex package)
Clean-room proof rehearsal	Run clean-room proof (identical invocation to the release lane's clean-room-proof-* jobs)	2026-09-18T16:05:27.0259221Z * Getting ex_aws (Hex package)
Clean-room proof rehearsal	Run clean-room proof (identical invocation to the release lane's clean-room-proof-* jobs)	2026-09-18T16:05:27.0423872Z * Getting ex_aws_s3 (Hex package)
Clean-room proof rehearsal	Run clean-room proof (identical invocation to the release lane's clean-room-proof-* jobs)	2026-09-18T16:05:27.0489298Z * Getting ex_marcel (Hex package)
Clean-room proof rehearsal	Run clean-room proof (identical invocation to the release lane's clean-room-proof-* jobs)	2026-09-18T16:05:27.0573567Z * Getting image (Hex package)
Clean-room proof rehearsal	Run clean-room proof (identical invocation to the release lane's clean-room-proof-* jobs)	2026-09-18T16:05:27.0895168Z * Getting jason (Hex package)
Clean-room proof rehearsal	Run clean-room proof (identical invocation to the release lane's clean-room-proof-* jobs)	2026-09-18T16:05:27.0951646Z * Getting muontrap (Hex package)
Clean-room proof rehearsal	Run clean-room proof (identical invocation to the release lane's clean-room-proof-* jobs)	2026-09-18T16:05:27.1012481Z * Getting nimble_options (Hex package)
Clean-room proof rehearsal	Run clean-room proof (identical invocation to the release lane's clean-room-proof-* jobs)	2026-09-18T16:05:27.1050934Z * Getting oban (Hex package)
Clean-room proof rehearsal	Run clean-room proof (identical invocation to the release lane's clean-room-proof-* jobs)	2026-09-18T16:05:27.1268810Z * Getting plug (Hex package)
Clean-room proof rehearsal	Run clean-room proof (identical invocation to the release lane's clean-room-proof-* jobs)	2026-09-18T16:05:27.1438859Z * Getting postgrex (Hex package)
Clean-room proof rehearsal	Run clean-room proof (identical invocation to the release lane's clean-room-proof-* jobs)	2026-09-18T16:05:27.1664258Z * Getting telemetry (Hex package)
Clean-room proof rehearsal	Run clean-room proof (identical invocation to the release lane's clean-room-proof-* jobs)	2026-09-18T16:05:27.1738893Z * Getting db_connection (Hex package)
Clean-room proof rehearsal	Run clean-room proof (identical invocation to the release lane's clean-room-proof-* jobs)	2026-09-18T16:05:27.1813057Z * Getting decimal (Hex package)
Clean-room proof rehearsal	Run clean-room proof (identical invocation to the release lane's clean-room-proof-* jobs)	2026-09-18T16:05:27.1860247Z * Getting mime (Hex package)
Clean-room proof rehearsal	Run clean-room proof (identical invocation to the release lane's clean-room-proof-* jobs)	2026-09-18T16:05:27.1895465Z * Getting plug_crypto (Hex package)
Clean-room proof rehearsal	Run clean-room proof (identical invocation to the release lane's clean-room-proof-* jobs)	2026-09-18T16:05:27.1941330Z * Getting elixir_make (Hex package)
Clean-room proof rehearsal	Run clean-room proof (identical invocation to the release lane's clean-room-proof-* jobs)	2026-09-18T16:05:27.1996680Z * Getting color (Hex package)
Clean-room proof rehearsal	Run clean-room proof (identical invocation to the release lane's clean-room-proof-* jobs)	2026-09-18T16:05:27.2308384Z * Getting phoenix_html (Hex package)
Clean-room proof rehearsal	Run clean-room proof (identical invocation to the release lane's clean-room-proof-* jobs)	2026-09-18T16:05:27.2362361Z * Getting sweet_xml (Hex package)
Clean-room proof rehearsal	Run clean-room proof (identical invocation to the release lane's clean-room-proof-* jobs)	2026-09-18T16:05:27.2401524Z * Getting vix (Hex package)
Clean-room proof rehearsal	Run clean-room proof (identical invocation to the release lane's clean-room-proof-* jobs)	2026-09-18T16:05:27.2580628Z * Getting cc_precompiler (Hex package)
Clean-room proof rehearsal	Run clean-room proof (identical invocation to the release lane's clean-room-proof-* jobs)	2026-09-18T16:05:27.2627891Z * Getting ecto (Hex package)
Clean-room proof rehearsal	Run clean-room proof (identical invocation to the release lane's clean-room-proof-* jobs)	2026-09-18T16:05:27.2947226Z * Getting phoenix_template (Hex package)
Clean-room proof rehearsal	Run clean-room proof (identical invocation to the release lane's clean-room-proof-* jobs)	2026-09-18T16:05:27.2971317Z * Getting phoenix_pubsub (Hex package)
Clean-room proof rehearsal	Run clean-room proof (identical invocation to the release lane's clean-room-proof-* jobs)	2026-09-18T16:05:27.3042619Z * Getting websock_adapter (Hex package)
Clean-room proof rehearsal	Run clean-room proof (identical invocation to the release lane's clean-room-proof-* jobs)	2026-09-18T16:05:27.3090319Z * Getting websock (Hex package)
Clean-room proof rehearsal	Run clean-room proof (identical invocation to the release lane's clean-room-proof-* jobs)	2026-09-18T16:05:27.8544421Z     warning: found quoted keyword "cc_precompiler" but the quotes are not required. Note that keywords are always atoms, even when quoted. Similar to atoms, keywords made exclusively of ASCII letters, numbers, and underscores and not beginning with a number do not require quotes
Clean-room proof rehearsal	Run clean-room proof (identical invocation to the release lane's clean-room-proof-* jobs)	2026-09-18T16:05:27.8548272Z     │
Clean-room proof rehearsal	Run clean-room proof (identical invocation to the release lane's clean-room-proof-* jobs)	2026-09-18T16:05:27.8551586Z   2 │   "cc_precompiler": {:hex, :cc_precompiler, "0.1.11", "8c844d0b9fb98a3edea067f94f616b3f6b29b959b6b3bf25fee94ffe34364768", [:mix], [{:elixir_make, "~> 0.7", [hex: :elixir_make, repo: "hexpm", optional: false]}], "hexpm", "3427232caf0835f94680e5bcf082408a70b48ad68a5f5c0b02a3bea9f3a075b9"},
Clean-room proof rehearsal	Run clean-room proof (identical invocation to the release lane's clean-room-proof-* jobs)	2026-09-18T16:05:27.8554149Z     │   ~
Clean-room proof rehearsal	Run clean-room proof (identical invocation to the release lane's clean-room-proof-* jobs)	2026-09-18T16:05:27.8554971Z     │
Clean-room proof rehearsal	Run clean-room proof (identical invocation to the release lane's clean-room-proof-* jobs)	2026-09-18T16:05:27.8568881Z     └─ mix.lock:2:3
Clean-room proof rehearsal	Run clean-room proof (identical invocation to the release lane's clean-room-proof-* jobs)	2026-09-18T16:05:27.8569425Z 
Clean-room proof rehearsal	Run clean-room proof (identical invocation to the release lane's clean-room-proof-* jobs)	2026-09-18T16:05:27.8571051Z     warning: found quoted keyword "color" but the quotes are not required. Note that keywords are always atoms, even when quoted. Similar to atoms, keywords made exclusively of ASCII letters, numbers, and underscores and not beginning with a number do not require quotes
Clean-room proof rehearsal	Run clean-room proof (identical invocation to the release lane's clean-room-proof-* jobs)	2026-09-18T16:05:27.8572985Z     │
Clean-room proof rehearsal	Run clean-room proof (identical invocation to the release lane's clean-room-proof-* jobs)	2026-09-18T16:05:27.8575312Z   3 │   "color": {:hex, :color, "0.13.0", "068110e5397ac5d3c9f97658282e0f4ab9a32468be6d7a2a91a8804e67b228d7", [:mix], [{:bandit, "~> 1.5", [hex: :bandit, repo: "hexpm", optional: true]}, {:plug, "~> 1.15", [hex: :plug, repo: "hexpm", optional: true]}], "hexpm", "de127946869931d418bac2d82dc29feae1a8f5f729f135922fbccf0059a58ab2"},
Clean-room proof rehearsal	Run clean-room proof (identical invocation to the release lane's clean-room-proof-* jobs)	2026-09-18T16:05:27.8577593Z     │   ~
Clean-room proof rehearsal	Run clean-room proof (identical invocation to the release lane's clean-room-proof-* jobs)	2026-09-18T16:05:27.8577814Z     │
Clean-room proof rehearsal	Run clean-room proof (identical invocation to the release lane's clean-room-proof-* jobs)	2026-09-18T16:05:27.8578046Z     └─ mix.lock:3:3
Clean-room proof rehearsal	Run clean-room proof (identical invocation to the release lane's clean-room-proof-* jobs)	2026-09-18T16:05:27.8578190Z 
Clean-room proof rehearsal	Run clean-room proof (identical invocation to the release lane's clean-room-proof-* jobs)	2026-09-18T16:05:27.8579074Z     warning: found quoted keyword "crosswake" but the quotes are not required. Note that keywords are always atoms, even when quoted. Similar to atoms, keywords made exclusively of ASCII letters, numbers, and underscores and not beginning with a number do not require quotes
Clean-room proof rehearsal	Run clean-room proof (identical invocation to the release lane's clean-room-proof-* jobs)	2026-09-18T16:05:27.8580138Z     │
Clean-room proof rehearsal	Run clean-room proof (identical invocation to the release lane's clean-room-proof-* jobs)	2026-09-18T16:05:27.8582356Z   4 │   "crosswake": {:hex, :crosswake, "0.2.1", "3a7d2461adf4f287f5a9d75df9cdbcdddddd7259159405eb369ad453d25c2f8b", [:mix], [{:jason, "~> 1.4", [hex: :jason, repo: "hexpm", optional: false]}, {:nimble_options, "~> 1.1", [hex: :nimble_options, repo: "hexpm", optional: false]}, {:phoenix, "~> 1.8", [hex: :phoenix, repo: "hexpm", optional: false]}, {:phoenix_live_view, "~> 1.1", [hex: :phoenix_live_view, repo: "hexpm", optional: false]}, {:telemetry, "~> 1.0", [hex: :telemetry, repo: "hexpm", optional: false]}], "hexpm", "ffa220c26980696849497479fa23d47eae44796cfc06f2775999ffca0ed7fc90"},
Clean-room proof rehearsal	Run clean-room proof (identical invocation to the release lane's clean-room-proof-* jobs)	2026-09-18T16:05:27.8584299Z     │   ~
Clean-room proof rehearsal	Run clean-room proof (identical invocation to the release lane's clean-room-proof-* jobs)	2026-09-18T16:05:27.8584503Z     │
Clean-room proof rehearsal	Run clean-room proof (identical invocation to the release lane's clean-room-proof-* jobs)	2026-09-18T16:05:27.8584733Z     └─ mix.lock:4:3
Clean-room proof rehearsal	Run clean-room proof (identical invocation to the release lane's clean-room-proof-* jobs)	2026-09-18T16:05:27.8584863Z 
Clean-room proof rehearsal	Run clean-room proof (identical invocation to the release lane's clean-room-proof-* jobs)	2026-09-18T16:05:27.8585767Z     warning: found quoted keyword "crosswake_rindle" but the quotes are not required. Note that keywords are always atoms, even when quoted. Similar to atoms, keywords made exclusively of ASCII letters, numbers, and underscores and not beginning with a number do not require quotes
Clean-room proof rehearsal	Run clean-room proof (identical invocation to the release lane's clean-room-proof-* jobs)	2026-09-18T16:05:27.8586996Z     │
Clean-room proof rehearsal	Run clean-room proof (identical invocation to the release lane's clean-room-proof-* jobs)	2026-09-18T16:05:27.8589438Z   5 │   "crosswake_rindle": {:hex, :crosswake_rindle, "0.1.0", "c8a6004ca92963bf5f6b190a2b650c62c369b0c0af859ebc80ff488a3f395457", [:mix], [{:crosswake, "~> 0.2", [hex: :crosswake, repo: "hexpm", optional: false]}, {:rindle, "~> 0.1", [hex: :rindle, repo: "hexpm", optional: true]}], "hexpm", "0ec868b8a7fa46d39be793dfa7554064cb7f8aee77e9479e07895ddec9e4ecbd"},
Clean-room proof rehearsal	Run clean-room proof (identical invocation to the release lane's clean-room-proof-* jobs)	2026-09-18T16:05:27.8591579Z     │   ~
Clean-room proof rehearsal	Run clean-room proof (identical invocation to the release lane's clean-room-proof-* jobs)	2026-09-18T16:05:27.8592259Z     │
Clean-room proof rehearsal	Run clean-room proof (identical invocation to the release lane's clean-room-proof-* jobs)	2026-09-18T16:05:27.8592648Z     └─ mix.lock:5:3
Clean-room proof rehearsal	Run clean-room proof (identical invocation to the release lane's clean-room-proof-* jobs)	2026-09-18T16:05:27.8592867Z 
Clean-room proof rehearsal	Run clean-room proof (identical invocation to the release lane's clean-room-proof-* jobs)	2026-09-18T16:05:27.8594363Z     warning: found quoted keyword "db_connection" but the quotes are not required. Note that keywords are always atoms, even when quoted. Similar to atoms, keywords made exclusively of ASCII letters, numbers, and underscores and not beginning with a number do not require quotes
Clean-room proof rehearsal	Run clean-room proof (identical invocation to the release lane's clean-room-proof-* jobs)	2026-09-18T16:05:27.8596162Z     │
Clean-room proof rehearsal	Run clean-room proof (identical invocation to the release lane's clean-room-proof-* jobs)	2026-09-18T16:05:27.8598499Z   6 │   "db_connection": {:hex, :db_connection, "2.10.2", "ae391e803a5adff104da913c2fc1c0c14a37f8b10001dcef568796e1fb7bf95c", [:mix], [{:telemetry, "~> 0.4 or ~> 1.0", [hex: :telemetry, repo: "hexpm", optional: false]}], "hexpm", "510b14482330f1af6490a2fa0efd8d4f1435d1529b165647df22ac0f2df0fa93"},
Clean-room proof rehearsal	Run clean-room proof (identical invocation to the release lane's clean-room-proof-* jobs)	2026-09-18T16:05:27.8600633Z     │   ~
Clean-room proof rehearsal	Run clean-room proof (identical invocation to the release lane's clean-room-proof-* jobs)	2026-09-18T16:05:27.8600960Z     │
Clean-room proof rehearsal	Run clean-room proof (identical invocation to the release lane's clean-room-proof-* jobs)	2026-09-18T16:05:27.8601330Z     └─ mix.lock:6:3
Clean-room proof rehearsal	Run clean-room proof (identical invocation to the release lane's clean-room-proof-* jobs)	2026-09-18T16:05:27.8601546Z 
Clean-room proof rehearsal	Run clean-room proof (identical invocation to the release lane's clean-room-proof-* jobs)	2026-09-18T16:05:27.8602993Z     warning: found quoted keyword "decimal" but the quotes are not required. Note that keywords are always atoms, even when quoted. Similar to atoms, keywords made exclusively of ASCII letters, numbers, and underscores and not beginning with a number do not require quotes
Clean-room proof rehearsal	Run clean-room proof (identical invocation to the release lane's clean-room-proof-* jobs)	2026-09-18T16:05:27.8604756Z     │
Clean-room proof rehearsal	Run clean-room proof (identical invocation to the release lane's clean-room-proof-* jobs)	2026-09-18T16:05:27.8606252Z   7 │   "decimal": {:hex, :decimal, "3.1.1", "430d87b04011ce6cbd4fd205be758311a81f87d552d40904abd00f015935b1d0", [:mix], [], "hexpm", "c5f25f2ced74a0587d03e6023f595db8e924c9d3922c8c8ffd9edfc4498cf1f6"},
Clean-room proof rehearsal	Run clean-room proof (identical invocation to the release lane's clean-room-proof-* jobs)	2026-09-18T16:05:27.8607850Z     │   ~
Clean-room proof rehearsal	Run clean-room proof (identical invocation to the release lane's clean-room-proof-* jobs)	2026-09-18T16:05:27.8608174Z     │
Clean-room proof rehearsal	Run clean-room proof (identical invocation to the release lane's clean-room-proof-* jobs)	2026-09-18T16:05:27.8608536Z     └─ mix.lock:7:3
Clean-room proof rehearsal	Run clean-room proof (identical invocation to the release lane's clean-room-proof-* jobs)	2026-09-18T16:05:27.8608748Z 
Clean-room proof rehearsal	Run clean-room proof (identical invocation to the release lane's clean-room-proof-* jobs)	2026-09-18T16:05:27.8610166Z     warning: found quoted keyword "ecto" but the quotes are not required. Note that keywords are always atoms, even when quoted. Similar to atoms, keywords made exclusively of ASCII letters, numbers, and underscores and not beginning with a number do not require quotes
Clean-room proof rehearsal	Run clean-room proof (identical invocation to the release lane's clean-room-proof-* jobs)	2026-09-18T16:05:27.8611898Z     │
Clean-room proof rehearsal	Run clean-room proof (identical invocation to the release lane's clean-room-proof-* jobs)	2026-09-18T16:05:27.8614613Z   8 │   "ecto": {:hex, :ecto, "3.14.2", "99db28a864293a789c970651de711e3cae184291e0e7ea1166c54055ac41c1f3", [:mix], [{:decimal, "~> 3.0", [hex: :decimal, repo: "hexpm", optional: false]}, {:jason, "~> 1.0", [hex: :jason, repo: "hexpm", optional: true]}, {:telemetry, "~> 0.4 or ~> 1.0", [hex: :telemetry, repo: "hexpm", optional: false]}], "hexpm", "25d60b8c816a07d19d85b80bdf60978bd8b102209dda198d768cd7c6745339a6"},
Clean-room proof rehearsal	Run clean-room proof (identical invocation to the release lane's clean-room-proof-* jobs)	2026-09-18T16:05:27.8617168Z     │   ~
Clean-room proof rehearsal	Run clean-room proof (identical invocation to the release lane's clean-room-proof-* jobs)	2026-09-18T16:05:27.8617508Z     │
Clean-room proof rehearsal	Run clean-room proof (identical invocation to the release lane's clean-room-proof-* jobs)	2026-09-18T16:05:27.8617883Z     └─ mix.lock:8:3
Clean-room proof rehearsal	Run clean-room proof (identical invocation to the release lane's clean-room-proof-* jobs)	2026-09-18T16:05:27.8618101Z 
Clean-room proof rehearsal	Run clean-room proof (identical invocation to the release lane's clean-room-proof-* jobs)	2026-09-18T16:05:27.8619539Z     warning: found quoted keyword "ecto_sql" but the quotes are not required. Note that keywords are always atoms, even when quoted. Similar to atoms, keywords made exclusively of ASCII letters, numbers, and underscores and not beginning with a number do not require quotes
Clean-room proof rehearsal	Run clean-room proof (identical invocation to the release lane's clean-room-proof-* jobs)	2026-09-18T16:05:27.8621300Z     │
Clean-room proof rehearsal	Run clean-room proof (identical invocation to the release lane's clean-room-proof-* jobs)	2026-09-18T16:05:27.8625767Z   9 │   "ecto_sql": {:hex, :ecto_sql, "3.14.0", "06446ab8410d2f85bfbb80857ee224ab3b693700cbb38f6535d507449a627b2e", [:mix], [{:db_connection, "~> 2.9", [hex: :db_connection, repo: "hexpm", optional: false]}, {:decimal, "~> 3.0", [hex: :decimal, repo: "hexpm", optional: false]}, {:ecto, "~> 3.14.0", [hex: :ecto, repo: "hexpm", optional: false]}, {:myxql, "~> 0.8", [hex: :myxql, repo: "hexpm", optional: true]}, {:postgrex, "~> 0.19 or ~> 1.0", [hex: :postgrex, repo: "hexpm", optional: true]}, {:tds, "~> 2.1.1 or ~> 2.2", [hex: :tds, repo: "hexpm", optional: true]}, {:telemetry, "~> 0.4.0 or ~> 1.0", [hex: :telemetry, repo: "hexpm", optional: false]}], "hexpm", "f4d8d36faf294c9417b5a37ec7ac8217ee2abdef5fcf197ba690f361548d3949"},
Clean-room proof rehearsal	Run clean-room proof (identical invocation to the release lane's clean-room-proof-* jobs)	2026-09-18T16:05:27.8629773Z     │   ~
Clean-room proof rehearsal	Run clean-room proof (identical invocation to the release lane's clean-room-proof-* jobs)	2026-09-18T16:05:27.8630108Z     │
Clean-room proof rehearsal	Run clean-room proof (identical invocation to the release lane's clean-room-proof-* jobs)	2026-09-18T16:05:27.8630476Z     └─ mix.lock:9:3
Clean-room proof rehearsal	Run clean-room proof (identical invocation to the release lane's clean-room-proof-* jobs)	2026-09-18T16:05:27.8630703Z 
Clean-room proof rehearsal	Run clean-room proof (identical invocation to the release lane's clean-room-proof-* jobs)	2026-09-18T16:05:27.8632172Z     warning: found quoted keyword "elixir_make" but the quotes are not required. Note that keywords are always atoms, even when quoted. Similar to atoms, keywords made exclusively of ASCII letters, numbers, and underscores and not beginning with a number do not require quotes
Clean-room proof rehearsal	Run clean-room proof (identical invocation to the release lane's clean-room-proof-* jobs)	2026-09-18T16:05:27.8634150Z     │
Clean-room proof rehearsal	Run clean-room proof (identical invocation to the release lane's clean-room-proof-* jobs)	2026-09-18T16:05:27.8635717Z  10 │   "elixir_make": {:hex, :elixir_make, "0.10.0", "16577e2583a79bb79237bbff349619ef5d80afffc07eac6e4faf0d00e2ddaf7d", [:mix], [], "hexpm", "dc1f09fb7fa68866b886abd5f0f3c83553b1a19a52359a899e92af1bb3b31982"},
Clean-room proof rehearsal	Run clean-room proof (identical invocation to the release lane's clean-room-proof-* jobs)	2026-09-18T16:05:27.8637449Z     │   ~
Clean-room proof rehearsal	Run clean-room proof (identical invocation to the release lane's clean-room-proof-* jobs)	2026-09-18T16:05:27.8637784Z     │
Clean-room proof rehearsal	Run clean-room proof (identical invocation to the release lane's clean-room-proof-* jobs)	2026-09-18T16:05:27.8638159Z     └─ mix.lock:10:3
Clean-room proof rehearsal	Run clean-room proof (identical invocation to the release lane's clean-room-proof-* jobs)	2026-09-18T16:05:27.8638378Z 
Clean-room proof rehearsal	Run clean-room proof (identical invocation to the release lane's clean-room-proof-* jobs)	2026-09-18T16:05:27.8639821Z     warning: found quoted keyword "ex_aws" but the quotes are not required. Note that keywords are always atoms, even when quoted. Similar to atoms, keywords made exclusively of ASCII letters, numbers, and underscores and not beginning with a number do not require quotes
Clean-room proof rehearsal	Run clean-room proof (identical invocation to the release lane's clean-room-proof-* jobs)	2026-09-18T16:05:27.8641771Z     │
Clean-room proof rehearsal	Run clean-room proof (identical invocation to the release lane's clean-room-proof-* jobs)	2026-09-18T16:05:27.8646649Z  11 │   "ex_aws": {:hex, :ex_aws, "2.7.0", "e6bfd4b5fb8c791aa6c7d57fc7c45f050bb89de9576f1f6104aa974b234c01ec", [:mix], [{:configparser_ex, "~> 5.0", [hex: :configparser_ex, repo: "hexpm", optional: true]}, {:hackney, "~> 4.0", [hex: :hackney, repo: "hexpm", optional: true]}, {:jason, "~> 1.1", [hex: :jason, repo: "hexpm", optional: true]}, {:jsx, "~> 2.8 or ~> 3.0", [hex: :jsx, repo: "hexpm", optional: true]}, {:mime, "~> 1.2 or ~> 2.0", [hex: :mime, repo: "hexpm", optional: false]}, {:req, "~> 0.5.10 or ~> 0.6 or ~> 1.0", [hex: :req, repo: "hexpm", optional: true]}, {:sweet_xml, "~> 0.7", [hex: :sweet_xml, repo: "hexpm", optional: true]}, {:telemetry, "~> 0.4.3 or ~> 1.0", [hex: :telemetry, repo: "hexpm", optional: false]}], "hexpm", "bfe9d744d4fd4c1f40314ee7fab504d5547d1f01cd377fff1568cbe630b06d65"},
Clean-room proof rehearsal	Run clean-room proof (identical invocation to the release lane's clean-room-proof-* jobs)	2026-09-18T16:05:27.8650998Z     │   ~
Clean-room proof rehearsal	Run clean-room proof (identical invocation to the release lane's clean-room-proof-* jobs)	2026-09-18T16:05:27.8651326Z     │
Clean-room proof rehearsal	Run clean-room proof (identical invocation to the release lane's clean-room-proof-* jobs)	2026-09-18T16:05:27.8651706Z     └─ mix.lock:11:3
Clean-room proof rehearsal	Run clean-room proof (identical invocation to the release lane's clean-room-proof-* jobs)	2026-09-18T16:05:27.8651943Z 
Clean-room proof rehearsal	Run clean-room proof (identical invocation to the release lane's clean-room-proof-* jobs)	2026-09-18T16:05:27.8653378Z     warning: found quoted keyword "ex_aws_s3" but the quotes are not required. Note that keywords are always atoms, even when quoted. Similar to atoms, keywords made exclusively of ASCII letters, numbers, and underscores and not beginning with a number do not require quotes
Clean-room proof rehearsal	Run clean-room proof (identical invocation to the release lane's clean-room-proof-* jobs)	2026-09-18T16:05:27.8655126Z     │
Clean-room proof rehearsal	Run clean-room proof (identical invocation to the release lane's clean-room-proof-* jobs)	2026-09-18T16:05:27.8657561Z  12 │   "ex_aws_s3": {:hex, :ex_aws_s3, "2.5.9", "862b7792f2e60d7010e2920d79964e3fab289bc0fd951b0ba8457a3f7f9d1199", [:mix], [{:ex_aws, "~> 2.0", [hex: :ex_aws, repo: "hexpm", optional: false]}, {:sweet_xml, ">= 0.0.0", [hex: :sweet_xml, repo: "hexpm", optional: true]}], "hexpm", "a480d2bb2da64610014021629800e1e9457ca5e4a62f6775bffd963360c2bf90"},
Clean-room proof rehearsal	Run clean-room proof (identical invocation to the release lane's clean-room-proof-* jobs)	2026-09-18T16:05:27.8659585Z     │   ~
Clean-room proof rehearsal	Run clean-room proof (identical invocation to the release lane's clean-room-proof-* jobs)	2026-09-18T16:05:27.8659907Z     │
Clean-room proof rehearsal	Run clean-room proof (identical invocation to the release lane's clean-room-proof-* jobs)	2026-09-18T16:05:27.8660299Z     └─ mix.lock:12:3
Clean-room proof rehearsal	Run clean-room proof (identical invocation to the release lane's clean-room-proof-* jobs)	2026-09-18T16:05:27.8660600Z 
Clean-room proof rehearsal	Run clean-room proof (identical invocation to the release lane's clean-room-proof-* jobs)	2026-09-18T16:05:27.8662067Z     warning: found quoted keyword "ex_marcel" but the quotes are not required. Note that keywords are always atoms, even when quoted. Similar to atoms, keywords made exclusively of ASCII letters, numbers, and underscores and not beginning with a number do not require quotes
Clean-room proof rehearsal	Run clean-room proof (identical invocation to the release lane's clean-room-proof-* jobs)	2026-09-18T16:05:27.8663830Z     │
Clean-room proof rehearsal	Run clean-room proof (identical invocation to the release lane's clean-room-proof-* jobs)	2026-09-18T16:05:27.8665339Z  13 │   "ex_marcel": {:hex, :ex_marcel, "0.2.0", "0aae641f4144ff9d3c37f36dc62e1ee94c4a4e8d34683be8321f9c2c7e459ada", [:mix], [], "hexpm", "fecf90bfe1cb4097d58ac7d444249afc9e8a314413f82cfb29a8a758ec65fcd5"},
Clean-room proof rehearsal	Run clean-room proof (identical invocation to the release lane's clean-room-proof-* jobs)	2026-09-18T16:05:27.8666960Z     │   ~
Clean-room proof rehearsal	Run clean-room proof (identical invocation to the release lane's clean-room-proof-* jobs)	2026-09-18T16:05:27.8667302Z     │
Clean-room proof rehearsal	Run clean-room proof (identical invocation to the release lane's clean-room-proof-* jobs)	2026-09-18T16:05:27.8667685Z     └─ mix.lock:13:3
Clean-room proof rehearsal	Run clean-room proof (identical invocation to the release lane's clean-room-proof-* jobs)	2026-09-18T16:05:27.8667920Z 
Clean-room proof rehearsal	Run clean-room proof (identical invocation to the release lane's clean-room-proof-* jobs)	2026-09-18T16:05:27.8669365Z     warning: found quoted keyword "image" but the quotes are not required. Note that keywords are always atoms, even when quoted. Similar to atoms, keywords made exclusively of ASCII letters, numbers, and underscores and not beginning with a number do not require quotes
Clean-room proof rehearsal	Run clean-room proof (identical invocation to the release lane's clean-room-proof-* jobs)	2026-09-18T16:05:27.8671090Z     │
Clean-room proof rehearsal	Run clean-room proof (identical invocation to the release lane's clean-room-proof-* jobs)	2026-09-18T16:05:27.8678115Z  14 │   "image": {:hex, :image, "0.72.0", "d7ceb8d67fddb396b1d0262857551c92692499cce9e9cd40156e322616e53b25", [:mix], [{:color, "~> 0.13", [hex: :color, repo: "hexpm", optional: false]}, {:evision, "~> 0.1.33 or ~> 0.2", [hex: :evision, repo: "hexpm", optional: true]}, {:exla, "~> 0.12", [hex: :exla, repo: "hexpm", optional: true]}, {:kino, "~> 0.13", [hex: :kino, repo: "hexpm", optional: true]}, {:nx, "~> 0.12", [hex: :nx, repo: "hexpm", optional: true]}, {:nx_image, "~> 0.1", [hex: :nx_image, repo: "hexpm", optional: true]}, {:phoenix_html, "~> 2.1 or ~> 3.2 or ~> 4.0", [hex: :phoenix_html, repo: "hexpm", optional: false]}, {:plug, "~> 1.13", [hex: :plug, repo: "hexpm", optional: true]}, {:req, "~> 0.4", [hex: :req, repo: "hexpm", optional: true]}, {:rustler, "> 0.0.0", [hex: :rustler, repo: "hexpm", optional: true]}, {:scholar, "~> 0.3", [hex: :scholar, repo: "hexpm", optional: true]}, {:sweet_xml, "~> 0.7", [hex: :sweet_xml, repo: "hexpm", optional: false]}, {:vix, "~> 0.33", [hex: :vix, repo: "hexpm", optional: false]}, {:xav, "~> 0.10", [hex: :xav, repo: "hexpm", optional: true]}], "hexpm", "d55a6c3c90fe76e96265b655d85d6f2fafc439f66c6e792a4925f2d84378f3b0"},
Clean-room proof rehearsal	Run clean-room proof (identical invocation to the release lane's clean-room-proof-* jobs)	2026-09-18T16:05:27.8683611Z     │   ~
Clean-room proof rehearsal	Run clean-room proof (identical invocation to the release lane's clean-room-proof-* jobs)	2026-09-18T16:05:27.8683816Z     │
Clean-room proof rehearsal	Run clean-room proof (identical invocation to the release lane's clean-room-proof-* jobs)	2026-09-18T16:05:27.8684042Z     └─ mix.lock:14:3
Clean-room proof rehearsal	Run clean-room proof (identical invocation to the release lane's clean-room-proof-* jobs)	2026-09-18T16:05:27.8684186Z 
Clean-room proof rehearsal	Run clean-room proof (identical invocation to the release lane's clean-room-proof-* jobs)	2026-09-18T16:05:27.8685727Z     warning: found quoted keyword "jason" but the quotes are not required. Note that keywords are always atoms, even when quoted. Similar to atoms, keywords made exclusively of ASCII letters, numbers, and underscores and not beginning with a number do not require quotes
Clean-room proof rehearsal	Run clean-room proof (identical invocation to the release lane's clean-room-proof-* jobs)	2026-09-18T16:05:27.8687576Z     │
Clean-room proof rehearsal	Run clean-room proof (identical invocation to the release lane's clean-room-proof-* jobs)	2026-09-18T16:05:27.8689304Z  15 │   "jason": {:hex, :jason, "1.4.5", "2e3a008590b0b8d7388c20293e9dcc9cf3e5d642fd2a114e4cbbb52e595d940a", [:mix], [{:decimal, "~> 1.0 or ~> 2.0 or ~> 3.0", [hex: :decimal, repo: "hexpm", optional: true]}], "hexpm", "b0c823996102bcd0239b3c2444eb00409b72f6a140c1950bc8b457d836b30684"},
Clean-room proof rehearsal	Run clean-room proof (identical invocation to the release lane's clean-room-proof-* jobs)	2026-09-18T16:05:27.8690321Z     │   ~
Clean-room proof rehearsal	Run clean-room proof (identical invocation to the release lane's clean-room-proof-* jobs)	2026-09-18T16:05:27.8690517Z     │
Clean-room proof rehearsal	Run clean-room proof (identical invocation to the release lane's clean-room-proof-* jobs)	2026-09-18T16:05:27.8690741Z     └─ mix.lock:15:3
Clean-room proof rehearsal	Run clean-room proof (identical invocation to the release lane's clean-room-proof-* jobs)	2026-09-18T16:05:27.8690883Z 
Clean-room proof rehearsal	Run clean-room proof (identical invocation to the release lane's clean-room-proof-* jobs)	2026-09-18T16:05:27.8691726Z     warning: found quoted keyword "mime" but the quotes are not required. Note that keywords are always atoms, even when quoted. Similar to atoms, keywords made exclusively of ASCII letters, numbers, and underscores and not beginning with a number do not require quotes
Clean-room proof rehearsal	Run clean-room proof (identical invocation to the release lane's clean-room-proof-* jobs)	2026-09-18T16:05:27.8692736Z     │
Clean-room proof rehearsal	Run clean-room proof (identical invocation to the release lane's clean-room-proof-* jobs)	2026-09-18T16:05:27.8693558Z  16 │   "mime": {:hex, :mime, "2.0.7", "b8d739037be7cd402aee1ba0306edfdef982687ee7e9859bee6198c1e7e2f128", [:mix], [], "hexpm", "6171188e399ee16023ffc5b76ce445eb6d9672e2e241d2df6050f3c771e80ccd"},
Clean-room proof rehearsal	Run clean-room proof (identical invocation to the release lane's clean-room-proof-* jobs)	2026-09-18T16:05:27.8694318Z     │   ~
Clean-room proof rehearsal	Run clean-room proof (identical invocation to the release lane's clean-room-proof-* jobs)	2026-09-18T16:05:27.8694508Z     │
Clean-room proof rehearsal	Run clean-room proof (identical invocation to the release lane's clean-room-proof-* jobs)	2026-09-18T16:05:27.8694720Z     └─ mix.lock:16:3
Clean-room proof rehearsal	Run clean-room proof (identical invocation to the release lane's clean-room-proof-* jobs)	2026-09-18T16:05:27.8694845Z 
Clean-room proof rehearsal	Run clean-room proof (identical invocation to the release lane's clean-room-proof-* jobs)	2026-09-18T16:05:27.8695708Z     warning: found quoted keyword "muontrap" but the quotes are not required. Note that keywords are always atoms, even when quoted. Similar to atoms, keywords made exclusively of ASCII letters, numbers, and underscores and not beginning with a number do not require quotes
Clean-room proof rehearsal	Run clean-room proof (identical invocation to the release lane's clean-room-proof-* jobs)	2026-09-18T16:05:27.8696971Z     │
Clean-room proof rehearsal	Run clean-room proof (identical invocation to the release lane's clean-room-proof-* jobs)	2026-09-18T16:05:27.8698764Z  17 │   "muontrap": {:hex, :muontrap, "1.8.0", "3c5dab5bc91d5a16d14cd85b130ae7d35a9c469564a11ba4b2ebbcd7ccf5bc05", [:make, :mix], [{:elixir_make, "~> 0.6", [hex: :elixir_make, repo: "hexpm", optional: false]}], "hexpm", "45ff36451303cbdefe1c66da3681b5aff078ee5737348f554f0017daa66284af"},
Clean-room proof rehearsal	Run clean-room proof (identical invocation to the release lane's clean-room-proof-* jobs)	2026-09-18T16:05:27.8700571Z     │   ~
Clean-room proof rehearsal	Run clean-room proof (identical invocation to the release lane's clean-room-proof-* jobs)	2026-09-18T16:05:27.8700879Z     │
Clean-room proof rehearsal	Run clean-room proof (identical invocation to the release lane's clean-room-proof-* jobs)	2026-09-18T16:05:27.8701233Z     └─ mix.lock:17:3
Clean-room proof rehearsal	Run clean-room proof (identical invocation to the release lane's clean-room-proof-* jobs)	2026-09-18T16:05:27.8701442Z 
Clean-room proof rehearsal	Run clean-room proof (identical invocation to the release lane's clean-room-proof-* jobs)	2026-09-18T16:05:27.8702900Z     warning: found quoted keyword "nimble_options" but the quotes are not required. Note that keywords are always atoms, even when quoted. Similar to atoms, keywords made exclusively of ASCII letters, numbers, and underscores and not beginning with a number do not require quotes
Clean-room proof rehearsal	Run clean-room proof (identical invocation to the release lane's clean-room-proof-* jobs)	2026-09-18T16:05:27.8704628Z     │
Clean-room proof rehearsal	Run clean-room proof (identical invocation to the release lane's clean-room-proof-* jobs)	2026-09-18T16:05:27.8706143Z  18 │   "nimble_options": {:hex, :nimble_options, "1.1.1", "e3a492d54d85fc3fd7c5baf411d9d2852922f66e69476317787a7b2bb000a61b", [:mix], [], "hexpm", "821b2470ca9442c4b6984882fe9bb0389371b8ddec4d45a9504f00a66f650b44"},
Clean-room proof rehearsal	Run clean-room proof (identical invocation to the release lane's clean-room-proof-* jobs)	2026-09-18T16:05:27.8707387Z     │   ~
Clean-room proof rehearsal	Run clean-room proof (identical invocation to the release lane's clean-room-proof-* jobs)	2026-09-18T16:05:27.8707594Z     │
Clean-room proof rehearsal	Run clean-room proof (identical invocation to the release lane's clean-room-proof-* jobs)	2026-09-18T16:05:27.8707822Z     └─ mix.lock:18:3
Clean-room proof rehearsal	Run clean-room proof (identical invocation to the release lane's clean-room-proof-* jobs)	2026-09-18T16:05:27.8707956Z 
Clean-room proof rehearsal	Run clean-room proof (identical invocation to the release lane's clean-room-proof-* jobs)	2026-09-18T16:05:27.8708999Z     warning: found quoted keyword "oban" but the quotes are not required. Note that keywords are always atoms, even when quoted. Similar to atoms, keywords made exclusively of ASCII letters, numbers, and underscores and not beginning with a number do not require quotes
Clean-room proof rehearsal	Run clean-room proof (identical invocation to the release lane's clean-room-proof-* jobs)	2026-09-18T16:05:27.8710021Z     │
Clean-room proof rehearsal	Run clean-room proof (identical invocation to the release lane's clean-room-proof-* jobs)	2026-09-18T16:05:27.8712517Z  19 │   "oban": {:hex, :oban, "2.24.1", "2a609c54697ad2c44ba339df30491df2a40eda0758c95b5b879426e4e478bd1f", [:mix], [{:ecto_sql, "~> 3.10", [hex: :ecto_sql, repo: "hexpm", optional: false]}, {:ecto_sqlite3, "~> 0.9", [hex: :ecto_sqlite3, repo: "hexpm", optional: true]}, {:igniter, "~> 0.5", [hex: :igniter, repo: "hexpm", optional: true]}, {:jason, "~> 1.1", [hex: :jason, repo: "hexpm", optional: true]}, {:myxql, "~> 0.7", [hex: :myxql, repo: "hexpm", optional: true]}, {:postgrex, "~> 0.20", [hex: :postgrex, repo: "hexpm", optional: true]}, {:telemetry, "~> 1.3", [hex: :telemetry, repo: "hexpm", optional: false]}], "hexpm", "ef8482472cf198554400b7f8e36a0ffee75c3a64de425d5c7ee625d271925ac7"},
Clean-room proof rehearsal	Run clean-room proof (identical invocation to the release lane's clean-room-proof-* jobs)	2026-09-18T16:05:27.8714808Z     │   ~
Clean-room proof rehearsal	Run clean-room proof (identical invocation to the release lane's clean-room-proof-* jobs)	2026-09-18T16:05:27.8715002Z     │
Clean-room proof rehearsal	Run clean-room proof (identical invocation to the release lane's clean-room-proof-* jobs)	2026-09-18T16:05:27.8715222Z     └─ mix.lock:19:3
Clean-room proof rehearsal	Run clean-room proof (identical invocation to the release lane's clean-room-proof-* jobs)	2026-09-18T16:05:27.8715359Z 
Clean-room proof rehearsal	Run clean-room proof (identical invocation to the release lane's clean-room-proof-* jobs)	2026-09-18T16:05:27.8716248Z     warning: found quoted keyword "phoenix" but the quotes are not required. Note that keywords are always atoms, even when quoted. Similar to atoms, keywords made exclusively of ASCII letters, numbers, and underscores and not beginning with a number do not require quotes
Clean-room proof rehearsal	Run clean-room proof (identical invocation to the release lane's clean-room-proof-* jobs)	2026-09-18T16:05:27.8717999Z     │
Clean-room proof rehearsal	Run clean-room proof (identical invocation to the release lane's clean-room-proof-* jobs)	2026-09-18T16:05:27.8724391Z  20 │   "phoenix": {:hex, :phoenix, "1.8.14", "9279cbbcd755ac8d5f42d206915e7df13b9ab49096b98114f1c99ff908e5b42e", [:mix], [{:bandit, "~> 1.0", [hex: :bandit, repo: "hexpm", optional: true]}, {:jason, "~> 1.0", [hex: :jason, repo: "hexpm", optional: true]}, {:phoenix_pubsub, "~> 2.1", [hex: :phoenix_pubsub, repo: "hexpm", optional: false]}, {:phoenix_template, "~> 1.0", [hex: :phoenix_template, repo: "hexpm", optional: false]}, {:phoenix_view, "~> 2.0", [hex: :phoenix_view, repo: "hexpm", optional: true]}, {:plug, "~> 1.14", [hex: :plug, repo: "hexpm", optional: false]}, {:plug_cowboy, "~> 2.7", [hex: :plug_cowboy, repo: "hexpm", optional: true]}, {:plug_crypto, "~> 2.2", [hex: :plug_crypto, repo: "hexpm", optional: false]}, {:telemetry, "~> 0.4 or ~> 1.0", [hex: :telemetry, repo: "hexpm", optional: false]}, {:websock_adapter, "~> 0.5", [hex: :websock_adapter, repo: "hexpm", optional: false]}], "hexpm", "2782ff375824b2b5e41561fbae4764ee7b875af6898483bca49f24a9d1e37816"},
Clean-room proof rehearsal	Run clean-room proof (identical invocation to the release lane's clean-room-proof-* jobs)	2026-09-18T16:05:27.8728676Z     │   ~
Clean-room proof rehearsal	Run clean-room proof (identical invocation to the release lane's clean-room-proof-* jobs)	2026-09-18T16:05:27.8728914Z     │
Clean-room proof rehearsal	Run clean-room proof (identical invocation to the release lane's clean-room-proof-* jobs)	2026-09-18T16:05:27.8729156Z     └─ mix.lock:20:3
Clean-room proof rehearsal	Run clean-room proof (identical invocation to the release lane's clean-room-proof-* jobs)	2026-09-18T16:05:27.8729311Z 
Clean-room proof rehearsal	Run clean-room proof (identical invocation to the release lane's clean-room-proof-* jobs)	2026-09-18T16:05:27.8730195Z     warning: found quoted keyword "phoenix_html" but the quotes are not required. Note that keywords are always atoms, even when quoted. Similar to atoms, keywords made exclusively of ASCII letters, numbers, and underscores and not beginning with a number do not require quotes
Clean-room proof rehearsal	Run clean-room proof (identical invocation to the release lane's clean-room-proof-* jobs)	2026-09-18T16:05:27.8731279Z     │
Clean-room proof rehearsal	Run clean-room proof (identical invocation to the release lane's clean-room-proof-* jobs)	2026-09-18T16:05:27.8732206Z  21 │   "phoenix_html": {:hex, :phoenix_html, "4.3.0", "d3577a5df4b6954cd7890c84d955c470b5310bb49647f0a114a6eeecc850f7ad", [:mix], [], "hexpm", "3eaa290a78bab0f075f791a46a981bbe769d94bc776869f4f3063a14f30497ad"},
Clean-room proof rehearsal	Run clean-room proof (identical invocation to the release lane's clean-room-proof-* jobs)	2026-09-18T16:05:27.8733040Z     │   ~
Clean-room proof rehearsal	Run clean-room proof (identical invocation to the release lane's clean-room-proof-* jobs)	2026-09-18T16:05:27.8733239Z     │
Clean-room proof rehearsal	Run clean-room proof (identical invocation to the release lane's clean-room-proof-* jobs)	2026-09-18T16:05:27.8733459Z     └─ mix.lock:21:3
Clean-room proof rehearsal	Run clean-room proof (identical invocation to the release lane's clean-room-proof-* jobs)	2026-09-18T16:05:27.8733599Z 
Clean-room proof rehearsal	Run clean-room proof (identical invocation to the release lane's clean-room-proof-* jobs)	2026-09-18T16:05:27.8734521Z     warning: found quoted keyword "phoenix_live_view" but the quotes are not required. Note that keywords are always atoms, even when quoted. Similar to atoms, keywords made exclusively of ASCII letters, numbers, and underscores and not beginning with a number do not require quotes
Clean-room proof rehearsal	Run clean-room proof (identical invocation to the release lane's clean-room-proof-* jobs)	2026-09-18T16:05:27.8735589Z     │
Clean-room proof rehearsal	Run clean-room proof (identical invocation to the release lane's clean-room-proof-* jobs)	2026-09-18T16:05:27.8739249Z  22 │   "phoenix_live_view": {:hex, :phoenix_live_view, "1.2.12", "35848150bbab579e9d0aff79525269d7c0801a4f61232b84f635c11222cee88f", [:mix], [{:igniter, ">= 0.6.16 and < 1.0.0-0", [hex: :igniter, repo: "hexpm", optional: true]}, {:jason, "~> 1.0", [hex: :jason, repo: "hexpm", optional: true]}, {:lazy_html, "~> 0.1.0", [hex: :lazy_html, repo: "hexpm", optional: true]}, {:phoenix, "~> 1.6.15 or ~> 1.7.0 or ~> 1.8.0", [hex: :phoenix, repo: "hexpm", optional: false]}, {:phoenix_html, "~> 3.3 or ~> 4.0", [hex: :phoenix_html, repo: "hexpm", optional: false]}, {:phoenix_template, "~> 1.0", [hex: :phoenix_template, repo: "hexpm", optional: false]}, {:phoenix_view, "~> 2.0", [hex: :phoenix_view, repo: "hexpm", optional: true]}, {:plug, "~> 1.15", [hex: :plug, repo: "hexpm", optional: false]}, {:telemetry, "~> 0.4.2 or ~> 1.0", [hex: :telemetry, repo: "hexpm", optional: false]}], "hexpm", "656810d716e3369545dd63981196a5d68b77fdb253afe02ef0c6fa14cfd8dc2b"},
Clean-room proof rehearsal	Run clean-room proof (identical invocation to the release lane's clean-room-proof-* jobs)	2026-09-18T16:05:27.8742567Z     │   ~
Clean-room proof rehearsal	Run clean-room proof (identical invocation to the release lane's clean-room-proof-* jobs)	2026-09-18T16:05:27.8742919Z     │
Clean-room proof rehearsal	Run clean-room proof (identical invocation to the release lane's clean-room-proof-* jobs)	2026-09-18T16:05:27.8743152Z     └─ mix.lock:22:3
Clean-room proof rehearsal	Run clean-room proof (identical invocation to the release lane's clean-room-proof-* jobs)	2026-09-18T16:05:27.8743290Z 
Clean-room proof rehearsal	Run clean-room proof (identical invocation to the release lane's clean-room-proof-* jobs)	2026-09-18T16:05:27.8744184Z     warning: found quoted keyword "phoenix_pubsub" but the quotes are not required. Note that keywords are always atoms, even when quoted. Similar to atoms, keywords made exclusively of ASCII letters, numbers, and underscores and not beginning with a number do not require quotes
Clean-room proof rehearsal	Run clean-room proof (identical invocation to the release lane's clean-room-proof-* jobs)	2026-09-18T16:05:27.8745250Z     │
Clean-room proof rehearsal	Run clean-room proof (identical invocation to the release lane's clean-room-proof-* jobs)	2026-09-18T16:05:27.8746164Z  23 │   "phoenix_pubsub": {:hex, :phoenix_pubsub, "2.3.0", "03916bfbc31a5121945b3cfffe5aec647a5c97fe1dc172a319b94428562359c9", [:mix], [], "hexpm", "eec7be6e9cf02e2551d389b558402d6c637cd3973796326e7ba4bb03c6b2e91d"},
Clean-room proof rehearsal	Run clean-room proof (identical invocation to the release lane's clean-room-proof-* jobs)	2026-09-18T16:05:27.8747284Z     │   ~
Clean-room proof rehearsal	Run clean-room proof (identical invocation to the release lane's clean-room-proof-* jobs)	2026-09-18T16:05:27.8747481Z     │
Clean-room proof rehearsal	Run clean-room proof (identical invocation to the release lane's clean-room-proof-* jobs)	2026-09-18T16:05:27.8747701Z     └─ mix.lock:23:3
Clean-room proof rehearsal	Run clean-room proof (identical invocation to the release lane's clean-room-proof-* jobs)	2026-09-18T16:05:27.8747837Z 
Clean-room proof rehearsal	Run clean-room proof (identical invocation to the release lane's clean-room-proof-* jobs)	2026-09-18T16:05:27.8748731Z     warning: found quoted keyword "phoenix_template" but the quotes are not required. Note that keywords are always atoms, even when quoted. Similar to atoms, keywords made exclusively of ASCII letters, numbers, and underscores and not beginning with a number do not require quotes
Clean-room proof rehearsal	Run clean-room proof (identical invocation to the release lane's clean-room-proof-* jobs)	2026-09-18T16:05:27.8750186Z     │
Clean-room proof rehearsal	Run clean-room proof (identical invocation to the release lane's clean-room-proof-* jobs)	2026-09-18T16:05:27.8752368Z  24 │   "phoenix_template": {:hex, :phoenix_template, "1.0.4", "e2092c132f3b5e5b2d49c96695342eb36d0ed514c5b252a77048d5969330d639", [:mix], [{:phoenix_html, "~> 2.14.2 or ~> 3.0 or ~> 4.0", [hex: :phoenix_html, repo: "hexpm", optional: true]}], "hexpm", "2c0c81f0e5c6753faf5cca2f229c9709919aba34fab866d3bc05060c9c444206"},
Clean-room proof rehearsal	Run clean-room proof (identical invocation to the release lane's clean-room-proof-* jobs)	2026-09-18T16:05:27.8753759Z     │   ~
Clean-room proof rehearsal	Run clean-room proof (identical invocation to the release lane's clean-room-proof-* jobs)	2026-09-18T16:05:27.8753958Z     │
Clean-room proof rehearsal	Run clean-room proof (identical invocation to the release lane's clean-room-proof-* jobs)	2026-09-18T16:05:27.8754181Z     └─ mix.lock:24:3
Clean-room proof rehearsal	Run clean-room proof (identical invocation to the release lane's clean-room-proof-* jobs)	2026-09-18T16:05:27.8754321Z 
Clean-room proof rehearsal	Run clean-room proof (identical invocation to the release lane's clean-room-proof-* jobs)	2026-09-18T16:05:27.8755172Z     warning: found quoted keyword "plug" but the quotes are not required. Note that keywords are always atoms, even when quoted. Similar to atoms, keywords made exclusively of ASCII letters, numbers, and underscores and not beginning with a number do not require quotes
Clean-room proof rehearsal	Run clean-room proof (identical invocation to the release lane's clean-room-proof-* jobs)	2026-09-18T16:05:27.8756195Z     │
Clean-room proof rehearsal	Run clean-room proof (identical invocation to the release lane's clean-room-proof-* jobs)	2026-09-18T16:05:27.8758137Z  25 │   "plug": {:hex, :plug, "1.20.3", "56c480c633ec2ce10140e236e15233bf576e1d323887d7c96711bd02ab5160db", [:mix], [{:mime, "~> 1.0 or ~> 2.0", [hex: :mime, repo: "hexpm", optional: false]}, {:plug_crypto, "~> 1.1.1 or ~> 1.2 or ~> 2.0", [hex: :plug_crypto, repo: "hexpm", optional: false]}, {:telemetry, "~> 0.4.3 or ~> 1.0", [hex: :telemetry, repo: "hexpm", optional: false]}], "hexpm", "be266aee1b8536ef6409d58cf39a3121319f0ec47cfa1b24024485aa0e76ad76"},
Clean-room proof rehearsal	Run clean-room proof (identical invocation to the release lane's clean-room-proof-* jobs)	2026-09-18T16:05:27.8759633Z     │   ~
Clean-room proof rehearsal	Run clean-room proof (identical invocation to the release lane's clean-room-proof-* jobs)	2026-09-18T16:05:27.8759827Z     │
Clean-room proof rehearsal	Run clean-room proof (identical invocation to the release lane's clean-room-proof-* jobs)	2026-09-18T16:05:27.8760045Z     └─ mix.lock:25:3
Clean-room proof rehearsal	Run clean-room proof (identical invocation to the release lane's clean-room-proof-* jobs)	2026-09-18T16:05:27.8760179Z 
Clean-room proof rehearsal	Run clean-room proof (identical invocation to the release lane's clean-room-proof-* jobs)	2026-09-18T16:05:27.8761134Z     warning: found quoted keyword "plug_crypto" but the quotes are not required. Note that keywords are always atoms, even when quoted. Similar to atoms, keywords made exclusively of ASCII letters, numbers, and underscores and not beginning with a number do not require quotes
Clean-room proof rehearsal	Run clean-room proof (identical invocation to the release lane's clean-room-proof-* jobs)	2026-09-18T16:05:27.8762423Z     │
Clean-room proof rehearsal	Run clean-room proof (identical invocation to the release lane's clean-room-proof-* jobs)	2026-09-18T16:05:27.8763310Z  26 │   "plug_crypto": {:hex, :plug_crypto, "2.2.0", "144014737daaf485407f5ed77daeaad74d651b216a28c87543f8cc7043f8efc8", [:mix], [], "hexpm", "83a95744ab1c75876542b6fab135fcc176280e0f301a111c1f757fddcec95d2c"},
Clean-room proof rehearsal	Run clean-room proof (identical invocation to the release lane's clean-room-proof-* jobs)	2026-09-18T16:05:27.8764139Z     │   ~
Clean-room proof rehearsal	Run clean-room proof (identical invocation to the release lane's clean-room-proof-* jobs)	2026-09-18T16:05:27.8764331Z     │
Clean-room proof rehearsal	Run clean-room proof (identical invocation to the release lane's clean-room-proof-* jobs)	2026-09-18T16:05:27.8765118Z     └─ mix.lock:26:3
Clean-room proof rehearsal	Run clean-room proof (identical invocation to the release lane's clean-room-proof-* jobs)	2026-09-18T16:05:27.8765395Z 
Clean-room proof rehearsal	Run clean-room proof (identical invocation to the release lane's clean-room-proof-* jobs)	2026-09-18T16:05:27.8766696Z     warning: found quoted keyword "postgrex" but the quotes are not required. Note that keywords are always atoms, even when quoted. Similar to atoms, keywords made exclusively of ASCII letters, numbers, and underscores and not beginning with a number do not require quotes
Clean-room proof rehearsal	Run clean-room proof (identical invocation to the release lane's clean-room-proof-* jobs)	2026-09-18T16:05:27.8768459Z     │
Clean-room proof rehearsal	Run clean-room proof (identical invocation to the release lane's clean-room-proof-* jobs)	2026-09-18T16:05:27.8770852Z  27 │   "postgrex": {:hex, :postgrex, "0.22.4", "d271f595dfd25230b6398354e19d17bb5e2d20130fd2d9bdca7e15f125d43552", [:mix], [{:db_connection, "~> 2.9", [hex: :db_connection, repo: "hexpm", optional: false]}, {:decimal, "~> 1.5 or ~> 2.0 or ~> 3.0", [hex: :decimal, repo: "hexpm", optional: false]}, {:jason, "~> 1.0", [hex: :jason, repo: "hexpm", optional: true]}, {:table, "~> 0.1.0", [hex: :table, repo: "hexpm", optional: true]}], "hexpm", "4aae45a2d60e35b04eea2602440be152fae332901f1fc7a60fc7cb7f0f9a9c5a"},
Clean-room proof rehearsal	Run clean-room proof (identical invocation to the release lane's clean-room-proof-* jobs)	2026-09-18T16:05:27.8773042Z     │   ~
Clean-room proof rehearsal	Run clean-room proof (identical invocation to the release lane's clean-room-proof-* jobs)	2026-09-18T16:05:27.8773260Z     │
Clean-room proof rehearsal	Run clean-room proof (identical invocation to the release lane's clean-room-proof-* jobs)	2026-09-18T16:05:27.8773499Z     └─ mix.lock:27:3
Clean-room proof rehearsal	Run clean-room proof (identical invocation to the release lane's clean-room-proof-* jobs)	2026-09-18T16:05:27.8773635Z 
Clean-room proof rehearsal	Run clean-room proof (identical invocation to the release lane's clean-room-proof-* jobs)	2026-09-18T16:05:27.8774512Z     warning: found quoted keyword "rindle" but the quotes are not required. Note that keywords are always atoms, even when quoted. Similar to atoms, keywords made exclusively of ASCII letters, numbers, and underscores and not beginning with a number do not require quotes
Clean-room proof rehearsal	Run clean-room proof (identical invocation to the release lane's clean-room-proof-* jobs)	2026-09-18T16:05:27.8775551Z     │
Clean-room proof rehearsal	Run clean-room proof (identical invocation to the release lane's clean-room-proof-* jobs)	2026-09-18T16:05:27.8782146Z  28 │   "rindle": {:hex, :rindle, "0.4.6", "35bea401dc09aac08d5c36bedc8ea9c096e92b03c6aec03698a8dced24bafc67", [:mix], [{:ecto_sql, "~> 3.11", [hex: :ecto_sql, repo: "hexpm", optional: false]}, {:ex_aws, "~> 2.5", [hex: :ex_aws, repo: "hexpm", optional: false]}, {:ex_aws_s3, "~> 2.5", [hex: :ex_aws_s3, repo: "hexpm", optional: false]}, {:ex_marcel, "~> 0.2", [hex: :ex_marcel, repo: "hexpm", optional: false]}, {:finch, "~> 0.21", [hex: :finch, repo: "hexpm", optional: true]}, {:gcs_signed_url, "~> 0.6", [hex: :gcs_signed_url, repo: "hexpm", optional: true]}, {:goth, "~> 1.4", [hex: :goth, repo: "hexpm", optional: true]}, {:image, "~> 0.65", [hex: :image, repo: "hexpm", optional: false]}, {:jason, "~> 1.4", [hex: :jason, repo: "hexpm", optional: false]}, {:jose, "~> 1.11", [hex: :jose, repo: "hexpm", optional: true]}, {:muontrap, "~> 1.7", [hex: :muontrap, repo: "hexpm", optional: false]}, {:mux, "~> 3.2", [hex: :mux, repo: "hexpm", optional: true]}, {:nimble_options, "~> 1.1", [hex: :nimble_options, repo: "hexpm", optional: false]}, {:oban, "~> 2.21", [hex: :oban, repo: "hexpm", optional: false]}, {:phoenix_live_view, "~> 1.0", [hex: :phoenix_live_view, repo: "hexpm", optional: true]}, {:plug, "~> 1.16", [hex: :plug, repo: "hexpm", optional: false]}, {:postgrex, "~> 0.18", [hex: :postgrex, repo: "hexpm", optional: false]}, {:req, "~> 0.6", [hex: :req, repo: "hexpm", optional: true]}, {:telemetry, "~> 1.2", [hex: :telemetry, repo: "hexpm", optional: false]}], "hexpm", "61cf11552ba726fcee979524fd7b50b3a2c40a40a8719cd7ce6c0d913a397362"},
Clean-room proof rehearsal	Run clean-room proof (identical invocation to the release lane's clean-room-proof-* jobs)	2026-09-18T16:05:27.8787281Z     │   ~
Clean-room proof rehearsal	Run clean-room proof (identical invocation to the release lane's clean-room-proof-* jobs)	2026-09-18T16:05:27.8787512Z     │
Clean-room proof rehearsal	Run clean-room proof (identical invocation to the release lane's clean-room-proof-* jobs)	2026-09-18T16:05:27.8787743Z     └─ mix.lock:28:3
Clean-room proof rehearsal	Run clean-room proof (identical invocation to the release lane's clean-room-proof-* jobs)	2026-09-18T16:05:27.8787886Z 
Clean-room proof rehearsal	Run clean-room proof (identical invocation to the release lane's clean-room-proof-* jobs)	2026-09-18T16:05:27.8788765Z     warning: found quoted keyword "sweet_xml" but the quotes are not required. Note that keywords are always atoms, even when quoted. Similar to atoms, keywords made exclusively of ASCII letters, numbers, and underscores and not beginning with a number do not require quotes
Clean-room proof rehearsal	Run clean-room proof (identical invocation to the release lane's clean-room-proof-* jobs)	2026-09-18T16:05:27.8789797Z     │
Clean-room proof rehearsal	Run clean-room proof (identical invocation to the release lane's clean-room-proof-* jobs)	2026-09-18T16:05:27.8790665Z  29 │   "sweet_xml": {:hex, :sweet_xml, "0.7.5", "803a563113981aaac202a1dbd39771562d0ad31004ddbfc9b5090bdcd5605277", [:mix], [], "hexpm", "193b28a9b12891cae351d81a0cead165ffe67df1b73fe5866d10629f4faefb12"},
Clean-room proof rehearsal	Run clean-room proof (identical invocation to the release lane's clean-room-proof-* jobs)	2026-09-18T16:05:27.8791669Z     │   ~
Clean-room proof rehearsal	Run clean-room proof (identical invocation to the release lane's clean-room-proof-* jobs)	2026-09-18T16:05:27.8791867Z     │
Clean-room proof rehearsal	Run clean-room proof (identical invocation to the release lane's clean-room-proof-* jobs)	2026-09-18T16:05:27.8792099Z     └─ mix.lock:29:3
Clean-room proof rehearsal	Run clean-room proof (identical invocation to the release lane's clean-room-proof-* jobs)	2026-09-18T16:05:27.8792232Z 
Clean-room proof rehearsal	Run clean-room proof (identical invocation to the release lane's clean-room-proof-* jobs)	2026-09-18T16:05:27.8793674Z     warning: found quoted keyword "telemetry" but the quotes are not required. Note that keywords are always atoms, even when quoted. Similar to atoms, keywords made exclusively of ASCII letters, numbers, and underscores and not beginning with a number do not require quotes
Clean-room proof rehearsal	Run clean-room proof (identical invocation to the release lane's clean-room-proof-* jobs)	2026-09-18T16:05:27.8795138Z     │
Clean-room proof rehearsal	Run clean-room proof (identical invocation to the release lane's clean-room-proof-* jobs)	2026-09-18T16:05:27.8796516Z  30 │   "telemetry": {:hex, :telemetry, "1.4.2", "a0cb522801dffb1c49fe6e30561badffc7b6d0e180db1300df759faa22062855", [:rebar3], [], "hexpm", "928f6495066506077862c0d1646609eed891a4326bee3126ba54b60af61febb1"},
Clean-room proof rehearsal	Run clean-room proof (identical invocation to the release lane's clean-room-proof-* jobs)	2026-09-18T16:05:27.8797868Z     │   ~
Clean-room proof rehearsal	Run clean-room proof (identical invocation to the release lane's clean-room-proof-* jobs)	2026-09-18T16:05:27.8798081Z     │
Clean-room proof rehearsal	Run clean-room proof (identical invocation to the release lane's clean-room-proof-* jobs)	2026-09-18T16:05:27.8798306Z     └─ mix.lock:30:3
Clean-room proof rehearsal	Run clean-room proof (identical invocation to the release lane's clean-room-proof-* jobs)	2026-09-18T16:05:27.8798438Z 
Clean-room proof rehearsal	Run clean-room proof (identical invocation to the release lane's clean-room-proof-* jobs)	2026-09-18T16:05:27.8799822Z     warning: found quoted keyword "vix" but the quotes are not required. Note that keywords are always atoms, even when quoted. Similar to atoms, keywords made exclusively of ASCII letters, numbers, and underscores and not beginning with a number do not require quotes
Clean-room proof rehearsal	Run clean-room proof (identical invocation to the release lane's clean-room-proof-* jobs)	2026-09-18T16:05:27.8801344Z     │
Clean-room proof rehearsal	Run clean-room proof (identical invocation to the release lane's clean-room-proof-* jobs)	2026-09-18T16:05:27.8803029Z  31 │   "vix": {:hex, :vix, "0.41.0", "a17e233d57170d8f25a960d28c87194ca4ebd28100c2620ba91ecc8bede96234", [:make, :mix], [{:cc_precompiler, "~> 0.1.4 or ~> 0.2", [hex: :cc_precompiler, repo: "hexpm", optional: false]}, {:elixir_make, "~> 0.7.3 or ~> 0.8", [hex: :elixir_make, repo: "hexpm", optional: false]}, {:kino, "~> 0.7", [hex: :kino, repo: "hexpm", optional: true]}], "hexpm", "9a16b5acd9989630cae44333fcf9de11a54609a7596bba59a0c424593b3f9570"},
Clean-room proof rehearsal	Run clean-room proof (identical invocation to the release lane's clean-room-proof-* jobs)	2026-09-18T16:05:27.8804652Z     │   ~
Clean-room proof rehearsal	Run clean-room proof (identical invocation to the release lane's clean-room-proof-* jobs)	2026-09-18T16:05:27.8804852Z     │
Clean-room proof rehearsal	Run clean-room proof (identical invocation to the release lane's clean-room-proof-* jobs)	2026-09-18T16:05:27.8805077Z     └─ mix.lock:31:3
Clean-room proof rehearsal	Run clean-room proof (identical invocation to the release lane's clean-room-proof-* jobs)	2026-09-18T16:05:27.8805216Z 
Clean-room proof rehearsal	Run clean-room proof (identical invocation to the release lane's clean-room-proof-* jobs)	2026-09-18T16:05:27.8806077Z     warning: found quoted keyword "websock" but the quotes are not required. Note that keywords are always atoms, even when quoted. Similar to atoms, keywords made exclusively of ASCII letters, numbers, and underscores and not beginning with a number do not require quotes
Clean-room proof rehearsal	Run clean-room proof (identical invocation to the release lane's clean-room-proof-* jobs)	2026-09-18T16:05:27.8807384Z     │
Clean-room proof rehearsal	Run clean-room proof (identical invocation to the release lane's clean-room-proof-* jobs)	2026-09-18T16:05:27.8808457Z  32 │   "websock": {:hex, :websock, "0.5.3", "2f69a6ebe810328555b6fe5c831a851f485e303a7c8ce6c5f675abeb20ebdadc", [:mix], [], "hexpm", "6105453d7fac22c712ad66fab1d45abdf049868f253cf719b625151460b8b453"},
Clean-room proof rehearsal	Run clean-room proof (identical invocation to the release lane's clean-room-proof-* jobs)	2026-09-18T16:05:27.8809669Z     │   ~
Clean-room proof rehearsal	Run clean-room proof (identical invocation to the release lane's clean-room-proof-* jobs)	2026-09-18T16:05:27.8810013Z     │
Clean-room proof rehearsal	Run clean-room proof (identical invocation to the release lane's clean-room-proof-* jobs)	2026-09-18T16:05:27.8810401Z     └─ mix.lock:32:3
Clean-room proof rehearsal	Run clean-room proof (identical invocation to the release lane's clean-room-proof-* jobs)	2026-09-18T16:05:27.8810625Z 
Clean-room proof rehearsal	Run clean-room proof (identical invocation to the release lane's clean-room-proof-* jobs)	2026-09-18T16:05:27.8812207Z     warning: found quoted keyword "websock_adapter" but the quotes are not required. Note that keywords are always atoms, even when quoted. Similar to atoms, keywords made exclusively of ASCII letters, numbers, and underscores and not beginning with a number do not require quotes
Clean-room proof rehearsal	Run clean-room proof (identical invocation to the release lane's clean-room-proof-* jobs)	2026-09-18T16:05:27.8814247Z     │
Clean-room proof rehearsal	Run clean-room proof (identical invocation to the release lane's clean-room-proof-* jobs)	2026-09-18T16:05:27.8817932Z  33 │   "websock_adapter": {:hex, :websock_adapter, "0.6.0", "73db5ab8aaefd1a876a97ce3e6afc96562625de69ef17a4e04426e034849d0b8", [:mix], [{:bandit, ">= 0.6.0", [hex: :bandit, repo: "hexpm", optional: true]}, {:plug, "~> 1.14", [hex: :plug, repo: "hexpm", optional: false]}, {:plug_cowboy, "~> 2.6", [hex: :plug_cowboy, repo: "hexpm", optional: true]}, {:websock, "~> 0.5", [hex: :websock, repo: "hexpm", optional: false]}], "hexpm", "50021a85bce8f203b086705d9e0c5415e2c7eb05d319111b0428fe71f9934617"},
Clean-room proof rehearsal	Run clean-room proof (identical invocation to the release lane's clean-room-proof-* jobs)	2026-09-18T16:05:27.8819709Z     │   ~
Clean-room proof rehearsal	Run clean-room proof (identical invocation to the release lane's clean-room-proof-* jobs)	2026-09-18T16:05:27.8819919Z     │
Clean-room proof rehearsal	Run clean-room proof (identical invocation to the release lane's clean-room-proof-* jobs)	2026-09-18T16:05:27.8820152Z     └─ mix.lock:33:3
Clean-room proof rehearsal	Run clean-room proof (identical invocation to the release lane's clean-room-proof-* jobs)	2026-09-18T16:05:27.8820303Z 
Clean-room proof rehearsal	Run clean-room proof (identical invocation to the release lane's clean-room-proof-* jobs)	2026-09-18T16:05:28.1353648Z     warning: found quoted keyword "cc_precompiler" but the quotes are not required. Note that keywords are always atoms, even when quoted. Similar to atoms, keywords made exclusively of ASCII letters, numbers, and underscores and not beginning with a number do not require quotes
Clean-room proof rehearsal	Run clean-room proof (identical invocation to the release lane's clean-room-proof-* jobs)	2026-09-18T16:05:28.1356526Z     │
Clean-room proof rehearsal	Run clean-room proof (identical invocation to the release lane's clean-room-proof-* jobs)	2026-09-18T16:05:28.1359036Z   2 │   "cc_precompiler": {:hex, :cc_precompiler, "0.1.11", "8c844d0b9fb98a3edea067f94f616b3f6b29b959b6b3bf25fee94ffe34364768", [:mix], [{:elixir_make, "~> 0.7", [hex: :elixir_make, repo: "hexpm", optional: false]}], "hexpm", "3427232caf0835f94680e5bcf082408a70b48ad68a5f5c0b02a3bea9f3a075b9"},
Clean-room proof rehearsal	Run clean-room proof (identical invocation to the release lane's clean-room-proof-* jobs)	2026-09-18T16:05:28.1360891Z     │   ~
Clean-room proof rehearsal	Run clean-room proof (identical invocation to the release lane's clean-room-proof-* jobs)	2026-09-18T16:05:28.1361203Z     │
Clean-room proof rehearsal	Run clean-room proof (identical invocation to the release lane's clean-room-proof-* jobs)	2026-09-18T16:05:28.1361551Z     └─ mix.lock:2:3
Clean-room proof rehearsal	Run clean-room proof (identical invocation to the release lane's clean-room-proof-* jobs)	2026-09-18T16:05:28.1361757Z 
Clean-room proof rehearsal	Run clean-room proof (identical invocation to the release lane's clean-room-proof-* jobs)	2026-09-18T16:05:28.1367090Z     warning: found quoted keyword "color" but the quotes are not required. Note that keywords are always atoms, even when quoted. Similar to atoms, keywords made exclusively of ASCII letters, numbers, and underscores and not beginning with a number do not require quotes
Clean-room proof rehearsal	Run clean-room proof (identical invocation to the release lane's clean-room-proof-* jobs)	2026-09-18T16:05:28.1368959Z     │
Clean-room proof rehearsal	Run clean-room proof (identical invocation to the release lane's clean-room-proof-* jobs)	2026-09-18T16:05:28.1371115Z   3 │   "color": {:hex, :color, "0.13.0", "068110e5397ac5d3c9f97658282e0f4ab9a32468be6d7a2a91a8804e67b228d7", [:mix], [{:bandit, "~> 1.5", [hex: :bandit, repo: "hexpm", optional: true]}, {:plug, "~> 1.15", [hex: :plug, repo: "hexpm", optional: true]}], "hexpm", "de127946869931d418bac2d82dc29feae1a8f5f729f135922fbccf0059a58ab2"},
Clean-room proof rehearsal	Run clean-room proof (identical invocation to the release lane's clean-room-proof-* jobs)	2026-09-18T16:05:28.1373010Z     │   ~
Clean-room proof rehearsal	Run clean-room proof (identical invocation to the release lane's clean-room-proof-* jobs)	2026-09-18T16:05:28.1373314Z     │
Clean-room proof rehearsal	Run clean-room proof (identical invocation to the release lane's clean-room-proof-* jobs)	2026-09-18T16:05:28.1373919Z     └─ mix.lock:3:3
Clean-room proof rehearsal	Run clean-room proof (identical invocation to the release lane's clean-room-proof-* jobs)	2026-09-18T16:05:28.1374136Z 
Clean-room proof rehearsal	Run clean-room proof (identical invocation to the release lane's clean-room-proof-* jobs)	2026-09-18T16:05:28.1375577Z     warning: found quoted keyword "crosswake" but the quotes are not required. Note that keywords are always atoms, even when quoted. Similar to atoms, keywords made exclusively of ASCII letters, numbers, and underscores and not beginning with a number do not require quotes
Clean-room proof rehearsal	Run clean-room proof (identical invocation to the release lane's clean-room-proof-* jobs)	2026-09-18T16:05:28.1377516Z     │
Clean-room proof rehearsal	Run clean-room proof (identical invocation to the release lane's clean-room-proof-* jobs)	2026-09-18T16:05:28.1381144Z   4 │   "crosswake": {:hex, :crosswake, "0.2.1", "3a7d2461adf4f287f5a9d75df9cdbcdddddd7259159405eb369ad453d25c2f8b", [:mix], [{:jason, "~> 1.4", [hex: :jason, repo: "hexpm", optional: false]}, {:nimble_options, "~> 1.1", [hex: :nimble_options, repo: "hexpm", optional: false]}, {:phoenix, "~> 1.8", [hex: :phoenix, repo: "hexpm", optional: false]}, {:phoenix_live_view, "~> 1.1", [hex: :phoenix_live_view, repo: "hexpm", optional: false]}, {:telemetry, "~> 1.0", [hex: :telemetry, repo: "hexpm", optional: false]}], "hexpm", "ffa220c26980696849497479fa23d47eae44796cfc06f2775999ffca0ed7fc90"},
Clean-room proof rehearsal	Run clean-room proof (identical invocation to the release lane's clean-room-proof-* jobs)	2026-09-18T16:05:28.1384271Z     │   ~
Clean-room proof rehearsal	Run clean-room proof (identical invocation to the release lane's clean-room-proof-* jobs)	2026-09-18T16:05:28.1384575Z     │
Clean-room proof rehearsal	Run clean-room proof (identical invocation to the release lane's clean-room-proof-* jobs)	2026-09-18T16:05:28.1384920Z     └─ mix.lock:4:3
Clean-room proof rehearsal	Run clean-room proof (identical invocation to the release lane's clean-room-proof-* jobs)	2026-09-18T16:05:28.1385120Z 
Clean-room proof rehearsal	Run clean-room proof (identical invocation to the release lane's clean-room-proof-* jobs)	2026-09-18T16:05:28.1386568Z     warning: found quoted keyword "crosswake_rindle" but the quotes are not required. Note that keywords are always atoms, even when quoted. Similar to atoms, keywords made exclusively of ASCII letters, numbers, and underscores and not beginning with a number do not require quotes
Clean-room proof rehearsal	Run clean-room proof (identical invocation to the release lane's clean-room-proof-* jobs)	2026-09-18T16:05:28.1389836Z     │
Clean-room proof rehearsal	Run clean-room proof (identical invocation to the release lane's clean-room-proof-* jobs)	2026-09-18T16:05:28.1392170Z   5 │   "crosswake_rindle": {:hex, :crosswake_rindle, "0.1.0", "c8a6004ca92963bf5f6b190a2b650c62c369b0c0af859ebc80ff488a3f395457", [:mix], [{:crosswake, "~> 0.2", [hex: :crosswake, repo: "hexpm", optional: false]}, {:rindle, "~> 0.1", [hex: :rindle, repo: "hexpm", optional: true]}], "hexpm", "0ec868b8a7fa46d39be793dfa7554064cb7f8aee77e9479e07895ddec9e4ecbd"},
Clean-room proof rehearsal	Run clean-room proof (identical invocation to the release lane's clean-room-proof-* jobs)	2026-09-18T16:05:28.1394213Z     │   ~
Clean-room proof rehearsal	Run clean-room proof (identical invocation to the release lane's clean-room-proof-* jobs)	2026-09-18T16:05:28.1394512Z     │
Clean-room proof rehearsal	Run clean-room proof (identical invocation to the release lane's clean-room-proof-* jobs)	2026-09-18T16:05:28.1394856Z     └─ mix.lock:5:3
Clean-room proof rehearsal	Run clean-room proof (identical invocation to the release lane's clean-room-proof-* jobs)	2026-09-18T16:05:28.1395073Z 
Clean-room proof rehearsal	Run clean-room proof (identical invocation to the release lane's clean-room-proof-* jobs)	2026-09-18T16:05:28.1396470Z     warning: found quoted keyword "db_connection" but the quotes are not required. Note that keywords are always atoms, even when quoted. Similar to atoms, keywords made exclusively of ASCII letters, numbers, and underscores and not beginning with a number do not require quotes
Clean-room proof rehearsal	Run clean-room proof (identical invocation to the release lane's clean-room-proof-* jobs)	2026-09-18T16:05:28.1398370Z     │
Clean-room proof rehearsal	Run clean-room proof (identical invocation to the release lane's clean-room-proof-* jobs)	2026-09-18T16:05:28.1400294Z   6 │   "db_connection": {:hex, :db_connection, "2.10.2", "ae391e803a5adff104da913c2fc1c0c14a37f8b10001dcef568796e1fb7bf95c", [:mix], [{:telemetry, "~> 0.4 or ~> 1.0", [hex: :telemetry, repo: "hexpm", optional: false]}], "hexpm", "510b14482330f1af6490a2fa0efd8d4f1435d1529b165647df22ac0f2df0fa93"},
Clean-room proof rehearsal	Run clean-room proof (identical invocation to the release lane's clean-room-proof-* jobs)	2026-09-18T16:05:28.1402022Z     │   ~
Clean-room proof rehearsal	Run clean-room proof (identical invocation to the release lane's clean-room-proof-* jobs)	2026-09-18T16:05:28.1402316Z     │
Clean-room proof rehearsal	Run clean-room proof (identical invocation to the release lane's clean-room-proof-* jobs)	2026-09-18T16:05:28.1402648Z     └─ mix.lock:6:3
Clean-room proof rehearsal	Run clean-room proof (identical invocation to the release lane's clean-room-proof-* jobs)	2026-09-18T16:05:28.1402847Z 
Clean-room proof rehearsal	Run clean-room proof (identical invocation to the release lane's clean-room-proof-* jobs)	2026-09-18T16:05:28.1404217Z     warning: found quoted keyword "decimal" but the quotes are not required. Note that keywords are always atoms, even when quoted. Similar to atoms, keywords made exclusively of ASCII letters, numbers, and underscores and not beginning with a number do not require quotes
Clean-room proof rehearsal	Run clean-room proof (identical invocation to the release lane's clean-room-proof-* jobs)	2026-09-18T16:05:28.1405855Z     │
Clean-room proof rehearsal	Run clean-room proof (identical invocation to the release lane's clean-room-proof-* jobs)	2026-09-18T16:05:28.1407415Z   7 │   "decimal": {:hex, :decimal, "3.1.1", "430d87b04011ce6cbd4fd205be758311a81f87d552d40904abd00f015935b1d0", [:mix], [], "hexpm", "c5f25f2ced74a0587d03e6023f595db8e924c9d3922c8c8ffd9edfc4498cf1f6"},
Clean-room proof rehearsal	Run clean-room proof (identical invocation to the release lane's clean-room-proof-* jobs)	2026-09-18T16:05:28.1408964Z     │   ~
Clean-room proof rehearsal	Run clean-room proof (identical invocation to the release lane's clean-room-proof-* jobs)	2026-09-18T16:05:28.1409264Z     │
Clean-room proof rehearsal	Run clean-room proof (identical invocation to the release lane's clean-room-proof-* jobs)	2026-09-18T16:05:28.1409596Z     └─ mix.lock:7:3
Clean-room proof rehearsal	Run clean-room proof (identical invocation to the release lane's clean-room-proof-* jobs)	2026-09-18T16:05:28.1409793Z 
Clean-room proof rehearsal	Run clean-room proof (identical invocation to the release lane's clean-room-proof-* jobs)	2026-09-18T16:05:28.1411160Z     warning: found quoted keyword "ecto" but the quotes are not required. Note that keywords are always atoms, even when quoted. Similar to atoms, keywords made exclusively of ASCII letters, numbers, and underscores and not beginning with a number do not require quotes
Clean-room proof rehearsal	Run clean-room proof (identical invocation to the release lane's clean-room-proof-* jobs)	2026-09-18T16:05:28.1412783Z     │
Clean-room proof rehearsal	Run clean-room proof (identical invocation to the release lane's clean-room-proof-* jobs)	2026-09-18T16:05:28.1415273Z   8 │   "ecto": {:hex, :ecto, "3.14.2", "99db28a864293a789c970651de711e3cae184291e0e7ea1166c54055ac41c1f3", [:mix], [{:decimal, "~> 3.0", [hex: :decimal, repo: "hexpm", optional: false]}, {:jason, "~> 1.0", [hex: :jason, repo: "hexpm", optional: true]}, {:telemetry, "~> 0.4 or ~> 1.0", [hex: :telemetry, repo: "hexpm", optional: false]}], "hexpm", "25d60b8c816a07d19d85b80bdf60978bd8b102209dda198d768cd7c6745339a6"},
Clean-room proof rehearsal	Run clean-room proof (identical invocation to the release lane's clean-room-proof-* jobs)	2026-09-18T16:05:28.1417913Z     │   ~
Clean-room proof rehearsal	Run clean-room proof (identical invocation to the release lane's clean-room-proof-* jobs)	2026-09-18T16:05:28.1418218Z     │
Clean-room proof rehearsal	Run clean-room proof (identical invocation to the release lane's clean-room-proof-* jobs)	2026-09-18T16:05:28.1418551Z     └─ mix.lock:8:3
Clean-room proof rehearsal	Run clean-room proof (identical invocation to the release lane's clean-room-proof-* jobs)	2026-09-18T16:05:28.1418748Z 
Clean-room proof rehearsal	Run clean-room proof (identical invocation to the release lane's clean-room-proof-* jobs)	2026-09-18T16:05:28.1420103Z     warning: found quoted keyword "ecto_sql" but the quotes are not required. Note that keywords are always atoms, even when quoted. Similar to atoms, keywords made exclusively of ASCII letters, numbers, and underscores and not beginning with a number do not require quotes
Clean-room proof rehearsal	Run clean-room proof (identical invocation to the release lane's clean-room-proof-* jobs)	2026-09-18T16:05:28.1421716Z     │
Clean-room proof rehearsal	Run clean-room proof (identical invocation to the release lane's clean-room-proof-* jobs)	2026-09-18T16:05:28.1425947Z   9 │   "ecto_sql": {:hex, :ecto_sql, "3.14.0", "06446ab8410d2f85bfbb80857ee224ab3b693700cbb38f6535d507449a627b2e", [:mix], [{:db_connection, "~> 2.9", [hex: :db_connection, repo: "hexpm", optional: false]}, {:decimal, "~> 3.0", [hex: :decimal, repo: "hexpm", optional: false]}, {:ecto, "~> 3.14.0", [hex: :ecto, repo: "hexpm", optional: false]}, {:myxql, "~> 0.8", [hex: :myxql, repo: "hexpm", optional: true]}, {:postgrex, "~> 0.19 or ~> 1.0", [hex: :postgrex, repo: "hexpm", optional: true]}, {:tds, "~> 2.1.1 or ~> 2.2", [hex: :tds, repo: "hexpm", optional: true]}, {:telemetry, "~> 0.4.0 or ~> 1.0", [hex: :telemetry, repo: "hexpm", optional: false]}], "hexpm", "f4d8d36faf294c9417b5a37ec7ac8217ee2abdef5fcf197ba690f361548d3949"},
Clean-room proof rehearsal	Run clean-room proof (identical invocation to the release lane's clean-room-proof-* jobs)	2026-09-18T16:05:28.1429702Z     │   ~
Clean-room proof rehearsal	Run clean-room proof (identical invocation to the release lane's clean-room-proof-* jobs)	2026-09-18T16:05:28.1430003Z     │
Clean-room proof rehearsal	Run clean-room proof (identical invocation to the release lane's clean-room-proof-* jobs)	2026-09-18T16:05:28.1430341Z     └─ mix.lock:9:3
Clean-room proof rehearsal	Run clean-room proof (identical invocation to the release lane's clean-room-proof-* jobs)	2026-09-18T16:05:28.1430545Z 
Clean-room proof rehearsal	Run clean-room proof (identical invocation to the release lane's clean-room-proof-* jobs)	2026-09-18T16:05:28.1431921Z     warning: found quoted keyword "elixir_make" but the quotes are not required. Note that keywords are always atoms, even when quoted. Similar to atoms, keywords made exclusively of ASCII letters, numbers, and underscores and not beginning with a number do not require quotes
Clean-room proof rehearsal	Run clean-room proof (identical invocation to the release lane's clean-room-proof-* jobs)	2026-09-18T16:05:28.1433566Z     │
Clean-room proof rehearsal	Run clean-room proof (identical invocation to the release lane's clean-room-proof-* jobs)	2026-09-18T16:05:28.1435026Z  10 │   "elixir_make": {:hex, :elixir_make, "0.10.0", "16577e2583a79bb79237bbff349619ef5d80afffc07eac6e4faf0d00e2ddaf7d", [:mix], [], "hexpm", "dc1f09fb7fa68866b886abd5f0f3c83553b1a19a52359a899e92af1bb3b31982"},
Clean-room proof rehearsal	Run clean-room proof (identical invocation to the release lane's clean-room-proof-* jobs)	2026-09-18T16:05:28.1436374Z     │   ~
Clean-room proof rehearsal	Run clean-room proof (identical invocation to the release lane's clean-room-proof-* jobs)	2026-09-18T16:05:28.1436672Z     │
Clean-room proof rehearsal	Run clean-room proof (identical invocation to the release lane's clean-room-proof-* jobs)	2026-09-18T16:05:28.1437207Z     └─ mix.lock:10:3
Clean-room proof rehearsal	Run clean-room proof (identical invocation to the release lane's clean-room-proof-* jobs)	2026-09-18T16:05:28.1437414Z 
Clean-room proof rehearsal	Run clean-room proof (identical invocation to the release lane's clean-room-proof-* jobs)	2026-09-18T16:05:28.1438759Z     warning: found quoted keyword "ex_aws" but the quotes are not required. Note that keywords are always atoms, even when quoted. Similar to atoms, keywords made exclusively of ASCII letters, numbers, and underscores and not beginning with a number do not require quotes
Clean-room proof rehearsal	Run clean-room proof (identical invocation to the release lane's clean-room-proof-* jobs)	2026-09-18T16:05:28.1440376Z     │
Clean-room proof rehearsal	Run clean-room proof (identical invocation to the release lane's clean-room-proof-* jobs)	2026-09-18T16:05:28.1444925Z  11 │   "ex_aws": {:hex, :ex_aws, "2.7.0", "e6bfd4b5fb8c791aa6c7d57fc7c45f050bb89de9576f1f6104aa974b234c01ec", [:mix], [{:configparser_ex, "~> 5.0", [hex: :configparser_ex, repo: "hexpm", optional: true]}, {:hackney, "~> 4.0", [hex: :hackney, repo: "hexpm", optional: true]}, {:jason, "~> 1.1", [hex: :jason, repo: "hexpm", optional: true]}, {:jsx, "~> 2.8 or ~> 3.0", [hex: :jsx, repo: "hexpm", optional: true]}, {:mime, "~> 1.2 or ~> 2.0", [hex: :mime, repo: "hexpm", optional: false]}, {:req, "~> 0.5.10 or ~> 0.6 or ~> 1.0", [hex: :req, repo: "hexpm", optional: true]}, {:sweet_xml, "~> 0.7", [hex: :sweet_xml, repo: "hexpm", optional: true]}, {:telemetry, "~> 0.4.3 or ~> 1.0", [hex: :telemetry, repo: "hexpm", optional: false]}], "hexpm", "bfe9d744d4fd4c1f40314ee7fab504d5547d1f01cd377fff1568cbe630b06d65"},
Clean-room proof rehearsal	Run clean-room proof (identical invocation to the release lane's clean-room-proof-* jobs)	2026-09-18T16:05:28.1449409Z     │   ~
Clean-room proof rehearsal	Run clean-room proof (identical invocation to the release lane's clean-room-proof-* jobs)	2026-09-18T16:05:28.1449725Z     │
Clean-room proof rehearsal	Run clean-room proof (identical invocation to the release lane's clean-room-proof-* jobs)	2026-09-18T16:05:28.1450087Z     └─ mix.lock:11:3
Clean-room proof rehearsal	Run clean-room proof (identical invocation to the release lane's clean-room-proof-* jobs)	2026-09-18T16:05:28.1450303Z 
Clean-room proof rehearsal	Run clean-room proof (identical invocation to the release lane's clean-room-proof-* jobs)	2026-09-18T16:05:28.1451648Z     warning: found quoted keyword "ex_aws_s3" but the quotes are not required. Note that keywords are always atoms, even when quoted. Similar to atoms, keywords made exclusively of ASCII letters, numbers, and underscores and not beginning with a number do not require quotes
Clean-room proof rehearsal	Run clean-room proof (identical invocation to the release lane's clean-room-proof-* jobs)	2026-09-18T16:05:28.1453468Z     │
Clean-room proof rehearsal	Run clean-room proof (identical invocation to the release lane's clean-room-proof-* jobs)	2026-09-18T16:05:28.1455561Z  12 │   "ex_aws_s3": {:hex, :ex_aws_s3, "2.5.9", "862b7792f2e60d7010e2920d79964e3fab289bc0fd951b0ba8457a3f7f9d1199", [:mix], [{:ex_aws, "~> 2.0", [hex: :ex_aws, repo: "hexpm", optional: false]}, {:sweet_xml, ">= 0.0.0", [hex: :sweet_xml, repo: "hexpm", optional: true]}], "hexpm", "a480d2bb2da64610014021629800e1e9457ca5e4a62f6775bffd963360c2bf90"},
Clean-room proof rehearsal	Run clean-room proof (identical invocation to the release lane's clean-room-proof-* jobs)	2026-09-18T16:05:28.1457681Z     │   ~
Clean-room proof rehearsal	Run clean-room proof (identical invocation to the release lane's clean-room-proof-* jobs)	2026-09-18T16:05:28.1457980Z     │
Clean-room proof rehearsal	Run clean-room proof (identical invocation to the release lane's clean-room-proof-* jobs)	2026-09-18T16:05:28.1458345Z     └─ mix.lock:12:3
Clean-room proof rehearsal	Run clean-room proof (identical invocation to the release lane's clean-room-proof-* jobs)	2026-09-18T16:05:28.1458549Z 
Clean-room proof rehearsal	Run clean-room proof (identical invocation to the release lane's clean-room-proof-* jobs)	2026-09-18T16:05:28.1459900Z     warning: found quoted keyword "ex_marcel" but the quotes are not required. Note that keywords are always atoms, even when quoted. Similar to atoms, keywords made exclusively of ASCII letters, numbers, and underscores and not beginning with a number do not require quotes
Clean-room proof rehearsal	Run clean-room proof (identical invocation to the release lane's clean-room-proof-* jobs)	2026-09-18T16:05:28.1461506Z     │
Clean-room proof rehearsal	Run clean-room proof (identical invocation to the release lane's clean-room-proof-* jobs)	2026-09-18T16:05:28.1462980Z  13 │   "ex_marcel": {:hex, :ex_marcel, "0.2.0", "0aae641f4144ff9d3c37f36dc62e1ee94c4a4e8d34683be8321f9c2c7e459ada", [:mix], [], "hexpm", "fecf90bfe1cb4097d58ac7d444249afc9e8a314413f82cfb29a8a758ec65fcd5"},
Clean-room proof rehearsal	Run clean-room proof (identical invocation to the release lane's clean-room-proof-* jobs)	2026-09-18T16:05:28.1464297Z     │   ~
Clean-room proof rehearsal	Run clean-room proof (identical invocation to the release lane's clean-room-proof-* jobs)	2026-09-18T16:05:28.1464588Z     │
Clean-room proof rehearsal	Run clean-room proof (identical invocation to the release lane's clean-room-proof-* jobs)	2026-09-18T16:05:28.1464929Z     └─ mix.lock:13:3
Clean-room proof rehearsal	Run clean-room proof (identical invocation to the release lane's clean-room-proof-* jobs)	2026-09-18T16:05:28.1465139Z 
Clean-room proof rehearsal	Run clean-room proof (identical invocation to the release lane's clean-room-proof-* jobs)	2026-09-18T16:05:28.1466478Z     warning: found quoted keyword "image" but the quotes are not required. Note that keywords are always atoms, even when quoted. Similar to atoms, keywords made exclusively of ASCII letters, numbers, and underscores and not beginning with a number do not require quotes
Clean-room proof rehearsal	Run clean-room proof (identical invocation to the release lane's clean-room-proof-* jobs)	2026-09-18T16:05:28.1468270Z     │
Clean-room proof rehearsal	Run clean-room proof (identical invocation to the release lane's clean-room-proof-* jobs)	2026-09-18T16:05:28.1474733Z  14 │   "image": {:hex, :image, "0.72.0", "d7ceb8d67fddb396b1d0262857551c92692499cce9e9cd40156e322616e53b25", [:mix], [{:color, "~> 0.13", [hex: :color, repo: "hexpm", optional: false]}, {:evision, "~> 0.1.33 or ~> 0.2", [hex: :evision, repo: "hexpm", optional: true]}, {:exla, "~> 0.12", [hex: :exla, repo: "hexpm", optional: true]}, {:kino, "~> 0.13", [hex: :kino, repo: "hexpm", optional: true]}, {:nx, "~> 0.12", [hex: :nx, repo: "hexpm", optional: true]}, {:nx_image, "~> 0.1", [hex: :nx_image, repo: "hexpm", optional: true]}, {:phoenix_html, "~> 2.1 or ~> 3.2 or ~> 4.0", [hex: :phoenix_html, repo: "hexpm", optional: false]}, {:plug, "~> 1.13", [hex: :plug, repo: "hexpm", optional: true]}, {:req, "~> 0.4", [hex: :req, repo: "hexpm", optional: true]}, {:rustler, "> 0.0.0", [hex: :rustler, repo: "hexpm", optional: true]}, {:scholar, "~> 0.3", [hex: :scholar, repo: "hexpm", optional: true]}, {:sweet_xml, "~> 0.7", [hex: :sweet_xml, repo: "hexpm", optional: false]}, {:vix, "~> 0.33", [hex: :vix, repo: "hexpm", optional: false]}, {:xav, "~> 0.10", [hex: :xav, repo: "hexpm", optional: true]}], "hexpm", "d55a6c3c90fe76e96265b655d85d6f2fafc439f66c6e792a4925f2d84378f3b0"},
Clean-room proof rehearsal	Run clean-room proof (identical invocation to the release lane's clean-room-proof-* jobs)	2026-09-18T16:05:28.1479691Z     │   ~
Clean-room proof rehearsal	Run clean-room proof (identical invocation to the release lane's clean-room-proof-* jobs)	2026-09-18T16:05:28.1479892Z     │
Clean-room proof rehearsal	Run clean-room proof (identical invocation to the release lane's clean-room-proof-* jobs)	2026-09-18T16:05:28.1480115Z     └─ mix.lock:14:3
Clean-room proof rehearsal	Run clean-room proof (identical invocation to the release lane's clean-room-proof-* jobs)	2026-09-18T16:05:28.1480246Z 
Clean-room proof rehearsal	Run clean-room proof (identical invocation to the release lane's clean-room-proof-* jobs)	2026-09-18T16:05:28.1481096Z     warning: found quoted keyword "jason" but the quotes are not required. Note that keywords are always atoms, even when quoted. Similar to atoms, keywords made exclusively of ASCII letters, numbers, and underscores and not beginning with a number do not require quotes
Clean-room proof rehearsal	Run clean-room proof (identical invocation to the release lane's clean-room-proof-* jobs)	2026-09-18T16:05:28.1482119Z     │
Clean-room proof rehearsal	Run clean-room proof (identical invocation to the release lane's clean-room-proof-* jobs)	2026-09-18T16:05:28.1484156Z  15 │   "jason": {:hex, :jason, "1.4.5", "2e3a008590b0b8d7388c20293e9dcc9cf3e5d642fd2a114e4cbbb52e595d940a", [:mix], [{:decimal, "~> 1.0 or ~> 2.0 or ~> 3.0", [hex: :decimal, repo: "hexpm", optional: true]}], "hexpm", "b0c823996102bcd0239b3c2444eb00409b72f6a140c1950bc8b457d836b30684"},
Clean-room proof rehearsal	Run clean-room proof (identical invocation to the release lane's clean-room-proof-* jobs)	2026-09-18T16:05:28.1485835Z     │   ~
Clean-room proof rehearsal	Run clean-room proof (identical invocation to the release lane's clean-room-proof-* jobs)	2026-09-18T16:05:28.1486137Z     │
Clean-room proof rehearsal	Run clean-room proof (identical invocation to the release lane's clean-room-proof-* jobs)	2026-09-18T16:05:28.1486477Z     └─ mix.lock:15:3
Clean-room proof rehearsal	Run clean-room proof (identical invocation to the release lane's clean-room-proof-* jobs)	2026-09-18T16:05:28.1486687Z 
Clean-room proof rehearsal	Run clean-room proof (identical invocation to the release lane's clean-room-proof-* jobs)	2026-09-18T16:05:28.1488329Z     warning: found quoted keyword "mime" but the quotes are not required. Note that keywords are always atoms, even when quoted. Similar to atoms, keywords made exclusively of ASCII letters, numbers, and underscores and not beginning with a number do not require quotes
Clean-room proof rehearsal	Run clean-room proof (identical invocation to the release lane's clean-room-proof-* jobs)	2026-09-18T16:05:28.1489605Z     │
Clean-room proof rehearsal	Run clean-room proof (identical invocation to the release lane's clean-room-proof-* jobs)	2026-09-18T16:05:28.1490444Z  16 │   "mime": {:hex, :mime, "2.0.7", "b8d739037be7cd402aee1ba0306edfdef982687ee7e9859bee6198c1e7e2f128", [:mix], [], "hexpm", "6171188e399ee16023ffc5b76ce445eb6d9672e2e241d2df6050f3c771e80ccd"},
Clean-room proof rehearsal	Run clean-room proof (identical invocation to the release lane's clean-room-proof-* jobs)	2026-09-18T16:05:28.1491220Z     │   ~
Clean-room proof rehearsal	Run clean-room proof (identical invocation to the release lane's clean-room-proof-* jobs)	2026-09-18T16:05:28.1491408Z     │
Clean-room proof rehearsal	Run clean-room proof (identical invocation to the release lane's clean-room-proof-* jobs)	2026-09-18T16:05:28.1491628Z     └─ mix.lock:16:3
Clean-room proof rehearsal	Run clean-room proof (identical invocation to the release lane's clean-room-proof-* jobs)	2026-09-18T16:05:28.1491761Z 
Clean-room proof rehearsal	Run clean-room proof (identical invocation to the release lane's clean-room-proof-* jobs)	2026-09-18T16:05:28.1492619Z     warning: found quoted keyword "muontrap" but the quotes are not required. Note that keywords are always atoms, even when quoted. Similar to atoms, keywords made exclusively of ASCII letters, numbers, and underscores and not beginning with a number do not require quotes
Clean-room proof rehearsal	Run clean-room proof (identical invocation to the release lane's clean-room-proof-* jobs)	2026-09-18T16:05:28.1493661Z     │
Clean-room proof rehearsal	Run clean-room proof (identical invocation to the release lane's clean-room-proof-* jobs)	2026-09-18T16:05:28.1494820Z  17 │   "muontrap": {:hex, :muontrap, "1.8.0", "3c5dab5bc91d5a16d14cd85b130ae7d35a9c469564a11ba4b2ebbcd7ccf5bc05", [:make, :mix], [{:elixir_make, "~> 0.6", [hex: :elixir_make, repo: "hexpm", optional: false]}], "hexpm", "45ff36451303cbdefe1c66da3681b5aff078ee5737348f554f0017daa66284af"},
Clean-room proof rehearsal	Run clean-room proof (identical invocation to the release lane's clean-room-proof-* jobs)	2026-09-18T16:05:28.1495919Z     │   ~
Clean-room proof rehearsal	Run clean-room proof (identical invocation to the release lane's clean-room-proof-* jobs)	2026-09-18T16:05:28.1496108Z     │
Clean-room proof rehearsal	Run clean-room proof (identical invocation to the release lane's clean-room-proof-* jobs)	2026-09-18T16:05:28.1496321Z     └─ mix.lock:17:3
Clean-room proof rehearsal	Run clean-room proof (identical invocation to the release lane's clean-room-proof-* jobs)	2026-09-18T16:05:28.1496457Z 
Clean-room proof rehearsal	Run clean-room proof (identical invocation to the release lane's clean-room-proof-* jobs)	2026-09-18T16:05:28.1497705Z     warning: found quoted keyword "nimble_options" but the quotes are not required. Note that keywords are always atoms, even when quoted. Similar to atoms, keywords made exclusively of ASCII letters, numbers, and underscores and not beginning with a number do not require quotes
Clean-room proof rehearsal	Run clean-room proof (identical invocation to the release lane's clean-room-proof-* jobs)	2026-09-18T16:05:28.1498800Z     │
Clean-room proof rehearsal	Run clean-room proof (identical invocation to the release lane's clean-room-proof-* jobs)	2026-09-18T16:05:28.1500345Z  18 │   "nimble_options": {:hex, :nimble_options, "1.1.1", "e3a492d54d85fc3fd7c5baf411d9d2852922f66e69476317787a7b2bb000a61b", [:mix], [], "hexpm", "821b2470ca9442c4b6984882fe9bb0389371b8ddec4d45a9504f00a66f650b44"},
Clean-room proof rehearsal	Run clean-room proof (identical invocation to the release lane's clean-room-proof-* jobs)	2026-09-18T16:05:28.1501755Z     │   ~
Clean-room proof rehearsal	Run clean-room proof (identical invocation to the release lane's clean-room-proof-* jobs)	2026-09-18T16:05:28.1502065Z     │
Clean-room proof rehearsal	Run clean-room proof (identical invocation to the release lane's clean-room-proof-* jobs)	2026-09-18T16:05:28.1502418Z     └─ mix.lock:18:3
Clean-room proof rehearsal	Run clean-room proof (identical invocation to the release lane's clean-room-proof-* jobs)	2026-09-18T16:05:28.1502630Z 
Clean-room proof rehearsal	Run clean-room proof (identical invocation to the release lane's clean-room-proof-* jobs)	2026-09-18T16:05:28.1504580Z     warning: found quoted keyword "oban" but the quotes are not required. Note that keywords are always atoms, even when quoted. Similar to atoms, keywords made exclusively of ASCII letters, numbers, and underscores and not beginning with a number do not require quotes
Clean-room proof rehearsal	Run clean-room proof (identical invocation to the release lane's clean-room-proof-* jobs)	2026-09-18T16:05:28.1505635Z     │
Clean-room proof rehearsal	Run clean-room proof (identical invocation to the release lane's clean-room-proof-* jobs)	2026-09-18T16:05:28.1509169Z  19 │   "oban": {:hex, :oban, "2.24.1", "2a609c54697ad2c44ba339df30491df2a40eda0758c95b5b879426e4e478bd1f", [:mix], [{:ecto_sql, "~> 3.10", [hex: :ecto_sql, repo: "hexpm", optional: false]}, {:ecto_sqlite3, "~> 0.9", [hex: :ecto_sqlite3, repo: "hexpm", optional: true]}, {:igniter, "~> 0.5", [hex: :igniter, repo: "hexpm", optional: true]}, {:jason, "~> 1.1", [hex: :jason, repo: "hexpm", optional: true]}, {:myxql, "~> 0.7", [hex: :myxql, repo: "hexpm", optional: true]}, {:postgrex, "~> 0.20", [hex: :postgrex, repo: "hexpm", optional: true]}, {:telemetry, "~> 1.3", [hex: :telemetry, repo: "hexpm", optional: false]}], "hexpm", "ef8482472cf198554400b7f8e36a0ffee75c3a64de425d5c7ee625d271925ac7"},
Clean-room proof rehearsal	Run clean-room proof (identical invocation to the release lane's clean-room-proof-* jobs)	2026-09-18T16:05:28.1512608Z     │   ~
Clean-room proof rehearsal	Run clean-room proof (identical invocation to the release lane's clean-room-proof-* jobs)	2026-09-18T16:05:28.1512924Z     │
Clean-room proof rehearsal	Run clean-room proof (identical invocation to the release lane's clean-room-proof-* jobs)	2026-09-18T16:05:28.1513266Z     └─ mix.lock:19:3
Clean-room proof rehearsal	Run clean-room proof (identical invocation to the release lane's clean-room-proof-* jobs)	2026-09-18T16:05:28.1513467Z 
Clean-room proof rehearsal	Run clean-room proof (identical invocation to the release lane's clean-room-proof-* jobs)	2026-09-18T16:05:28.1514930Z     warning: found quoted keyword "phoenix" but the quotes are not required. Note that keywords are always atoms, even when quoted. Similar to atoms, keywords made exclusively of ASCII letters, numbers, and underscores and not beginning with a number do not require quotes
Clean-room proof rehearsal	Run clean-room proof (identical invocation to the release lane's clean-room-proof-* jobs)	2026-09-18T16:05:28.1516980Z     │
Clean-room proof rehearsal	Run clean-room proof (identical invocation to the release lane's clean-room-proof-* jobs)	2026-09-18T16:05:28.1522835Z  20 │   "phoenix": {:hex, :phoenix, "1.8.14", "9279cbbcd755ac8d5f42d206915e7df13b9ab49096b98114f1c99ff908e5b42e", [:mix], [{:bandit, "~> 1.0", [hex: :bandit, repo: "hexpm", optional: true]}, {:jason, "~> 1.0", [hex: :jason, repo: "hexpm", optional: true]}, {:phoenix_pubsub, "~> 2.1", [hex: :phoenix_pubsub, repo: "hexpm", optional: false]}, {:phoenix_template, "~> 1.0", [hex: :phoenix_template, repo: "hexpm", optional: false]}, {:phoenix_view, "~> 2.0", [hex: :phoenix_view, repo: "hexpm", optional: true]}, {:plug, "~> 1.14", [hex: :plug, repo: "hexpm", optional: false]}, {:plug_cowboy, "~> 2.7", [hex: :plug_cowboy, repo: "hexpm", optional: true]}, {:plug_crypto, "~> 2.2", [hex: :plug_crypto, repo: "hexpm", optional: false]}, {:telemetry, "~> 0.4 or ~> 1.0", [hex: :telemetry, repo: "hexpm", optional: false]}, {:websock_adapter, "~> 0.5", [hex: :websock_adapter, repo: "hexpm", optional: false]}], "hexpm", "2782ff375824b2b5e41561fbae4764ee7b875af6898483bca49f24a9d1e37816"},
Clean-room proof rehearsal	Run clean-room proof (identical invocation to the release lane's clean-room-proof-* jobs)	2026-09-18T16:05:28.1528126Z     │   ~
Clean-room proof rehearsal	Run clean-room proof (identical invocation to the release lane's clean-room-proof-* jobs)	2026-09-18T16:05:28.1528428Z     │
Clean-room proof rehearsal	Run clean-room proof (identical invocation to the release lane's clean-room-proof-* jobs)	2026-09-18T16:05:28.1528778Z     └─ mix.lock:20:3
Clean-room proof rehearsal	Run clean-room proof (identical invocation to the release lane's clean-room-proof-* jobs)	2026-09-18T16:05:28.1529021Z 
Clean-room proof rehearsal	Run clean-room proof (identical invocation to the release lane's clean-room-proof-* jobs)	2026-09-18T16:05:28.1530550Z     warning: found quoted keyword "phoenix_html" but the quotes are not required. Note that keywords are always atoms, even when quoted. Similar to atoms, keywords made exclusively of ASCII letters, numbers, and underscores and not beginning with a number do not require quotes
Clean-room proof rehearsal	Run clean-room proof (identical invocation to the release lane's clean-room-proof-* jobs)	2026-09-18T16:05:28.1532329Z     │
Clean-room proof rehearsal	Run clean-room proof (identical invocation to the release lane's clean-room-proof-* jobs)	2026-09-18T16:05:28.1533801Z  21 │   "phoenix_html": {:hex, :phoenix_html, "4.3.0", "d3577a5df4b6954cd7890c84d955c470b5310bb49647f0a114a6eeecc850f7ad", [:mix], [], "hexpm", "3eaa290a78bab0f075f791a46a981bbe769d94bc776869f4f3063a14f30497ad"},
Clean-room proof rehearsal	Run clean-room proof (identical invocation to the release lane's clean-room-proof-* jobs)	2026-09-18T16:05:28.1535246Z     │   ~
Clean-room proof rehearsal	Run clean-room proof (identical invocation to the release lane's clean-room-proof-* jobs)	2026-09-18T16:05:28.1535559Z     │
Clean-room proof rehearsal	Run clean-room proof (identical invocation to the release lane's clean-room-proof-* jobs)	2026-09-18T16:05:28.1535925Z     └─ mix.lock:21:3
Clean-room proof rehearsal	Run clean-room proof (identical invocation to the release lane's clean-room-proof-* jobs)	2026-09-18T16:05:28.1536154Z 
Clean-room proof rehearsal	Run clean-room proof (identical invocation to the release lane's clean-room-proof-* jobs)	2026-09-18T16:05:28.1537851Z     warning: found quoted keyword "phoenix_live_view" but the quotes are not required. Note that keywords are always atoms, even when quoted. Similar to atoms, keywords made exclusively of ASCII letters, numbers, and underscores and not beginning with a number do not require quotes
Clean-room proof rehearsal	Run clean-room proof (identical invocation to the release lane's clean-room-proof-* jobs)	2026-09-18T16:05:28.1539719Z     │
Clean-room proof rehearsal	Run clean-room proof (identical invocation to the release lane's clean-room-proof-* jobs)	2026-09-18T16:05:28.1545637Z  22 │   "phoenix_live_view": {:hex, :phoenix_live_view, "1.2.12", "35848150bbab579e9d0aff79525269d7c0801a4f61232b84f635c11222cee88f", [:mix], [{:igniter, ">= 0.6.16 and < 1.0.0-0", [hex: :igniter, repo: "hexpm", optional: true]}, {:jason, "~> 1.0", [hex: :jason, repo: "hexpm", optional: true]}, {:lazy_html, "~> 0.1.0", [hex: :lazy_html, repo: "hexpm", optional: true]}, {:phoenix, "~> 1.6.15 or ~> 1.7.0 or ~> 1.8.0", [hex: :phoenix, repo: "hexpm", optional: false]}, {:phoenix_html, "~> 3.3 or ~> 4.0", [hex: :phoenix_html, repo: "hexpm", optional: false]}, {:phoenix_template, "~> 1.0", [hex: :phoenix_template, repo: "hexpm", optional: false]}, {:phoenix_view, "~> 2.0", [hex: :phoenix_view, repo: "hexpm", optional: true]}, {:plug, "~> 1.15", [hex: :plug, repo: "hexpm", optional: false]}, {:telemetry, "~> 0.4.2 or ~> 1.0", [hex: :telemetry, repo: "hexpm", optional: false]}], "hexpm", "656810d716e3369545dd63981196a5d68b77fdb253afe02ef0c6fa14cfd8dc2b"},
Clean-room proof rehearsal	Run clean-room proof (identical invocation to the release lane's clean-room-proof-* jobs)	2026-09-18T16:05:28.1550679Z     │   ~
Clean-room proof rehearsal	Run clean-room proof (identical invocation to the release lane's clean-room-proof-* jobs)	2026-09-18T16:05:28.1550995Z     │
Clean-room proof rehearsal	Run clean-room proof (identical invocation to the release lane's clean-room-proof-* jobs)	2026-09-18T16:05:28.1551355Z     └─ mix.lock:22:3
Clean-room proof rehearsal	Run clean-room proof (identical invocation to the release lane's clean-room-proof-* jobs)	2026-09-18T16:05:28.1551578Z 
Clean-room proof rehearsal	Run clean-room proof (identical invocation to the release lane's clean-room-proof-* jobs)	2026-09-18T16:05:28.1553101Z     warning: found quoted keyword "phoenix_pubsub" but the quotes are not required. Note that keywords are always atoms, even when quoted. Similar to atoms, keywords made exclusively of ASCII letters, numbers, and underscores and not beginning with a number do not require quotes
Clean-room proof rehearsal	Run clean-room proof (identical invocation to the release lane's clean-room-proof-* jobs)	2026-09-18T16:05:28.1554841Z     │
Clean-room proof rehearsal	Run clean-room proof (identical invocation to the release lane's clean-room-proof-* jobs)	2026-09-18T16:05:28.1556488Z  23 │   "phoenix_pubsub": {:hex, :phoenix_pubsub, "2.3.0", "03916bfbc31a5121945b3cfffe5aec647a5c97fe1dc172a319b94428562359c9", [:mix], [], "hexpm", "eec7be6e9cf02e2551d389b558402d6c637cd3973796326e7ba4bb03c6b2e91d"},
Clean-room proof rehearsal	Run clean-room proof (identical invocation to the release lane's clean-room-proof-* jobs)	2026-09-18T16:05:28.1558415Z     │   ~
Clean-room proof rehearsal	Run clean-room proof (identical invocation to the release lane's clean-room-proof-* jobs)	2026-09-18T16:05:28.1558740Z     │
Clean-room proof rehearsal	Run clean-room proof (identical invocation to the release lane's clean-room-proof-* jobs)	2026-09-18T16:05:28.1559108Z     └─ mix.lock:23:3
Clean-room proof rehearsal	Run clean-room proof (identical invocation to the release lane's clean-room-proof-* jobs)	2026-09-18T16:05:28.1559326Z 
Clean-room proof rehearsal	Run clean-room proof (identical invocation to the release lane's clean-room-proof-* jobs)	2026-09-18T16:05:28.1560853Z     warning: found quoted keyword "phoenix_template" but the quotes are not required. Note that keywords are always atoms, even when quoted. Similar to atoms, keywords made exclusively of ASCII letters, numbers, and underscores and not beginning with a number do not require quotes
Clean-room proof rehearsal	Run clean-room proof (identical invocation to the release lane's clean-room-proof-* jobs)	2026-09-18T16:05:28.1562733Z     │
Clean-room proof rehearsal	Run clean-room proof (identical invocation to the release lane's clean-room-proof-* jobs)	2026-09-18T16:05:28.1564907Z  24 │   "phoenix_template": {:hex, :phoenix_template, "1.0.4", "e2092c132f3b5e5b2d49c96695342eb36d0ed514c5b252a77048d5969330d639", [:mix], [{:phoenix_html, "~> 2.14.2 or ~> 3.0 or ~> 4.0", [hex: :phoenix_html, repo: "hexpm", optional: true]}], "hexpm", "2c0c81f0e5c6753faf5cca2f229c9709919aba34fab866d3bc05060c9c444206"},
Clean-room proof rehearsal	Run clean-room proof (identical invocation to the release lane's clean-room-proof-* jobs)	2026-09-18T16:05:28.1567414Z     │   ~
Clean-room proof rehearsal	Run clean-room proof (identical invocation to the release lane's clean-room-proof-* jobs)	2026-09-18T16:05:28.1567738Z     │
Clean-room proof rehearsal	Run clean-room proof (identical invocation to the release lane's clean-room-proof-* jobs)	2026-09-18T16:05:28.1568119Z     └─ mix.lock:24:3
Clean-room proof rehearsal	Run clean-room proof (identical invocation to the release lane's clean-room-proof-* jobs)	2026-09-18T16:05:28.1568363Z 
Clean-room proof rehearsal	Run clean-room proof (identical invocation to the release lane's clean-room-proof-* jobs)	2026-09-18T16:05:28.1569742Z     warning: found quoted keyword "plug" but the quotes are not required. Note that keywords are always atoms, even when quoted. Similar to atoms, keywords made exclusively of ASCII letters, numbers, and underscores and not beginning with a number do not require quotes
Clean-room proof rehearsal	Run clean-room proof (identical invocation to the release lane's clean-room-proof-* jobs)	2026-09-18T16:05:28.1570775Z     │
Clean-room proof rehearsal	Run clean-room proof (identical invocation to the release lane's clean-room-proof-* jobs)	2026-09-18T16:05:28.1572473Z  25 │   "plug": {:hex, :plug, "1.20.3", "56c480c633ec2ce10140e236e15233bf576e1d323887d7c96711bd02ab5160db", [:mix], [{:mime, "~> 1.0 or ~> 2.0", [hex: :mime, repo: "hexpm", optional: false]}, {:plug_crypto, "~> 1.1.1 or ~> 1.2 or ~> 2.0", [hex: :plug_crypto, repo: "hexpm", optional: false]}, {:telemetry, "~> 0.4.3 or ~> 1.0", [hex: :telemetry, repo: "hexpm", optional: false]}], "hexpm", "be266aee1b8536ef6409d58cf39a3121319f0ec47cfa1b24024485aa0e76ad76"},
Clean-room proof rehearsal	Run clean-room proof (identical invocation to the release lane's clean-room-proof-* jobs)	2026-09-18T16:05:28.1574282Z     │   ~
Clean-room proof rehearsal	Run clean-room proof (identical invocation to the release lane's clean-room-proof-* jobs)	2026-09-18T16:05:28.1574543Z     │
Clean-room proof rehearsal	Run clean-room proof (identical invocation to the release lane's clean-room-proof-* jobs)	2026-09-18T16:05:28.1574821Z     └─ mix.lock:25:3
Clean-room proof rehearsal	Run clean-room proof (identical invocation to the release lane's clean-room-proof-* jobs)	2026-09-18T16:05:28.1575005Z 
Clean-room proof rehearsal	Run clean-room proof (identical invocation to the release lane's clean-room-proof-* jobs)	2026-09-18T16:05:28.1575947Z     warning: found quoted keyword "plug_crypto" but the quotes are not required. Note that keywords are always atoms, even when quoted. Similar to atoms, keywords made exclusively of ASCII letters, numbers, and underscores and not beginning with a number do not require quotes
Clean-room proof rehearsal	Run clean-room proof (identical invocation to the release lane's clean-room-proof-* jobs)	2026-09-18T16:05:28.1577300Z     │
Clean-room proof rehearsal	Run clean-room proof (identical invocation to the release lane's clean-room-proof-* jobs)	2026-09-18T16:05:28.1578193Z  26 │   "plug_crypto": {:hex, :plug_crypto, "2.2.0", "144014737daaf485407f5ed77daeaad74d651b216a28c87543f8cc7043f8efc8", [:mix], [], "hexpm", "83a95744ab1c75876542b6fab135fcc176280e0f301a111c1f757fddcec95d2c"},
Clean-room proof rehearsal	Run clean-room proof (identical invocation to the release lane's clean-room-proof-* jobs)	2026-09-18T16:05:28.1579013Z     │   ~
Clean-room proof rehearsal	Run clean-room proof (identical invocation to the release lane's clean-room-proof-* jobs)	2026-09-18T16:05:28.1579211Z     │
Clean-room proof rehearsal	Run clean-room proof (identical invocation to the release lane's clean-room-proof-* jobs)	2026-09-18T16:05:28.1579426Z     └─ mix.lock:26:3
Clean-room proof rehearsal	Run clean-room proof (identical invocation to the release lane's clean-room-proof-* jobs)	2026-09-18T16:05:28.1579563Z 
Clean-room proof rehearsal	Run clean-room proof (identical invocation to the release lane's clean-room-proof-* jobs)	2026-09-18T16:05:28.1580438Z     warning: found quoted keyword "postgrex" but the quotes are not required. Note that keywords are always atoms, even when quoted. Similar to atoms, keywords made exclusively of ASCII letters, numbers, and underscores and not beginning with a number do not require quotes
Clean-room proof rehearsal	Run clean-room proof (identical invocation to the release lane's clean-room-proof-* jobs)	2026-09-18T16:05:28.1581469Z     │
Clean-room proof rehearsal	Run clean-room proof (identical invocation to the release lane's clean-room-proof-* jobs)	2026-09-18T16:05:28.1583331Z  27 │   "postgrex": {:hex, :postgrex, "0.22.4", "d271f595dfd25230b6398354e19d17bb5e2d20130fd2d9bdca7e15f125d43552", [:mix], [{:db_connection, "~> 2.9", [hex: :db_connection, repo: "hexpm", optional: false]}, {:decimal, "~> 1.5 or ~> 2.0 or ~> 3.0", [hex: :decimal, repo: "hexpm", optional: false]}, {:jason, "~> 1.0", [hex: :jason, repo: "hexpm", optional: true]}, {:table, "~> 0.1.0", [hex: :table, repo: "hexpm", optional: true]}], "hexpm", "4aae45a2d60e35b04eea2602440be152fae332901f1fc7a60fc7cb7f0f9a9c5a"},
Clean-room proof rehearsal	Run clean-room proof (identical invocation to the release lane's clean-room-proof-* jobs)	2026-09-18T16:05:28.1584952Z     │   ~
Clean-room proof rehearsal	Run clean-room proof (identical invocation to the release lane's clean-room-proof-* jobs)	2026-09-18T16:05:28.1585148Z     │
Clean-room proof rehearsal	Run clean-room proof (identical invocation to the release lane's clean-room-proof-* jobs)	2026-09-18T16:05:28.1585365Z     └─ mix.lock:27:3
Clean-room proof rehearsal	Run clean-room proof (identical invocation to the release lane's clean-room-proof-* jobs)	2026-09-18T16:05:28.1585508Z 
Clean-room proof rehearsal	Run clean-room proof (identical invocation to the release lane's clean-room-proof-* jobs)	2026-09-18T16:05:28.1586361Z     warning: found quoted keyword "rindle" but the quotes are not required. Note that keywords are always atoms, even when quoted. Similar to atoms, keywords made exclusively of ASCII letters, numbers, and underscores and not beginning with a number do not require quotes
Clean-room proof rehearsal	Run clean-room proof (identical invocation to the release lane's clean-room-proof-* jobs)	2026-09-18T16:05:28.1587890Z     │
Clean-room proof rehearsal	Run clean-room proof (identical invocation to the release lane's clean-room-proof-* jobs)	2026-09-18T16:05:28.1593246Z  28 │   "rindle": {:hex, :rindle, "0.4.6", "35bea401dc09aac08d5c36bedc8ea9c096e92b03c6aec03698a8dced24bafc67", [:mix], [{:ecto_sql, "~> 3.11", [hex: :ecto_sql, repo: "hexpm", optional: false]}, {:ex_aws, "~> 2.5", [hex: :ex_aws, repo: "hexpm", optional: false]}, {:ex_aws_s3, "~> 2.5", [hex: :ex_aws_s3, repo: "hexpm", optional: false]}, {:ex_marcel, "~> 0.2", [hex: :ex_marcel, repo: "hexpm", optional: false]}, {:finch, "~> 0.21", [hex: :finch, repo: "hexpm", optional: true]}, {:gcs_signed_url, "~> 0.6", [hex: :gcs_signed_url, repo: "hexpm", optional: true]}, {:goth, "~> 1.4", [hex: :goth, repo: "hexpm", optional: true]}, {:image, "~> 0.65", [hex: :image, repo: "hexpm", optional: false]}, {:jason, "~> 1.4", [hex: :jason, repo: "hexpm", optional: false]}, {:jose, "~> 1.11", [hex: :jose, repo: "hexpm", optional: true]}, {:muontrap, "~> 1.7", [hex: :muontrap, repo: "hexpm", optional: false]}, {:mux, "~> 3.2", [hex: :mux, repo: "hexpm", optional: true]}, {:nimble_options, "~> 1.1", [hex: :nimble_options, repo: "hexpm", optional: false]}, {:oban, "~> 2.21", [hex: :oban, repo: "hexpm", optional: false]}, {:phoenix_live_view, "~> 1.0", [hex: :phoenix_live_view, repo: "hexpm", optional: true]}, {:plug, "~> 1.16", [hex: :plug, repo: "hexpm", optional: false]}, {:postgrex, "~> 0.18", [hex: :postgrex, repo: "hexpm", optional: false]}, {:req, "~> 0.6", [hex: :req, repo: "hexpm", optional: true]}, {:telemetry, "~> 1.2", [hex: :telemetry, repo: "hexpm", optional: false]}], "hexpm", "61cf11552ba726fcee979524fd7b50b3a2c40a40a8719cd7ce6c0d913a397362"},
Clean-room proof rehearsal	Run clean-room proof (identical invocation to the release lane's clean-room-proof-* jobs)	2026-09-18T16:05:28.1598516Z     │   ~
Clean-room proof rehearsal	Run clean-room proof (identical invocation to the release lane's clean-room-proof-* jobs)	2026-09-18T16:05:28.1598721Z     │
Clean-room proof rehearsal	Run clean-room proof (identical invocation to the release lane's clean-room-proof-* jobs)	2026-09-18T16:05:28.1598945Z     └─ mix.lock:28:3
Clean-room proof rehearsal	Run clean-room proof (identical invocation to the release lane's clean-room-proof-* jobs)	2026-09-18T16:05:28.1599095Z 
Clean-room proof rehearsal	Run clean-room proof (identical invocation to the release lane's clean-room-proof-* jobs)	2026-09-18T16:05:28.1599958Z     warning: found quoted keyword "sweet_xml" but the quotes are not required. Note that keywords are always atoms, even when quoted. Similar to atoms, keywords made exclusively of ASCII letters, numbers, and underscores and not beginning with a number do not require quotes
Clean-room proof rehearsal	Run clean-room proof (identical invocation to the release lane's clean-room-proof-* jobs)	2026-09-18T16:05:28.1600998Z     │
Clean-room proof rehearsal	Run clean-room proof (identical invocation to the release lane's clean-room-proof-* jobs)	2026-09-18T16:05:28.1601863Z  29 │   "sweet_xml": {:hex, :sweet_xml, "0.7.5", "803a563113981aaac202a1dbd39771562d0ad31004ddbfc9b5090bdcd5605277", [:mix], [], "hexpm", "193b28a9b12891cae351d81a0cead165ffe67df1b73fe5866d10629f4faefb12"},
Clean-room proof rehearsal	Run clean-room proof (identical invocation to the release lane's clean-room-proof-* jobs)	2026-09-18T16:05:28.1602662Z     │   ~
Clean-room proof rehearsal	Run clean-room proof (identical invocation to the release lane's clean-room-proof-* jobs)	2026-09-18T16:05:28.1602859Z     │
Clean-room proof rehearsal	Run clean-room proof (identical invocation to the release lane's clean-room-proof-* jobs)	2026-09-18T16:05:28.1603079Z     └─ mix.lock:29:3
Clean-room proof rehearsal	Run clean-room proof (identical invocation to the release lane's clean-room-proof-* jobs)	2026-09-18T16:05:28.1603215Z 
Clean-room proof rehearsal	Run clean-room proof (identical invocation to the release lane's clean-room-proof-* jobs)	2026-09-18T16:05:28.1604073Z     warning: found quoted keyword "telemetry" but the quotes are not required. Note that keywords are always atoms, even when quoted. Similar to atoms, keywords made exclusively of ASCII letters, numbers, and underscores and not beginning with a number do not require quotes
Clean-room proof rehearsal	Run clean-room proof (identical invocation to the release lane's clean-room-proof-* jobs)	2026-09-18T16:05:28.1605117Z     │
Clean-room proof rehearsal	Run clean-room proof (identical invocation to the release lane's clean-room-proof-* jobs)	2026-09-18T16:05:28.1605983Z  30 │   "telemetry": {:hex, :telemetry, "1.4.2", "a0cb522801dffb1c49fe6e30561badffc7b6d0e180db1300df759faa22062855", [:rebar3], [], "hexpm", "928f6495066506077862c0d1646609eed891a4326bee3126ba54b60af61febb1"},
Clean-room proof rehearsal	Run clean-room proof (identical invocation to the release lane's clean-room-proof-* jobs)	2026-09-18T16:05:28.1607022Z     │   ~
Clean-room proof rehearsal	Run clean-room proof (identical invocation to the release lane's clean-room-proof-* jobs)	2026-09-18T16:05:28.1607230Z     │
Clean-room proof rehearsal	Run clean-room proof (identical invocation to the release lane's clean-room-proof-* jobs)	2026-09-18T16:05:28.1607449Z     └─ mix.lock:30:3
Clean-room proof rehearsal	Run clean-room proof (identical invocation to the release lane's clean-room-proof-* jobs)	2026-09-18T16:05:28.1607586Z 
Clean-room proof rehearsal	Run clean-room proof (identical invocation to the release lane's clean-room-proof-* jobs)	2026-09-18T16:05:28.1608419Z     warning: found quoted keyword "vix" but the quotes are not required. Note that keywords are always atoms, even when quoted. Similar to atoms, keywords made exclusively of ASCII letters, numbers, and underscores and not beginning with a number do not require quotes
Clean-room proof rehearsal	Run clean-room proof (identical invocation to the release lane's clean-room-proof-* jobs)	2026-09-18T16:05:28.1609432Z     │
Clean-room proof rehearsal	Run clean-room proof (identical invocation to the release lane's clean-room-proof-* jobs)	2026-09-18T16:05:28.1611097Z  31 │   "vix": {:hex, :vix, "0.41.0", "a17e233d57170d8f25a960d28c87194ca4ebd28100c2620ba91ecc8bede96234", [:make, :mix], [{:cc_precompiler, "~> 0.1.4 or ~> 0.2", [hex: :cc_precompiler, repo: "hexpm", optional: false]}, {:elixir_make, "~> 0.7.3 or ~> 0.8", [hex: :elixir_make, repo: "hexpm", optional: false]}, {:kino, "~> 0.7", [hex: :kino, repo: "hexpm", optional: true]}], "hexpm", "9a16b5acd9989630cae44333fcf9de11a54609a7596bba59a0c424593b3f9570"},
Clean-room proof rehearsal	Run clean-room proof (identical invocation to the release lane's clean-room-proof-* jobs)	2026-09-18T16:05:28.1612732Z     │   ~
Clean-room proof rehearsal	Run clean-room proof (identical invocation to the release lane's clean-room-proof-* jobs)	2026-09-18T16:05:28.1612931Z     │
Clean-room proof rehearsal	Run clean-room proof (identical invocation to the release lane's clean-room-proof-* jobs)	2026-09-18T16:05:28.1613148Z     └─ mix.lock:31:3
Clean-room proof rehearsal	Run clean-room proof (identical invocation to the release lane's clean-room-proof-* jobs)	2026-09-18T16:05:28.1613281Z 
Clean-room proof rehearsal	Run clean-room proof (identical invocation to the release lane's clean-room-proof-* jobs)	2026-09-18T16:05:28.1614136Z     warning: found quoted keyword "websock" but the quotes are not required. Note that keywords are always atoms, even when quoted. Similar to atoms, keywords made exclusively of ASCII letters, numbers, and underscores and not beginning with a number do not require quotes
Clean-room proof rehearsal	Run clean-room proof (identical invocation to the release lane's clean-room-proof-* jobs)	2026-09-18T16:05:28.1615153Z     │
Clean-room proof rehearsal	Run clean-room proof (identical invocation to the release lane's clean-room-proof-* jobs)	2026-09-18T16:05:28.1615999Z  32 │   "websock": {:hex, :websock, "0.5.3", "2f69a6ebe810328555b6fe5c831a851f485e303a7c8ce6c5f675abeb20ebdadc", [:mix], [], "hexpm", "6105453d7fac22c712ad66fab1d45abdf049868f253cf719b625151460b8b453"},
Clean-room proof rehearsal	Run clean-room proof (identical invocation to the release lane's clean-room-proof-* jobs)	2026-09-18T16:05:28.1617014Z     │   ~
Clean-room proof rehearsal	Run clean-room proof (identical invocation to the release lane's clean-room-proof-* jobs)	2026-09-18T16:05:28.1617526Z     │
Clean-room proof rehearsal	Run clean-room proof (identical invocation to the release lane's clean-room-proof-* jobs)	2026-09-18T16:05:28.1617838Z     └─ mix.lock:32:3
Clean-room proof rehearsal	Run clean-room proof (identical invocation to the release lane's clean-room-proof-* jobs)	2026-09-18T16:05:28.1617992Z 
Clean-room proof rehearsal	Run clean-room proof (identical invocation to the release lane's clean-room-proof-* jobs)	2026-09-18T16:05:28.1618892Z     warning: found quoted keyword "websock_adapter" but the quotes are not required. Note that keywords are always atoms, even when quoted. Similar to atoms, keywords made exclusively of ASCII letters, numbers, and underscores and not beginning with a number do not require quotes
Clean-room proof rehearsal	Run clean-room proof (identical invocation to the release lane's clean-room-proof-* jobs)	2026-09-18T16:05:28.1619950Z     │
Clean-room proof rehearsal	Run clean-room proof (identical invocation to the release lane's clean-room-proof-* jobs)	2026-09-18T16:05:28.1621808Z  33 │   "websock_adapter": {:hex, :websock_adapter, "0.6.0", "73db5ab8aaefd1a876a97ce3e6afc96562625de69ef17a4e04426e034849d0b8", [:mix], [{:bandit, ">= 0.6.0", [hex: :bandit, repo: "hexpm", optional: true]}, {:plug, "~> 1.14", [hex: :plug, repo: "hexpm", optional: false]}, {:plug_cowboy, "~> 2.6", [hex: :plug_cowboy, repo: "hexpm", optional: true]}, {:websock, "~> 0.5", [hex: :websock, repo: "hexpm", optional: false]}], "hexpm", "50021a85bce8f203b086705d9e0c5415e2c7eb05d319111b0428fe71f9934617"},
Clean-room proof rehearsal	Run clean-room proof (identical invocation to the release lane's clean-room-proof-* jobs)	2026-09-18T16:05:28.1623429Z     │   ~
Clean-room proof rehearsal	Run clean-room proof (identical invocation to the release lane's clean-room-proof-* jobs)	2026-09-18T16:05:28.1623629Z     │
Clean-room proof rehearsal	Run clean-room proof (identical invocation to the release lane's clean-room-proof-* jobs)	2026-09-18T16:05:28.1623846Z     └─ mix.lock:33:3
Clean-room proof rehearsal	Run clean-room proof (identical invocation to the release lane's clean-room-proof-* jobs)	2026-09-18T16:05:28.1623975Z 
Clean-room proof rehearsal	Run clean-room proof (identical invocation to the release lane's clean-room-proof-* jobs)	2026-09-18T16:05:28.4101603Z [crosswake] OK: package=crosswake_rindle version=0.1.0 core_floor=~> 0.2 selected_core=0.2.1 state=lockfile-verified proof=continue
Clean-room proof rehearsal	Run clean-room proof (identical invocation to the release lane's clean-room-proof-* jobs)	2026-09-18T16:05:28.4102871Z [crosswake] source_mode=legacy-positional package=crosswake_rindle version=0.1.0 step=deps
Clean-room proof rehearsal	Run clean-room proof (identical invocation to the release lane's clean-room-proof-* jobs)	2026-09-18T16:05:28.4103604Z [crosswake] Step 3: mix compile --warnings-as-errors...
Clean-room proof rehearsal	Run clean-room proof (identical invocation to the release lane's clean-room-proof-* jobs)	2026-09-18T16:05:29.0286326Z ==> decimal
Clean-room proof rehearsal	Run clean-room proof (identical invocation to the release lane's clean-room-proof-* jobs)	2026-09-18T16:05:29.0302828Z Compiling 4 files (.ex)
Clean-room proof rehearsal	Run clean-room proof (identical invocation to the release lane's clean-room-proof-* jobs)	2026-09-18T16:05:29.7774697Z Generated decimal app
Clean-room proof rehearsal	Run clean-room proof (identical invocation to the release lane's clean-room-proof-* jobs)	2026-09-18T16:05:29.7956647Z ==> mime
Clean-room proof rehearsal	Run clean-room proof (identical invocation to the release lane's clean-room-proof-* jobs)	2026-09-18T16:05:29.7957614Z Compiling 1 file (.ex)
Clean-room proof rehearsal	Run clean-room proof (identical invocation to the release lane's clean-room-proof-* jobs)	2026-09-18T16:05:29.8871086Z Generated mime app
Clean-room proof rehearsal	Run clean-room proof (identical invocation to the release lane's clean-room-proof-* jobs)	2026-09-18T16:05:29.9035799Z ==> nimble_options
Clean-room proof rehearsal	Run clean-room proof (identical invocation to the release lane's clean-room-proof-* jobs)	2026-09-18T16:05:29.9036741Z Compiling 3 files (.ex)
Clean-room proof rehearsal	Run clean-room proof (identical invocation to the release lane's clean-room-proof-* jobs)	2026-09-18T16:05:30.2134856Z Generated nimble_options app
Clean-room proof rehearsal	Run clean-room proof (identical invocation to the release lane's clean-room-proof-* jobs)	2026-09-18T16:05:30.5364881Z ==> clean_room_crosswake_rindle
Clean-room proof rehearsal	Run clean-room proof (identical invocation to the release lane's clean-room-proof-* jobs)	2026-09-18T16:05:30.5365764Z ===> Analyzing applications...
Clean-room proof rehearsal	Run clean-room proof (identical invocation to the release lane's clean-room-proof-* jobs)	2026-09-18T16:05:30.5725170Z ===> Compiling telemetry
Clean-room proof rehearsal	Run clean-room proof (identical invocation to the release lane's clean-room-proof-* jobs)	2026-09-18T16:05:30.8044202Z ==> ex_marcel
Clean-room proof rehearsal	Run clean-room proof (identical invocation to the release lane's clean-room-proof-* jobs)	2026-09-18T16:05:30.8044876Z Compiling 7 files (.ex)
Clean-room proof rehearsal	Run clean-room proof (identical invocation to the release lane's clean-room-proof-* jobs)	2026-09-18T16:05:31.0258148Z Generated ex_marcel app
Clean-room proof rehearsal	Run clean-room proof (identical invocation to the release lane's clean-room-proof-* jobs)	2026-09-18T16:05:31.0469917Z ==> jason
Clean-room proof rehearsal	Run clean-room proof (identical invocation to the release lane's clean-room-proof-* jobs)	2026-09-18T16:05:31.0470460Z Compiling 10 files (.ex)
Clean-room proof rehearsal	Run clean-room proof (identical invocation to the release lane's clean-room-proof-* jobs)	2026-09-18T16:05:32.4304707Z Generated jason app
Clean-room proof rehearsal	Run clean-room proof (identical invocation to the release lane's clean-room-proof-* jobs)	2026-09-18T16:05:32.5077900Z ==> phoenix_html
Clean-room proof rehearsal	Run clean-room proof (identical invocation to the release lane's clean-room-proof-* jobs)	2026-09-18T16:05:32.5078579Z Compiling 6 files (.ex)
Clean-room proof rehearsal	Run clean-room proof (identical invocation to the release lane's clean-room-proof-* jobs)	2026-09-18T16:05:32.7734607Z Generated phoenix_html app
Clean-room proof rehearsal	Run clean-room proof (identical invocation to the release lane's clean-room-proof-* jobs)	2026-09-18T16:05:32.8015149Z ==> phoenix_template
Clean-room proof rehearsal	Run clean-room proof (identical invocation to the release lane's clean-room-proof-* jobs)	2026-09-18T16:05:32.8016038Z Compiling 4 files (.ex)
Clean-room proof rehearsal	Run clean-room proof (identical invocation to the release lane's clean-room-proof-* jobs)	2026-09-18T16:05:32.9054648Z Generated phoenix_template app
Clean-room proof rehearsal	Run clean-room proof (identical invocation to the release lane's clean-room-proof-* jobs)	2026-09-18T16:05:32.9323416Z ==> db_connection
Clean-room proof rehearsal	Run clean-room proof (identical invocation to the release lane's clean-room-proof-* jobs)	2026-09-18T16:05:32.9324354Z Compiling 18 files (.ex)
Clean-room proof rehearsal	Run clean-room proof (identical invocation to the release lane's clean-room-proof-* jobs)	2026-09-18T16:05:33.6285950Z Generated db_connection app
Clean-room proof rehearsal	Run clean-room proof (identical invocation to the release lane's clean-room-proof-* jobs)	2026-09-18T16:05:33.7023765Z ==> phoenix_pubsub
Clean-room proof rehearsal	Run clean-room proof (identical invocation to the release lane's clean-room-proof-* jobs)	2026-09-18T16:05:33.7024798Z Compiling 12 files (.ex)
Clean-room proof rehearsal	Run clean-room proof (identical invocation to the release lane's clean-room-proof-* jobs)	2026-09-18T16:05:34.0960758Z Generated phoenix_pubsub app
Clean-room proof rehearsal	Run clean-room proof (identical invocation to the release lane's clean-room-proof-* jobs)	2026-09-18T16:05:34.1218907Z ==> plug_crypto
Clean-room proof rehearsal	Run clean-room proof (identical invocation to the release lane's clean-room-proof-* jobs)	2026-09-18T16:05:34.1219675Z Compiling 5 files (.ex)
Clean-room proof rehearsal	Run clean-room proof (identical invocation to the release lane's clean-room-proof-* jobs)	2026-09-18T16:05:34.2442372Z Generated plug_crypto app
Clean-room proof rehearsal	Run clean-room proof (identical invocation to the release lane's clean-room-proof-* jobs)	2026-09-18T16:05:34.2655920Z ==> ecto
Clean-room proof rehearsal	Run clean-room proof (identical invocation to the release lane's clean-room-proof-* jobs)	2026-09-18T16:05:34.2657095Z Compiling 56 files (.ex)
Clean-room proof rehearsal	Run clean-room proof (identical invocation to the release lane's clean-room-proof-* jobs)	2026-09-18T16:05:37.6011258Z Generated ecto app
Clean-room proof rehearsal	Run clean-room proof (identical invocation to the release lane's clean-room-proof-* jobs)	2026-09-18T16:05:37.7038972Z ==> plug
Clean-room proof rehearsal	Run clean-room proof (identical invocation to the release lane's clean-room-proof-* jobs)	2026-09-18T16:05:37.7039466Z Compiling 1 file (.erl)
Clean-room proof rehearsal	Run clean-room proof (identical invocation to the release lane's clean-room-proof-* jobs)	2026-09-18T16:05:37.9626190Z Compiling 42 files (.ex)
Clean-room proof rehearsal	Run clean-room proof (identical invocation to the release lane's clean-room-proof-* jobs)	2026-09-18T16:05:40.1018977Z Generated plug app
Clean-room proof rehearsal	Run clean-room proof (identical invocation to the release lane's clean-room-proof-* jobs)	2026-09-18T16:05:40.2088397Z ==> color
Clean-room proof rehearsal	Run clean-room proof (identical invocation to the release lane's clean-room-proof-* jobs)	2026-09-18T16:05:40.2135379Z Compiling 93 files (.ex)
Clean-room proof rehearsal	Run clean-room proof (identical invocation to the release lane's clean-room-proof-* jobs)	2026-09-18T16:05:42.2886738Z Generated color app
Clean-room proof rehearsal	Run clean-room proof (identical invocation to the release lane's clean-room-proof-* jobs)	2026-09-18T16:05:42.3918745Z ==> postgrex
Clean-room proof rehearsal	Run clean-room proof (identical invocation to the release lane's clean-room-proof-* jobs)	2026-09-18T16:05:42.3919733Z Compiling 70 files (.ex)
Clean-room proof rehearsal	Run clean-room proof (identical invocation to the release lane's clean-room-proof-* jobs)	2026-09-18T16:05:50.4063828Z Generated postgrex app
Clean-room proof rehearsal	Run clean-room proof (identical invocation to the release lane's clean-room-proof-* jobs)	2026-09-18T16:05:50.5644442Z ==> ecto_sql
Clean-room proof rehearsal	Run clean-room proof (identical invocation to the release lane's clean-room-proof-* jobs)	2026-09-18T16:05:50.5645578Z Compiling 25 files (.ex)
Clean-room proof rehearsal	Run clean-room proof (identical invocation to the release lane's clean-room-proof-* jobs)	2026-09-18T16:05:51.8127567Z Generated ecto_sql app
Clean-room proof rehearsal	Run clean-room proof (identical invocation to the release lane's clean-room-proof-* jobs)	2026-09-18T16:05:51.8633651Z ==> oban
Clean-room proof rehearsal	Run clean-room proof (identical invocation to the release lane's clean-room-proof-* jobs)	2026-09-18T16:05:51.8634360Z Compiling 70 files (.ex)
Clean-room proof rehearsal	Run clean-room proof (identical invocation to the release lane's clean-room-proof-* jobs)	2026-09-18T16:05:53.3023104Z Generated oban app
Clean-room proof rehearsal	Run clean-room proof (identical invocation to the release lane's clean-room-proof-* jobs)	2026-09-18T16:05:53.4499996Z ==> elixir_make
Clean-room proof rehearsal	Run clean-room proof (identical invocation to the release lane's clean-room-proof-* jobs)	2026-09-18T16:05:53.4501323Z Compiling 8 files (.ex)
Clean-room proof rehearsal	Run clean-room proof (identical invocation to the release lane's clean-room-proof-* jobs)	2026-09-18T16:05:53.6187203Z Generated elixir_make app
Clean-room proof rehearsal	Run clean-room proof (identical invocation to the release lane's clean-room-proof-* jobs)	2026-09-18T16:05:53.6363200Z ==> muontrap
Clean-room proof rehearsal	Run clean-room proof (identical invocation to the release lane's clean-room-proof-* jobs)	2026-09-18T16:05:53.6421000Z make[1]: Entering directory '/home/runner/work/_temp/crosswake-cleanroom-legacy.vjL2r6/clean_room_crosswake_rindle/deps/muontrap/c_src'
Clean-room proof rehearsal	Run clean-room proof (identical invocation to the release lane's clean-room-proof-* jobs)	2026-09-18T16:05:53.6450207Z  CC muontrap.o
Clean-room proof rehearsal	Run clean-room proof (identical invocation to the release lane's clean-room-proof-* jobs)	2026-09-18T16:05:53.9651728Z  LD muontrap
Clean-room proof rehearsal	Run clean-room proof (identical invocation to the release lane's clean-room-proof-* jobs)	2026-09-18T16:05:53.9950802Z make[1]: Leaving directory '/home/runner/work/_temp/crosswake-cleanroom-legacy.vjL2r6/clean_room_crosswake_rindle/deps/muontrap/c_src'
Clean-room proof rehearsal	Run clean-room proof (identical invocation to the release lane's clean-room-proof-* jobs)	2026-09-18T16:05:54.0017779Z Compiling 5 files (.ex)
Clean-room proof rehearsal	Run clean-room proof (identical invocation to the release lane's clean-room-proof-* jobs)	2026-09-18T16:05:54.1203916Z Generated muontrap app
Clean-room proof rehearsal	Run clean-room proof (identical invocation to the release lane's clean-room-proof-* jobs)	2026-09-18T16:05:54.1415438Z ==> cc_precompiler
Clean-room proof rehearsal	Run clean-room proof (identical invocation to the release lane's clean-room-proof-* jobs)	2026-09-18T16:05:54.1416392Z Compiling 3 files (.ex)
Clean-room proof rehearsal	Run clean-room proof (identical invocation to the release lane's clean-room-proof-* jobs)	2026-09-18T16:05:54.2641086Z Generated cc_precompiler app
Clean-room proof rehearsal	Run clean-room proof (identical invocation to the release lane's clean-room-proof-* jobs)	2026-09-18T16:05:54.2909831Z ==> vix
Clean-room proof rehearsal	Run clean-room proof (identical invocation to the release lane's clean-room-proof-* jobs)	2026-09-18T16:05:54.2911280Z Downloading precompiled NIF to /home/runner/.cache/elixir_make/vix-nif-2.17-x86_64-linux-gnu-0.41.0.tar.gz
Clean-room proof rehearsal	Run clean-room proof (identical invocation to the release lane's clean-room-proof-* jobs)	2026-09-18T16:05:54.7377373Z Compiling 28 files (.ex)
Clean-room proof rehearsal	Run clean-room proof (identical invocation to the release lane's clean-room-proof-* jobs)	2026-09-18T16:05:56.2645023Z Generated vix app
Clean-room proof rehearsal	Run clean-room proof (identical invocation to the release lane's clean-room-proof-* jobs)	2026-09-18T16:05:56.4122033Z ==> websock
Clean-room proof rehearsal	Run clean-room proof (identical invocation to the release lane's clean-room-proof-* jobs)	2026-09-18T16:05:56.4122730Z Compiling 1 file (.ex)
Clean-room proof rehearsal	Run clean-room proof (identical invocation to the release lane's clean-room-proof-* jobs)	2026-09-18T16:05:56.4499804Z Generated websock app
Clean-room proof rehearsal	Run clean-room proof (identical invocation to the release lane's clean-room-proof-* jobs)	2026-09-18T16:05:56.5402783Z ==> websock_adapter
Clean-room proof rehearsal	Run clean-room proof (identical invocation to the release lane's clean-room-proof-* jobs)	2026-09-18T16:05:56.5403416Z Compiling 4 files (.ex)
Clean-room proof rehearsal	Run clean-room proof (identical invocation to the release lane's clean-room-proof-* jobs)	2026-09-18T16:05:56.6372317Z Generated websock_adapter app
Clean-room proof rehearsal	Run clean-room proof (identical invocation to the release lane's clean-room-proof-* jobs)	2026-09-18T16:05:56.6763053Z ==> phoenix
Clean-room proof rehearsal	Run clean-room proof (identical invocation to the release lane's clean-room-proof-* jobs)	2026-09-18T16:05:56.6764120Z Compiling 75 files (.ex)
Clean-room proof rehearsal	Run clean-room proof (identical invocation to the release lane's clean-room-proof-* jobs)	2026-09-18T16:05:58.9622928Z Generated phoenix app
Clean-room proof rehearsal	Run clean-room proof (identical invocation to the release lane's clean-room-proof-* jobs)	2026-09-18T16:05:59.1035076Z ==> phoenix_live_view
Clean-room proof rehearsal	Run clean-room proof (identical invocation to the release lane's clean-room-proof-* jobs)	2026-09-18T16:05:59.1036727Z Compiling 55 files (.ex)
Clean-room proof rehearsal	Run clean-room proof (identical invocation to the release lane's clean-room-proof-* jobs)	2026-09-18T16:06:02.6330345Z Generated phoenix_live_view app
Clean-room proof rehearsal	Run clean-room proof (identical invocation to the release lane's clean-room-proof-* jobs)	2026-09-18T16:06:02.7248295Z ==> crosswake
Clean-room proof rehearsal	Run clean-room proof (identical invocation to the release lane's clean-room-proof-* jobs)	2026-09-18T16:06:02.7259780Z Compiling 131 files (.ex)
Clean-room proof rehearsal	Run clean-room proof (identical invocation to the release lane's clean-room-proof-* jobs)	2026-09-18T16:06:07.7074008Z Generated crosswake app
Clean-room proof rehearsal	Run clean-room proof (identical invocation to the release lane's clean-room-proof-* jobs)	2026-09-18T16:06:07.8747822Z ==> sweet_xml
Clean-room proof rehearsal	Run clean-room proof (identical invocation to the release lane's clean-room-proof-* jobs)	2026-09-18T16:06:07.8748345Z Compiling 2 files (.ex)
Clean-room proof rehearsal	Run clean-room proof (identical invocation to the release lane's clean-room-proof-* jobs)	2026-09-18T16:06:08.4498478Z      warning: a struct for SweetXpath is expected on struct update:
Clean-room proof rehearsal	Run clean-room proof (identical invocation to the release lane's clean-room-proof-* jobs)	2026-09-18T16:06:08.4499607Z 
Clean-room proof rehearsal	Run clean-room proof (identical invocation to the release lane's clean-room-proof-* jobs)	2026-09-18T16:06:08.4500165Z          %SweetXpath{xpath | namespaces: [{to_charlist(prefix), to_charlist(uri)} | xpath.namespaces]}
Clean-room proof rehearsal	Run clean-room proof (identical invocation to the release lane's clean-room-proof-* jobs)	2026-09-18T16:06:08.4500818Z 
Clean-room proof rehearsal	Run clean-room proof (identical invocation to the release lane's clean-room-proof-* jobs)	2026-09-18T16:06:08.4501106Z      but got type:
Clean-room proof rehearsal	Run clean-room proof (identical invocation to the release lane's clean-room-proof-* jobs)	2026-09-18T16:06:08.4501479Z 
Clean-room proof rehearsal	Run clean-room proof (identical invocation to the release lane's clean-room-proof-* jobs)	2026-09-18T16:06:08.4501748Z          dynamic()
Clean-room proof rehearsal	Run clean-room proof (identical invocation to the release lane's clean-room-proof-* jobs)	2026-09-18T16:06:08.4502299Z 
Clean-room proof rehearsal	Run clean-room proof (identical invocation to the release lane's clean-room-proof-* jobs)	2026-09-18T16:06:08.4502887Z      where "xpath" was given the type:
Clean-room proof rehearsal	Run clean-room proof (identical invocation to the release lane's clean-room-proof-* jobs)	2026-09-18T16:06:08.4503268Z 
Clean-room proof rehearsal	Run clean-room proof (identical invocation to the release lane's clean-room-proof-* jobs)	2026-09-18T16:06:08.4503443Z          # type: dynamic()
Clean-room proof rehearsal	Run clean-room proof (identical invocation to the release lane's clean-room-proof-* jobs)	2026-09-18T16:06:08.4503899Z          # from: lib/sweet_xml.ex:245:21
Clean-room proof rehearsal	Run clean-room proof (identical invocation to the release lane's clean-room-proof-* jobs)	2026-09-18T16:06:08.4504394Z          xpath
Clean-room proof rehearsal	Run clean-room proof (identical invocation to the release lane's clean-room-proof-* jobs)	2026-09-18T16:06:08.4504591Z 
Clean-room proof rehearsal	Run clean-room proof (identical invocation to the release lane's clean-room-proof-* jobs)	2026-09-18T16:06:08.4505013Z      when defining the variable "xpath", you must also pattern match on "%SweetXpath{}".
Clean-room proof rehearsal	Run clean-room proof (identical invocation to the release lane's clean-room-proof-* jobs)	2026-09-18T16:06:08.4505592Z 
Clean-room proof rehearsal	Run clean-room proof (identical invocation to the release lane's clean-room-proof-* jobs)	2026-09-18T16:06:08.4506390Z      hint: given pattern matching is enough to catch typing errors, you may optionally convert the struct update into a map update. For example, instead of:
Clean-room proof rehearsal	Run clean-room proof (identical invocation to the release lane's clean-room-proof-* jobs)	2026-09-18T16:06:08.4507580Z 
Clean-room proof rehearsal	Run clean-room proof (identical invocation to the release lane's clean-room-proof-* jobs)	2026-09-18T16:06:08.4507754Z          user = some_function()
Clean-room proof rehearsal	Run clean-room proof (identical invocation to the release lane's clean-room-proof-* jobs)	2026-09-18T16:06:08.4508212Z          %User{user | name: "John Doe"}
Clean-room proof rehearsal	Run clean-room proof (identical invocation to the release lane's clean-room-proof-* jobs)	2026-09-18T16:06:08.4508515Z 
Clean-room proof rehearsal	Run clean-room proof (identical invocation to the release lane's clean-room-proof-* jobs)	2026-09-18T16:06:08.4508689Z      it is enough to write:
Clean-room proof rehearsal	Run clean-room proof (identical invocation to the release lane's clean-room-proof-* jobs)	2026-09-18T16:06:08.4509451Z 
Clean-room proof rehearsal	Run clean-room proof (identical invocation to the release lane's clean-room-proof-* jobs)	2026-09-18T16:06:08.4509644Z          %User{} = user = some_function()
Clean-room proof rehearsal	Run clean-room proof (identical invocation to the release lane's clean-room-proof-* jobs)	2026-09-18T16:06:08.4510108Z          %{user | name: "John Doe"}
Clean-room proof rehearsal	Run clean-room proof (identical invocation to the release lane's clean-room-proof-* jobs)	2026-09-18T16:06:08.4510385Z 
Clean-room proof rehearsal	Run clean-room proof (identical invocation to the release lane's clean-room-proof-* jobs)	2026-09-18T16:06:08.4510553Z      typing violation found at:
Clean-room proof rehearsal	Run clean-room proof (identical invocation to the release lane's clean-room-proof-* jobs)	2026-09-18T16:06:08.4511158Z      │
Clean-room proof rehearsal	Run clean-room proof (identical invocation to the release lane's clean-room-proof-* jobs)	2026-09-18T16:06:08.4511835Z  246 │     %SweetXpath{xpath | namespaces: [{to_charlist(prefix), to_charlist(uri)}
Clean-room proof rehearsal	Run clean-room proof (identical invocation to the release lane's clean-room-proof-* jobs)	2026-09-18T16:06:08.4512530Z      │     ~
Clean-room proof rehearsal	Run clean-room proof (identical invocation to the release lane's clean-room-proof-* jobs)	2026-09-18T16:06:08.4512848Z      │
Clean-room proof rehearsal	Run clean-room proof (identical invocation to the release lane's clean-room-proof-* jobs)	2026-09-18T16:06:08.4513334Z      └─ lib/sweet_xml.ex:246:5: SweetXml.add_namespace/3
Clean-room proof rehearsal	Run clean-room proof (identical invocation to the release lane's clean-room-proof-* jobs)	2026-09-18T16:06:08.4513752Z 
Clean-room proof rehearsal	Run clean-room proof (identical invocation to the release lane's clean-room-proof-* jobs)	2026-09-18T16:06:08.4556035Z Generated sweet_xml app
Clean-room proof rehearsal	Run clean-room proof (identical invocation to the release lane's clean-room-proof-* jobs)	2026-09-18T16:06:08.5419504Z ==> ex_aws
Clean-room proof rehearsal	Run clean-room proof (identical invocation to the release lane's clean-room-proof-* jobs)	2026-09-18T16:06:08.5420028Z Compiling 29 files (.ex)
Clean-room proof rehearsal	Run clean-room proof (identical invocation to the release lane's clean-room-proof-* jobs)	2026-09-18T16:06:09.1064797Z Generated ex_aws app
Clean-room proof rehearsal	Run clean-room proof (identical invocation to the release lane's clean-room-proof-* jobs)	2026-09-18T16:06:09.1942856Z ==> ex_aws_s3
Clean-room proof rehearsal	Run clean-room proof (identical invocation to the release lane's clean-room-proof-* jobs)	2026-09-18T16:06:09.1943381Z Compiling 7 files (.ex)
Clean-room proof rehearsal	Run clean-room proof (identical invocation to the release lane's clean-room-proof-* jobs)	2026-09-18T16:06:09.6675024Z Generated ex_aws_s3 app
Clean-room proof rehearsal	Run clean-room proof (identical invocation to the release lane's clean-room-proof-* jobs)	2026-09-18T16:06:09.7197798Z ==> image
Clean-room proof rehearsal	Run clean-room proof (identical invocation to the release lane's clean-room-proof-* jobs)	2026-09-18T16:06:09.7198512Z Compiling 73 files (.ex)
Clean-room proof rehearsal	Run clean-room proof (identical invocation to the release lane's clean-room-proof-* jobs)	2026-09-18T16:06:15.3478417Z Generated image app
Clean-room proof rehearsal	Run clean-room proof (identical invocation to the release lane's clean-room-proof-* jobs)	2026-09-18T16:06:15.4610691Z ==> rindle
Clean-room proof rehearsal	Run clean-room proof (identical invocation to the release lane's clean-room-proof-* jobs)	2026-09-18T16:06:15.4611302Z Compiling 136 files (.ex)
Clean-room proof rehearsal	Run clean-room proof (identical invocation to the release lane's clean-room-proof-* jobs)	2026-09-18T16:06:18.7807840Z Generated rindle app
Clean-room proof rehearsal	Run clean-room proof (identical invocation to the release lane's clean-room-proof-* jobs)	2026-09-18T16:06:18.8711331Z ==> crosswake_rindle
Clean-room proof rehearsal	Run clean-room proof (identical invocation to the release lane's clean-room-proof-* jobs)	2026-09-18T16:06:18.8711916Z Compiling 3 files (.ex)
Clean-room proof rehearsal	Run clean-room proof (identical invocation to the release lane's clean-room-proof-* jobs)	2026-09-18T16:06:19.2136524Z Generated crosswake_rindle app
Clean-room proof rehearsal	Run clean-room proof (identical invocation to the release lane's clean-room-proof-* jobs)	2026-09-18T16:06:19.3342742Z ==> clean_room_crosswake_rindle
Clean-room proof rehearsal	Run clean-room proof (identical invocation to the release lane's clean-room-proof-* jobs)	2026-09-18T16:06:19.3344053Z Compiling 2 files (.ex)
Clean-room proof rehearsal	Run clean-room proof (identical invocation to the release lane's clean-room-proof-* jobs)	2026-09-18T16:06:19.6234626Z Generated clean_room_crosswake_rindle app
Clean-room proof rehearsal	Run clean-room proof (identical invocation to the release lane's clean-room-proof-* jobs)	2026-09-18T16:06:19.7102525Z [crosswake] source_mode=legacy-positional package=crosswake_rindle version=0.1.0 step=compile
Clean-room proof rehearsal	Run clean-room proof (identical invocation to the release lane's clean-room-proof-* jobs)	2026-09-18T16:06:19.7104369Z [crosswake] Step 3 OK: compiled clean
Clean-room proof rehearsal	Run clean-room proof (identical invocation to the release lane's clean-room-proof-* jobs)	2026-09-18T16:06:19.7105090Z [crosswake] Step 4: writing a real Phoenix router with a Crosswake route...
Clean-room proof rehearsal	Run clean-room proof (identical invocation to the release lane's clean-room-proof-* jobs)	2026-09-18T16:06:20.2833195Z Compiling 2 files (.ex)
Clean-room proof rehearsal	Run clean-room proof (identical invocation to the release lane's clean-room-proof-* jobs)	2026-09-18T16:06:20.3906694Z Generated clean_room_crosswake_rindle app
Clean-room proof rehearsal	Run clean-room proof (identical invocation to the release lane's clean-room-proof-* jobs)	2026-09-18T16:06:20.4059956Z [crosswake] source_mode=legacy-positional package=crosswake_rindle version=0.1.0 step=router
Clean-room proof rehearsal	Run clean-room proof (identical invocation to the release lane's clean-room-proof-* jobs)	2026-09-18T16:06:20.4062036Z [crosswake] Step 4 OK: router with a real Crosswake route compiled
Clean-room proof rehearsal	Run clean-room proof (identical invocation to the release lane's clean-room-proof-* jobs)	2026-09-18T16:06:20.4062853Z [crosswake] Step 5: writing inline smoke test...
Clean-room proof rehearsal	Run clean-room proof (identical invocation to the release lane's clean-room-proof-* jobs)	2026-09-18T16:06:20.4292944Z [crosswake] Step 5: running smoke test...
Clean-room proof rehearsal	Run clean-room proof (identical invocation to the release lane's clean-room-proof-* jobs)	2026-09-18T16:06:21.0081530Z ==> decimal
Clean-room proof rehearsal	Run clean-room proof (identical invocation to the release lane's clean-room-proof-* jobs)	2026-09-18T16:06:21.0092818Z Compiling 4 files (.ex)
Clean-room proof rehearsal	Run clean-room proof (identical invocation to the release lane's clean-room-proof-* jobs)	2026-09-18T16:06:21.6852736Z Generated decimal app
Clean-room proof rehearsal	Run clean-room proof (identical invocation to the release lane's clean-room-proof-* jobs)	2026-09-18T16:06:21.7032035Z ==> mime
Clean-room proof rehearsal	Run clean-room proof (identical invocation to the release lane's clean-room-proof-* jobs)	2026-09-18T16:06:21.7037751Z Compiling 1 file (.ex)
Clean-room proof rehearsal	Run clean-room proof (identical invocation to the release lane's clean-room-proof-* jobs)	2026-09-18T16:06:21.7939400Z Generated mime app
Clean-room proof rehearsal	Run clean-room proof (identical invocation to the release lane's clean-room-proof-* jobs)	2026-09-18T16:06:21.8133698Z ==> nimble_options
Clean-room proof rehearsal	Run clean-room proof (identical invocation to the release lane's clean-room-proof-* jobs)	2026-09-18T16:06:21.8134466Z Compiling 3 files (.ex)
Clean-room proof rehearsal	Run clean-room proof (identical invocation to the release lane's clean-room-proof-* jobs)	2026-09-18T16:06:22.1266226Z Generated nimble_options app
Clean-room proof rehearsal	Run clean-room proof (identical invocation to the release lane's clean-room-proof-* jobs)	2026-09-18T16:06:22.4649436Z ==> clean_room_crosswake_rindle
Clean-room proof rehearsal	Run clean-room proof (identical invocation to the release lane's clean-room-proof-* jobs)	2026-09-18T16:06:22.4650615Z ===> Analyzing applications...
Clean-room proof rehearsal	Run clean-room proof (identical invocation to the release lane's clean-room-proof-* jobs)	2026-09-18T16:06:22.4806354Z ===> Compiling telemetry
Clean-room proof rehearsal	Run clean-room proof (identical invocation to the release lane's clean-room-proof-* jobs)	2026-09-18T16:06:22.7086085Z ==> ex_marcel
Clean-room proof rehearsal	Run clean-room proof (identical invocation to the release lane's clean-room-proof-* jobs)	2026-09-18T16:06:22.7087206Z Compiling 7 files (.ex)
Clean-room proof rehearsal	Run clean-room proof (identical invocation to the release lane's clean-room-proof-* jobs)	2026-09-18T16:06:22.9409064Z Generated ex_marcel app
Clean-room proof rehearsal	Run clean-room proof (identical invocation to the release lane's clean-room-proof-* jobs)	2026-09-18T16:06:22.9623873Z ==> jason
Clean-room proof rehearsal	Run clean-room proof (identical invocation to the release lane's clean-room-proof-* jobs)	2026-09-18T16:06:22.9624481Z Compiling 10 files (.ex)
Clean-room proof rehearsal	Run clean-room proof (identical invocation to the release lane's clean-room-proof-* jobs)	2026-09-18T16:06:24.3386026Z Generated jason app
Clean-room proof rehearsal	Run clean-room proof (identical invocation to the release lane's clean-room-proof-* jobs)	2026-09-18T16:06:24.4130318Z ==> phoenix_html
Clean-room proof rehearsal	Run clean-room proof (identical invocation to the release lane's clean-room-proof-* jobs)	2026-09-18T16:06:24.4131367Z Compiling 6 files (.ex)
Clean-room proof rehearsal	Run clean-room proof (identical invocation to the release lane's clean-room-proof-* jobs)	2026-09-18T16:06:24.6856313Z Generated phoenix_html app
Clean-room proof rehearsal	Run clean-room proof (identical invocation to the release lane's clean-room-proof-* jobs)	2026-09-18T16:06:24.7268023Z ==> phoenix_template
Clean-room proof rehearsal	Run clean-room proof (identical invocation to the release lane's clean-room-proof-* jobs)	2026-09-18T16:06:24.7268834Z Compiling 4 files (.ex)
Clean-room proof rehearsal	Run clean-room proof (identical invocation to the release lane's clean-room-proof-* jobs)	2026-09-18T16:06:24.8273120Z Generated phoenix_template app
Clean-room proof rehearsal	Run clean-room proof (identical invocation to the release lane's clean-room-proof-* jobs)	2026-09-18T16:06:24.8535240Z ==> db_connection
Clean-room proof rehearsal	Run clean-room proof (identical invocation to the release lane's clean-room-proof-* jobs)	2026-09-18T16:06:24.8536249Z Compiling 18 files (.ex)
Clean-room proof rehearsal	Run clean-room proof (identical invocation to the release lane's clean-room-proof-* jobs)	2026-09-18T16:06:25.5433182Z Generated db_connection app
Clean-room proof rehearsal	Run clean-room proof (identical invocation to the release lane's clean-room-proof-* jobs)	2026-09-18T16:06:25.6205708Z ==> phoenix_pubsub
Clean-room proof rehearsal	Run clean-room proof (identical invocation to the release lane's clean-room-proof-* jobs)	2026-09-18T16:06:25.6207240Z Compiling 12 files (.ex)
Clean-room proof rehearsal	Run clean-room proof (identical invocation to the release lane's clean-room-proof-* jobs)	2026-09-18T16:06:25.9728264Z Generated phoenix_pubsub app
Clean-room proof rehearsal	Run clean-room proof (identical invocation to the release lane's clean-room-proof-* jobs)	2026-09-18T16:06:26.0077413Z ==> plug_crypto
Clean-room proof rehearsal	Run clean-room proof (identical invocation to the release lane's clean-room-proof-* jobs)	2026-09-18T16:06:26.0077986Z Compiling 5 files (.ex)
Clean-room proof rehearsal	Run clean-room proof (identical invocation to the release lane's clean-room-proof-* jobs)	2026-09-18T16:06:26.1376255Z Generated plug_crypto app
Clean-room proof rehearsal	Run clean-room proof (identical invocation to the release lane's clean-room-proof-* jobs)	2026-09-18T16:06:26.1599683Z ==> ecto
Clean-room proof rehearsal	Run clean-room proof (identical invocation to the release lane's clean-room-proof-* jobs)	2026-09-18T16:06:26.1600636Z Compiling 56 files (.ex)
Clean-room proof rehearsal	Run clean-room proof (identical invocation to the release lane's clean-room-proof-* jobs)	2026-09-18T16:06:29.5940894Z Generated ecto app
Clean-room proof rehearsal	Run clean-room proof (identical invocation to the release lane's clean-room-proof-* jobs)	2026-09-18T16:06:29.6884965Z ==> plug
Clean-room proof rehearsal	Run clean-room proof (identical invocation to the release lane's clean-room-proof-* jobs)	2026-09-18T16:06:29.6885437Z Compiling 1 file (.erl)
Clean-room proof rehearsal	Run clean-room proof (identical invocation to the release lane's clean-room-proof-* jobs)	2026-09-18T16:06:29.9584266Z Compiling 42 files (.ex)
Clean-room proof rehearsal	Run clean-room proof (identical invocation to the release lane's clean-room-proof-* jobs)	2026-09-18T16:06:31.9572085Z Generated plug app
Clean-room proof rehearsal	Run clean-room proof (identical invocation to the release lane's clean-room-proof-* jobs)	2026-09-18T16:06:32.0794743Z ==> color
Clean-room proof rehearsal	Run clean-room proof (identical invocation to the release lane's clean-room-proof-* jobs)	2026-09-18T16:06:32.0795242Z Compiling 93 files (.ex)
Clean-room proof rehearsal	Run clean-room proof (identical invocation to the release lane's clean-room-proof-* jobs)	2026-09-18T16:06:34.0936523Z Generated color app
Clean-room proof rehearsal	Run clean-room proof (identical invocation to the release lane's clean-room-proof-* jobs)	2026-09-18T16:06:34.1913500Z ==> postgrex
Clean-room proof rehearsal	Run clean-room proof (identical invocation to the release lane's clean-room-proof-* jobs)	2026-09-18T16:06:34.1914982Z Compiling 70 files (.ex)
Clean-room proof rehearsal	Run clean-room proof (identical invocation to the release lane's clean-room-proof-* jobs)	2026-09-18T16:06:42.3811603Z Generated postgrex app
Clean-room proof rehearsal	Run clean-room proof (identical invocation to the release lane's clean-room-proof-* jobs)	2026-09-18T16:06:42.5174051Z ==> ecto_sql
Clean-room proof rehearsal	Run clean-room proof (identical invocation to the release lane's clean-room-proof-* jobs)	2026-09-18T16:06:42.5174992Z Compiling 25 files (.ex)
Clean-room proof rehearsal	Run clean-room proof (identical invocation to the release lane's clean-room-proof-* jobs)	2026-09-18T16:06:43.7322178Z Generated ecto_sql app
Clean-room proof rehearsal	Run clean-room proof (identical invocation to the release lane's clean-room-proof-* jobs)	2026-09-18T16:06:43.7761983Z ==> oban
Clean-room proof rehearsal	Run clean-room proof (identical invocation to the release lane's clean-room-proof-* jobs)	2026-09-18T16:06:43.7762560Z Compiling 70 files (.ex)
Clean-room proof rehearsal	Run clean-room proof (identical invocation to the release lane's clean-room-proof-* jobs)	2026-09-18T16:06:45.2078899Z Generated oban app
Clean-room proof rehearsal	Run clean-room proof (identical invocation to the release lane's clean-room-proof-* jobs)	2026-09-18T16:06:45.3342788Z ==> elixir_make
Clean-room proof rehearsal	Run clean-room proof (identical invocation to the release lane's clean-room-proof-* jobs)	2026-09-18T16:06:45.3343438Z Compiling 8 files (.ex)
Clean-room proof rehearsal	Run clean-room proof (identical invocation to the release lane's clean-room-proof-* jobs)	2026-09-18T16:06:45.5051090Z Generated elixir_make app
Clean-room proof rehearsal	Run clean-room proof (identical invocation to the release lane's clean-room-proof-* jobs)	2026-09-18T16:06:45.5224456Z ==> muontrap
Clean-room proof rehearsal	Run clean-room proof (identical invocation to the release lane's clean-room-proof-* jobs)	2026-09-18T16:06:45.5293395Z make[1]: Entering directory '/home/runner/work/_temp/crosswake-cleanroom-legacy.vjL2r6/clean_room_crosswake_rindle/deps/muontrap/c_src'
Clean-room proof rehearsal	Run clean-room proof (identical invocation to the release lane's clean-room-proof-* jobs)	2026-09-18T16:06:45.5322757Z  CC muontrap.o
Clean-room proof rehearsal	Run clean-room proof (identical invocation to the release lane's clean-room-proof-* jobs)	2026-09-18T16:06:45.6746432Z  LD muontrap
Clean-room proof rehearsal	Run clean-room proof (identical invocation to the release lane's clean-room-proof-* jobs)	2026-09-18T16:06:45.6912626Z make[1]: Leaving directory '/home/runner/work/_temp/crosswake-cleanroom-legacy.vjL2r6/clean_room_crosswake_rindle/deps/muontrap/c_src'
Clean-room proof rehearsal	Run clean-room proof (identical invocation to the release lane's clean-room-proof-* jobs)	2026-09-18T16:06:45.6967225Z Compiling 5 files (.ex)
Clean-room proof rehearsal	Run clean-room proof (identical invocation to the release lane's clean-room-proof-* jobs)	2026-09-18T16:06:45.8115744Z Generated muontrap app
Clean-room proof rehearsal	Run clean-room proof (identical invocation to the release lane's clean-room-proof-* jobs)	2026-09-18T16:06:45.8279585Z ==> cc_precompiler
Clean-room proof rehearsal	Run clean-room proof (identical invocation to the release lane's clean-room-proof-* jobs)	2026-09-18T16:06:45.8280167Z Compiling 3 files (.ex)
Clean-room proof rehearsal	Run clean-room proof (identical invocation to the release lane's clean-room-proof-* jobs)	2026-09-18T16:06:45.9505966Z Generated cc_precompiler app
Clean-room proof rehearsal	Run clean-room proof (identical invocation to the release lane's clean-room-proof-* jobs)	2026-09-18T16:06:46.0939068Z ==> vix
Clean-room proof rehearsal	Run clean-room proof (identical invocation to the release lane's clean-room-proof-* jobs)	2026-09-18T16:06:46.0939898Z Compiling 28 files (.ex)
Clean-room proof rehearsal	Run clean-room proof (identical invocation to the release lane's clean-room-proof-* jobs)	2026-09-18T16:06:47.5591471Z Generated vix app
Clean-room proof rehearsal	Run clean-room proof (identical invocation to the release lane's clean-room-proof-* jobs)	2026-09-18T16:06:47.6881488Z ==> websock
Clean-room proof rehearsal	Run clean-room proof (identical invocation to the release lane's clean-room-proof-* jobs)	2026-09-18T16:06:47.6882852Z Compiling 1 file (.ex)
Clean-room proof rehearsal	Run clean-room proof (identical invocation to the release lane's clean-room-proof-* jobs)	2026-09-18T16:06:47.7422647Z Generated websock app
Clean-room proof rehearsal	Run clean-room proof (identical invocation to the release lane's clean-room-proof-* jobs)	2026-09-18T16:06:47.8364792Z ==> websock_adapter
Clean-room proof rehearsal	Run clean-room proof (identical invocation to the release lane's clean-room-proof-* jobs)	2026-09-18T16:06:47.8366358Z Compiling 4 files (.ex)
Clean-room proof rehearsal	Run clean-room proof (identical invocation to the release lane's clean-room-proof-* jobs)	2026-09-18T16:06:47.9296538Z Generated websock_adapter app
Clean-room proof rehearsal	Run clean-room proof (identical invocation to the release lane's clean-room-proof-* jobs)	2026-09-18T16:06:47.9751838Z ==> phoenix
Clean-room proof rehearsal	Run clean-room proof (identical invocation to the release lane's clean-room-proof-* jobs)	2026-09-18T16:06:47.9752452Z Compiling 75 files (.ex)
Clean-room proof rehearsal	Run clean-room proof (identical invocation to the release lane's clean-room-proof-* jobs)	2026-09-18T16:06:50.2271066Z Generated phoenix app
Clean-room proof rehearsal	Run clean-room proof (identical invocation to the release lane's clean-room-proof-* jobs)	2026-09-18T16:06:50.3445990Z ==> phoenix_live_view
Clean-room proof rehearsal	Run clean-room proof (identical invocation to the release lane's clean-room-proof-* jobs)	2026-09-18T16:06:50.3457660Z Compiling 55 files (.ex)
Clean-room proof rehearsal	Run clean-room proof (identical invocation to the release lane's clean-room-proof-* jobs)	2026-09-18T16:06:53.7870094Z Generated phoenix_live_view app
Clean-room proof rehearsal	Run clean-room proof (identical invocation to the release lane's clean-room-proof-* jobs)	2026-09-18T16:06:53.9030004Z ==> crosswake
Clean-room proof rehearsal	Run clean-room proof (identical invocation to the release lane's clean-room-proof-* jobs)	2026-09-18T16:06:53.9031169Z Compiling 131 files (.ex)
Clean-room proof rehearsal	Run clean-room proof (identical invocation to the release lane's clean-room-proof-* jobs)	2026-09-18T16:06:58.7008027Z Generated crosswake app
Clean-room proof rehearsal	Run clean-room proof (identical invocation to the release lane's clean-room-proof-* jobs)	2026-09-18T16:06:58.8629286Z ==> sweet_xml
Clean-room proof rehearsal	Run clean-room proof (identical invocation to the release lane's clean-room-proof-* jobs)	2026-09-18T16:06:58.8631415Z Compiling 2 files (.ex)
Clean-room proof rehearsal	Run clean-room proof (identical invocation to the release lane's clean-room-proof-* jobs)	2026-09-18T16:06:59.4009083Z      warning: a struct for SweetXpath is expected on struct update:
Clean-room proof rehearsal	Run clean-room proof (identical invocation to the release lane's clean-room-proof-* jobs)	2026-09-18T16:06:59.4009838Z 
Clean-room proof rehearsal	Run clean-room proof (identical invocation to the release lane's clean-room-proof-* jobs)	2026-09-18T16:06:59.4010757Z          %SweetXpath{xpath | namespaces: [{to_charlist(prefix), to_charlist(uri)} | xpath.namespaces]}
Clean-room proof rehearsal	Run clean-room proof (identical invocation to the release lane's clean-room-proof-* jobs)	2026-09-18T16:06:59.4011560Z 
Clean-room proof rehearsal	Run clean-room proof (identical invocation to the release lane's clean-room-proof-* jobs)	2026-09-18T16:06:59.4011782Z      but got type:
Clean-room proof rehearsal	Run clean-room proof (identical invocation to the release lane's clean-room-proof-* jobs)	2026-09-18T16:06:59.4012054Z 
Clean-room proof rehearsal	Run clean-room proof (identical invocation to the release lane's clean-room-proof-* jobs)	2026-09-18T16:06:59.4012257Z          dynamic()
Clean-room proof rehearsal	Run clean-room proof (identical invocation to the release lane's clean-room-proof-* jobs)	2026-09-18T16:06:59.4012516Z 
Clean-room proof rehearsal	Run clean-room proof (identical invocation to the release lane's clean-room-proof-* jobs)	2026-09-18T16:06:59.4012755Z      where "xpath" was given the type:
Clean-room proof rehearsal	Run clean-room proof (identical invocation to the release lane's clean-room-proof-* jobs)	2026-09-18T16:06:59.4013157Z 
Clean-room proof rehearsal	Run clean-room proof (identical invocation to the release lane's clean-room-proof-* jobs)	2026-09-18T16:06:59.4013364Z          # type: dynamic()
Clean-room proof rehearsal	Run clean-room proof (identical invocation to the release lane's clean-room-proof-* jobs)	2026-09-18T16:06:59.4013861Z          # from: lib/sweet_xml.ex:245:21
Clean-room proof rehearsal	Run clean-room proof (identical invocation to the release lane's clean-room-proof-* jobs)	2026-09-18T16:06:59.4014385Z          xpath
Clean-room proof rehearsal	Run clean-room proof (identical invocation to the release lane's clean-room-proof-* jobs)	2026-09-18T16:06:59.4014613Z 
Clean-room proof rehearsal	Run clean-room proof (identical invocation to the release lane's clean-room-proof-* jobs)	2026-09-18T16:06:59.4015086Z      when defining the variable "xpath", you must also pattern match on "%SweetXpath{}".
Clean-room proof rehearsal	Run clean-room proof (identical invocation to the release lane's clean-room-proof-* jobs)	2026-09-18T16:06:59.4015766Z 
Clean-room proof rehearsal	Run clean-room proof (identical invocation to the release lane's clean-room-proof-* jobs)	2026-09-18T16:06:59.4016718Z      hint: given pattern matching is enough to catch typing errors, you may optionally convert the struct update into a map update. For example, instead of:
Clean-room proof rehearsal	Run clean-room proof (identical invocation to the release lane's clean-room-proof-* jobs)	2026-09-18T16:06:59.4018045Z 
Clean-room proof rehearsal	Run clean-room proof (identical invocation to the release lane's clean-room-proof-* jobs)	2026-09-18T16:06:59.4018212Z          user = some_function()
Clean-room proof rehearsal	Run clean-room proof (identical invocation to the release lane's clean-room-proof-* jobs)	2026-09-18T16:06:59.4018596Z          %User{user | name: "John Doe"}
Clean-room proof rehearsal	Run clean-room proof (identical invocation to the release lane's clean-room-proof-* jobs)	2026-09-18T16:06:59.4018857Z 
Clean-room proof rehearsal	Run clean-room proof (identical invocation to the release lane's clean-room-proof-* jobs)	2026-09-18T16:06:59.4019253Z      it is enough to write:
Clean-room proof rehearsal	Run clean-room proof (identical invocation to the release lane's clean-room-proof-* jobs)	2026-09-18T16:06:59.4020051Z 
Clean-room proof rehearsal	Run clean-room proof (identical invocation to the release lane's clean-room-proof-* jobs)	2026-09-18T16:06:59.4020444Z          %User{} = user = some_function()
Clean-room proof rehearsal	Run clean-room proof (identical invocation to the release lane's clean-room-proof-* jobs)	2026-09-18T16:06:59.4021094Z          %{user | name: "John Doe"}
Clean-room proof rehearsal	Run clean-room proof (identical invocation to the release lane's clean-room-proof-* jobs)	2026-09-18T16:06:59.4023889Z 
Clean-room proof rehearsal	Run clean-room proof (identical invocation to the release lane's clean-room-proof-* jobs)	2026-09-18T16:06:59.4024237Z      typing violation found at:
Clean-room proof rehearsal	Run clean-room proof (identical invocation to the release lane's clean-room-proof-* jobs)	2026-09-18T16:06:59.4024903Z      │
Clean-room proof rehearsal	Run clean-room proof (identical invocation to the release lane's clean-room-proof-* jobs)	2026-09-18T16:06:59.4025619Z  246 │     %SweetXpath{xpath | namespaces: [{to_charlist(prefix), to_charlist(uri)}
Clean-room proof rehearsal	Run clean-room proof (identical invocation to the release lane's clean-room-proof-* jobs)	2026-09-18T16:06:59.4026364Z      │     ~
Clean-room proof rehearsal	Run clean-room proof (identical invocation to the release lane's clean-room-proof-* jobs)	2026-09-18T16:06:59.4026723Z      │
Clean-room proof rehearsal	Run clean-room proof (identical invocation to the release lane's clean-room-proof-* jobs)	2026-09-18T16:06:59.4027548Z      └─ lib/sweet_xml.ex:246:5: SweetXml.add_namespace/3
Clean-room proof rehearsal	Run clean-room proof (identical invocation to the release lane's clean-room-proof-* jobs)	2026-09-18T16:06:59.4027964Z 
Clean-room proof rehearsal	Run clean-room proof (identical invocation to the release lane's clean-room-proof-* jobs)	2026-09-18T16:06:59.4062078Z Generated sweet_xml app
Clean-room proof rehearsal	Run clean-room proof (identical invocation to the release lane's clean-room-proof-* jobs)	2026-09-18T16:06:59.5178584Z ==> ex_aws
Clean-room proof rehearsal	Run clean-room proof (identical invocation to the release lane's clean-room-proof-* jobs)	2026-09-18T16:06:59.5179611Z Compiling 29 files (.ex)
Clean-room proof rehearsal	Run clean-room proof (identical invocation to the release lane's clean-room-proof-* jobs)	2026-09-18T16:07:00.0085962Z Generated ex_aws app
Clean-room proof rehearsal	Run clean-room proof (identical invocation to the release lane's clean-room-proof-* jobs)	2026-09-18T16:07:00.0999905Z ==> ex_aws_s3
Clean-room proof rehearsal	Run clean-room proof (identical invocation to the release lane's clean-room-proof-* jobs)	2026-09-18T16:07:00.1001067Z Compiling 7 files (.ex)
Clean-room proof rehearsal	Run clean-room proof (identical invocation to the release lane's clean-room-proof-* jobs)	2026-09-18T16:07:00.5725256Z Generated ex_aws_s3 app
Clean-room proof rehearsal	Run clean-room proof (identical invocation to the release lane's clean-room-proof-* jobs)	2026-09-18T16:07:00.6175573Z ==> image
Clean-room proof rehearsal	Run clean-room proof (identical invocation to the release lane's clean-room-proof-* jobs)	2026-09-18T16:07:00.6176467Z Compiling 73 files (.ex)
Clean-room proof rehearsal	Run clean-room proof (identical invocation to the release lane's clean-room-proof-* jobs)	2026-09-18T16:07:06.0802188Z Generated image app
Clean-room proof rehearsal	Run clean-room proof (identical invocation to the release lane's clean-room-proof-* jobs)	2026-09-18T16:07:06.1960210Z ==> rindle
Clean-room proof rehearsal	Run clean-room proof (identical invocation to the release lane's clean-room-proof-* jobs)	2026-09-18T16:07:06.1960795Z Compiling 136 files (.ex)
Clean-room proof rehearsal	Run clean-room proof (identical invocation to the release lane's clean-room-proof-* jobs)	2026-09-18T16:07:09.4461668Z Generated rindle app
Clean-room proof rehearsal	Run clean-room proof (identical invocation to the release lane's clean-room-proof-* jobs)	2026-09-18T16:07:09.5637358Z ==> crosswake_rindle
Clean-room proof rehearsal	Run clean-room proof (identical invocation to the release lane's clean-room-proof-* jobs)	2026-09-18T16:07:09.5637923Z Compiling 3 files (.ex)
Clean-room proof rehearsal	Run clean-room proof (identical invocation to the release lane's clean-room-proof-* jobs)	2026-09-18T16:07:09.8943040Z Generated crosswake_rindle app
Clean-room proof rehearsal	Run clean-room proof (identical invocation to the release lane's clean-room-proof-* jobs)	2026-09-18T16:07:09.9890268Z ==> clean_room_crosswake_rindle
Clean-room proof rehearsal	Run clean-room proof (identical invocation to the release lane's clean-room-proof-* jobs)	2026-09-18T16:07:09.9891250Z Compiling 4 files (.ex)
Clean-room proof rehearsal	Run clean-room proof (identical invocation to the release lane's clean-room-proof-* jobs)	2026-09-18T16:07:10.2839689Z Generated clean_room_crosswake_rindle app
Clean-room proof rehearsal	Run clean-room proof (identical invocation to the release lane's clean-room-proof-* jobs)	2026-09-18T16:07:12.5304031Z Running ExUnit with seed: 530030, max_cases: 8
Clean-room proof rehearsal	Run clean-room proof (identical invocation to the release lane's clean-room-proof-* jobs)	2026-09-18T16:07:12.5307864Z 
Clean-room proof rehearsal	Run clean-room proof (identical invocation to the release lane's clean-room-proof-* jobs)	2026-09-18T16:07:12.5722371Z     warning: comparison between distinct types found:
Clean-room proof rehearsal	Run clean-room proof (identical invocation to the release lane's clean-room-proof-* jobs)	2026-09-18T16:07:12.5722941Z 
Clean-room proof rehearsal	Run clean-room proof (identical invocation to the release lane's clean-room-proof-* jobs)	2026-09-18T16:07:12.5723132Z         vocab != []
Clean-room proof rehearsal	Run clean-room proof (identical invocation to the release lane's clean-room-proof-* jobs)	2026-09-18T16:07:12.5723411Z 
Clean-room proof rehearsal	Run clean-room proof (identical invocation to the release lane's clean-room-proof-* jobs)	2026-09-18T16:07:12.5723592Z     given types:
Clean-room proof rehearsal	Run clean-room proof (identical invocation to the release lane's clean-room-proof-* jobs)	2026-09-18T16:07:12.5724562Z 
Clean-room proof rehearsal	Run clean-room proof (identical invocation to the release lane's clean-room-proof-* jobs)	2026-09-18T16:07:12.5725058Z         dynamic(non_empty_list(:available or :queued or :rejected or :scanning or :uploaded)) !=
Clean-room proof rehearsal	Run clean-room proof (identical invocation to the release lane's clean-room-proof-* jobs)	2026-09-18T16:07:12.5725869Z           empty_list()
Clean-room proof rehearsal	Run clean-room proof (identical invocation to the release lane's clean-room-proof-* jobs)	2026-09-18T16:07:12.5726106Z 
Clean-room proof rehearsal	Run clean-room proof (identical invocation to the release lane's clean-room-proof-* jobs)	2026-09-18T16:07:12.5726290Z     where "vocab" was given the type:
Clean-room proof rehearsal	Run clean-room proof (identical invocation to the release lane's clean-room-proof-* jobs)	2026-09-18T16:07:12.5726608Z 
Clean-room proof rehearsal	Run clean-room proof (identical invocation to the release lane's clean-room-proof-* jobs)	2026-09-18T16:07:12.5727378Z         # type: dynamic(non_empty_list(:available or :queued or :rejected or :scanning or :uploaded))
Clean-room proof rehearsal	Run clean-room proof (identical invocation to the release lane's clean-room-proof-* jobs)	2026-09-18T16:07:12.5728210Z         # from: test/smoke_test.exs:34:11
Clean-room proof rehearsal	Run clean-room proof (identical invocation to the release lane's clean-room-proof-* jobs)	2026-09-18T16:07:12.5728911Z         vocab = Crosswake.Companions.Rindle.Contracts.media_state_vocabulary()
Clean-room proof rehearsal	Run clean-room proof (identical invocation to the release lane's clean-room-proof-* jobs)	2026-09-18T16:07:12.5729497Z 
Clean-room proof rehearsal	Run clean-room proof (identical invocation to the release lane's clean-room-proof-* jobs)	2026-09-18T16:07:12.5730336Z     While Elixir can compare across all types, you are comparing across types which are always disjoint, and the result is either always true or always false
Clean-room proof rehearsal	Run clean-room proof (identical invocation to the release lane's clean-room-proof-* jobs)	2026-09-18T16:07:12.5731198Z 
Clean-room proof rehearsal	Run clean-room proof (identical invocation to the release lane's clean-room-proof-* jobs)	2026-09-18T16:07:12.5731360Z     typing violation found at:
Clean-room proof rehearsal	Run clean-room proof (identical invocation to the release lane's clean-room-proof-* jobs)	2026-09-18T16:07:12.5731903Z     │
Clean-room proof rehearsal	Run clean-room proof (identical invocation to the release lane's clean-room-proof-* jobs)	2026-09-18T16:07:12.5732337Z  36 │     assert is_list(vocab) and vocab != [],
Clean-room proof rehearsal	Run clean-room proof (identical invocation to the release lane's clean-room-proof-* jobs)	2026-09-18T16:07:12.5732848Z     │                                     ~
Clean-room proof rehearsal	Run clean-room proof (identical invocation to the release lane's clean-room-proof-* jobs)	2026-09-18T16:07:12.5733245Z     │
Clean-room proof rehearsal	Run clean-room proof (identical invocation to the release lane's clean-room-proof-* jobs)	2026-09-18T16:07:12.5734293Z     └─ test/smoke_test.exs:36:37: CleanRoom.SmokeTest."test Rindle.Contracts.media_state_vocabulary/0 returns a non-empty list (canary: Contracts shipped)"/1
Clean-room proof rehearsal	Run clean-room proof (identical invocation to the release lane's clean-room-proof-* jobs)	2026-09-18T16:07:12.5735163Z 
Clean-room proof rehearsal	Run clean-room proof (identical invocation to the release lane's clean-room-proof-* jobs)	2026-09-18T16:07:12.5735325Z .....
Clean-room proof rehearsal	Run clean-room proof (identical invocation to the release lane's clean-room-proof-* jobs)	2026-09-18T16:07:12.5735704Z Finished in 0.04 seconds (0.00s async, 0.04s sync)
Clean-room proof rehearsal	Run clean-room proof (identical invocation to the release lane's clean-room-proof-* jobs)	2026-09-18T16:07:12.5736152Z 5 tests, 0 failures
Clean-room proof rehearsal	Run clean-room proof (identical invocation to the release lane's clean-room-proof-* jobs)	2026-09-18T16:07:12.5961461Z [crosswake] source_mode=legacy-positional package=crosswake_rindle version=0.1.0 step=smoke
Clean-room proof rehearsal	Run clean-room proof (identical invocation to the release lane's clean-room-proof-* jobs)	2026-09-18T16:07:12.5963335Z [crosswake] Step 5 OK: inline smoke test passed
Clean-room proof rehearsal	Run clean-room proof (identical invocation to the release lane's clean-room-proof-* jobs)	2026-09-18T16:07:12.5964517Z [crosswake] Step 6: writing runtime config for crosswake_rindle (engine-present)...
Clean-room proof rehearsal	Run clean-room proof (identical invocation to the release lane's clean-room-proof-* jobs)	2026-09-18T16:07:12.5995315Z [crosswake] OK: Step 6: package=crosswake_rindle version=0.1.0 profile=engine-present state=companion-registered
Clean-room proof rehearsal	Run clean-room proof (identical invocation to the release lane's clean-room-proof-* jobs)	2026-09-18T16:07:12.5998023Z [crosswake] source_mode=legacy-positional package=crosswake_rindle version=0.1.0 step=register
Clean-room proof rehearsal	Run clean-room proof (identical invocation to the release lane's clean-room-proof-* jobs)	2026-09-18T16:07:12.5999080Z [crosswake] Step 6.5: running the Crosswake installer...
Clean-room proof rehearsal	Run clean-room proof (identical invocation to the release lane's clean-room-proof-* jobs)	2026-09-18T16:07:13.1208497Z Crosswake installer: additive, idempotent, and marker-driven.
Clean-room proof rehearsal	Run clean-room proof (identical invocation to the release lane's clean-room-proof-* jobs)	2026-09-18T16:07:13.1366437Z Crosswake install complete for clean_room_crosswake_rindle
Clean-room proof rehearsal	Run clean-room proof (identical invocation to the release lane's clean-room-proof-* jobs)	2026-09-18T16:07:13.1369188Z   router: lib/clean_room_host/router.ex (marker_inserted, crosswake_import_added)
Clean-room proof rehearsal	Run clean-room proof (identical invocation to the release lane's clean-room-proof-* jobs)	2026-09-18T16:07:13.1370495Z   policy module: lib/clean_room_host/crosswake/policy.ex (created)
Clean-room proof rehearsal	Run clean-room proof (identical invocation to the release lane's clean-room-proof-* jobs)	2026-09-18T16:07:13.1371577Z   endpoint: not found (place the static plug block from `mix crosswake.gen.bridge_hook` by hand)
Clean-room proof rehearsal	Run clean-room proof (identical invocation to the release lane's clean-room-proof-* jobs)	2026-09-18T16:07:13.1372774Z   install manifest: priv/crosswake/install_manifest.json (created)
Clean-room proof rehearsal	Run clean-room proof (identical invocation to the release lane's clean-room-proof-* jobs)	2026-09-18T16:07:13.1373499Z 
Clean-room proof rehearsal	Run clean-room proof (identical invocation to the release lane's clean-room-proof-* jobs)	2026-09-18T16:07:13.1374202Z Two things the installer will not write for you (they are host-authored):
Clean-room proof rehearsal	Run clean-room proof (identical invocation to the release lane's clean-room-proof-* jobs)	2026-09-18T16:07:13.1375129Z 
Clean-room proof rehearsal	Run clean-room proof (identical invocation to the release lane's clean-room-proof-* jobs)	2026-09-18T16:07:13.1375494Z   1. Import the bridge hook and register it in your socket's hooks map:
Clean-room proof rehearsal	Run clean-room proof (identical invocation to the release lane's clean-room-proof-* jobs)	2026-09-18T16:07:13.1376074Z 
Clean-room proof rehearsal	Run clean-room proof (identical invocation to the release lane's clean-room-proof-* jobs)	2026-09-18T16:07:13.1376426Z          import {CrosswakeBridge} from "/crosswake/crosswake.esm.js";
Clean-room proof rehearsal	Run clean-room proof (identical invocation to the release lane's clean-room-proof-* jobs)	2026-09-18T16:07:13.1377783Z          const liveSocket = new LiveSocket("/live", Socket, {params, hooks: {CrosswakeBridge}});
Clean-room proof rehearsal	Run clean-room proof (identical invocation to the release lane's clean-room-proof-* jobs)	2026-09-18T16:07:13.1378603Z 
Clean-room proof rehearsal	Run clean-room proof (identical invocation to the release lane's clean-room-proof-* jobs)	2026-09-18T16:07:13.1378973Z   2. Put ONE hook element on the page (client events broadcast to every mounted
Clean-room proof rehearsal	Run clean-room proof (identical invocation to the release lane's clean-room-proof-* jobs)	2026-09-18T16:07:13.1379836Z      hook, so a second element posts every request to the shell twice):
Clean-room proof rehearsal	Run clean-room proof (identical invocation to the release lane's clean-room-proof-* jobs)	2026-09-18T16:07:13.1380224Z 
Clean-room proof rehearsal	Run clean-room proof (identical invocation to the release lane's clean-room-proof-* jobs)	2026-09-18T16:07:13.1380521Z          <div id="crosswake-bridge" phx-hook="CrosswakeBridge" phx-update="ignore"></div>
Clean-room proof rehearsal	Run clean-room proof (identical invocation to the release lane's clean-room-proof-* jobs)	2026-09-18T16:07:13.1380918Z 
Clean-room proof rehearsal	Run clean-room proof (identical invocation to the release lane's clean-room-proof-* jobs)	2026-09-18T16:07:13.1381143Z And one thing that is neither: `Crosswake.Bridge.push/3` raises
Clean-room proof rehearsal	Run clean-room proof (identical invocation to the release lane's clean-room-proof-* jobs)	2026-09-18T16:07:13.1381703Z Crosswake.Bridge.NotMountedError on a socket that never called
Clean-room proof rehearsal	Run clean-room proof (identical invocation to the release lane's clean-room-proof-* jobs)	2026-09-18T16:07:13.1382305Z `Crosswake.Bridge.attach/1` (or used `on_mount: Crosswake.Bridge`). Crosswake
Clean-room proof rehearsal	Run clean-room proof (identical invocation to the release lane's clean-room-proof-* jobs)	2026-09-18T16:07:13.1382840Z never guesses a route id. Attach in mount/3 before you push.
Clean-room proof rehearsal	Run clean-room proof (identical invocation to the release lane's clean-room-proof-* jobs)	2026-09-18T16:07:13.1383129Z 
Clean-room proof rehearsal	Run clean-room proof (identical invocation to the release lane's clean-room-proof-* jobs)	2026-09-18T16:07:13.1383283Z Confirm all of it with: mix crosswake.doctor
Clean-room proof rehearsal	Run clean-room proof (identical invocation to the release lane's clean-room-proof-* jobs)	2026-09-18T16:07:13.1383514Z 
Clean-room proof rehearsal	Run clean-room proof (identical invocation to the release lane's clean-room-proof-* jobs)	2026-09-18T16:07:13.1383801Z Phoenix's esbuild profile must leave the served module import external and emit ESM:
Clean-room proof rehearsal	Run clean-room proof (identical invocation to the release lane's clean-room-proof-* jobs)	2026-09-18T16:07:13.1384174Z 
Clean-room proof rehearsal	Run clean-room proof (identical invocation to the release lane's clean-room-proof-* jobs)	2026-09-18T16:07:13.1384338Z     --external:/crosswake/* --format=esm
Clean-room proof rehearsal	Run clean-room proof (identical invocation to the release lane's clean-room-proof-* jobs)	2026-09-18T16:07:13.1384560Z 
Clean-room proof rehearsal	Run clean-room proof (identical invocation to the release lane's clean-room-proof-* jobs)	2026-09-18T16:07:13.1384841Z If the router keeps Phoenix LiveDashboard, use the lexical import pattern documented
Clean-room proof rehearsal	Run clean-room proof (identical invocation to the release lane's clean-room-proof-* jobs)	2026-09-18T16:07:13.1385384Z in guides/install.md#live-dashboard-in-development.
Clean-room proof rehearsal	Run clean-room proof (identical invocation to the release lane's clean-room-proof-* jobs)	2026-09-18T16:07:13.1385647Z 
Clean-room proof rehearsal	Run clean-room proof (identical invocation to the release lane's clean-room-proof-* jobs)	2026-09-18T16:07:13.1385655Z 
Clean-room proof rehearsal	Run clean-room proof (identical invocation to the release lane's clean-room-proof-* jobs)	2026-09-18T16:07:13.7289842Z Compiling 2 files (.ex)
Clean-room proof rehearsal	Run clean-room proof (identical invocation to the release lane's clean-room-proof-* jobs)	2026-09-18T16:07:13.8151792Z     warning: unused import Phoenix.LiveView.Router
Clean-room proof rehearsal	Run clean-room proof (identical invocation to the release lane's clean-room-proof-* jobs)	2026-09-18T16:07:13.8153172Z     │
Clean-room proof rehearsal	Run clean-room proof (identical invocation to the release lane's clean-room-proof-* jobs)	2026-09-18T16:07:13.8154329Z   5 │   import Phoenix.LiveView.Router, except: [live: 2, live: 3, live: 4]
Clean-room proof rehearsal	Run clean-room proof (identical invocation to the release lane's clean-room-proof-* jobs)	2026-09-18T16:07:13.8155399Z     │   ~
Clean-room proof rehearsal	Run clean-room proof (identical invocation to the release lane's clean-room-proof-* jobs)	2026-09-18T16:07:13.8156078Z     │
Clean-room proof rehearsal	Run clean-room proof (identical invocation to the release lane's clean-room-proof-* jobs)	2026-09-18T16:07:13.8157140Z     └─ lib/clean_room_host/router.ex:5:3
Clean-room proof rehearsal	Run clean-room proof (identical invocation to the release lane's clean-room-proof-* jobs)	2026-09-18T16:07:13.8157990Z 
Clean-room proof rehearsal	Run clean-room proof (identical invocation to the release lane's clean-room-proof-* jobs)	2026-09-18T16:07:13.8158589Z     warning: unused import Phoenix.Router
Clean-room proof rehearsal	Run clean-room proof (identical invocation to the release lane's clean-room-proof-* jobs)	2026-09-18T16:07:13.8159796Z     │
Clean-room proof rehearsal	Run clean-room proof (identical invocation to the release lane's clean-room-proof-* jobs)	2026-09-18T16:07:13.8161580Z   4 │   import Phoenix.Router, except: [get: 3, get: 4, post: 3, post: 4, put: 3, put: 4, patch: 3, patch: 4, delete: 3, delete: 4, options: 3, options: 4, head: 3, head: 4]
Clean-room proof rehearsal	Run clean-room proof (identical invocation to the release lane's clean-room-proof-* jobs)	2026-09-18T16:07:13.8163166Z     │   ~
Clean-room proof rehearsal	Run clean-room proof (identical invocation to the release lane's clean-room-proof-* jobs)	2026-09-18T16:07:13.8163777Z     │
Clean-room proof rehearsal	Run clean-room proof (identical invocation to the release lane's clean-room-proof-* jobs)	2026-09-18T16:07:13.8164493Z     └─ lib/clean_room_host/router.ex:4:3
Clean-room proof rehearsal	Run clean-room proof (identical invocation to the release lane's clean-room-proof-* jobs)	2026-09-18T16:07:13.8165084Z 
Clean-room proof rehearsal	Run clean-room proof (identical invocation to the release lane's clean-room-proof-* jobs)	2026-09-18T16:07:13.8442607Z Generated clean_room_crosswake_rindle app
Clean-room proof rehearsal	Run clean-room proof (identical invocation to the release lane's clean-room-proof-* jobs)	2026-09-18T16:07:13.8601980Z [crosswake] source_mode=legacy-positional package=crosswake_rindle version=0.1.0 step=install
Clean-room proof rehearsal	Run clean-room proof (identical invocation to the release lane's clean-room-proof-* jobs)	2026-09-18T16:07:13.8602933Z [crosswake] Step 6.5 OK: installer complete
Clean-room proof rehearsal	Run clean-room proof (identical invocation to the release lane's clean-room-proof-* jobs)	2026-09-18T16:07:13.8603741Z [crosswake] Step 7: running mix crosswake.doctor --router CleanRoomHost.Router...
Clean-room proof rehearsal	Run clean-room proof (identical invocation to the release lane's clean-room-proof-* jobs)	2026-09-18T16:07:14.4538672Z     warning: unused import Phoenix.LiveView.Router
Clean-room proof rehearsal	Run clean-room proof (identical invocation to the release lane's clean-room-proof-* jobs)	2026-09-18T16:07:14.4540707Z     │
Clean-room proof rehearsal	Run clean-room proof (identical invocation to the release lane's clean-room-proof-* jobs)	2026-09-18T16:07:14.4542151Z   5 │   import Phoenix.LiveView.Router, except: [live: 2, live: 3, live: 4]
Clean-room proof rehearsal	Run clean-room proof (identical invocation to the release lane's clean-room-proof-* jobs)	2026-09-18T16:07:14.4543871Z     │   ~
Clean-room proof rehearsal	Run clean-room proof (identical invocation to the release lane's clean-room-proof-* jobs)	2026-09-18T16:07:14.4544899Z     │
Clean-room proof rehearsal	Run clean-room proof (identical invocation to the release lane's clean-room-proof-* jobs)	2026-09-18T16:07:14.4545749Z     └─ lib/clean_room_host/router.ex:5:3
Clean-room proof rehearsal	Run clean-room proof (identical invocation to the release lane's clean-room-proof-* jobs)	2026-09-18T16:07:14.4546275Z 
Clean-room proof rehearsal	Run clean-room proof (identical invocation to the release lane's clean-room-proof-* jobs)	2026-09-18T16:07:14.4546596Z     warning: unused import Phoenix.Router
Clean-room proof rehearsal	Run clean-room proof (identical invocation to the release lane's clean-room-proof-* jobs)	2026-09-18T16:07:14.4547604Z     │
Clean-room proof rehearsal	Run clean-room proof (identical invocation to the release lane's clean-room-proof-* jobs)	2026-09-18T16:07:14.4549406Z   4 │   import Phoenix.Router, except: [get: 3, get: 4, post: 3, post: 4, put: 3, put: 4, patch: 3, patch: 4, delete: 3, delete: 4, options: 3, options: 4, head: 3, head: 4]
Clean-room proof rehearsal	Run clean-room proof (identical invocation to the release lane's clean-room-proof-* jobs)	2026-09-18T16:07:14.4550941Z     │   ~
Clean-room proof rehearsal	Run clean-room proof (identical invocation to the release lane's clean-room-proof-* jobs)	2026-09-18T16:07:14.4551245Z     │
Clean-room proof rehearsal	Run clean-room proof (identical invocation to the release lane's clean-room-proof-* jobs)	2026-09-18T16:07:14.4551632Z     └─ lib/clean_room_host/router.ex:4:3
Clean-room proof rehearsal	Run clean-room proof (identical invocation to the release lane's clean-room-proof-* jobs)	2026-09-18T16:07:14.4551929Z 
Clean-room proof rehearsal	Run clean-room proof (identical invocation to the release lane's clean-room-proof-* jobs)	2026-09-18T16:07:14.5353601Z Crosswake doctor report
Clean-room proof rehearsal	Run clean-room proof (identical invocation to the release lane's clean-room-proof-* jobs)	2026-09-18T16:07:14.5354612Z status: ok
Clean-room proof rehearsal	Run clean-room proof (identical invocation to the release lane's clean-room-proof-* jobs)	2026-09-18T16:07:14.5354996Z findings: 11
Clean-room proof rehearsal	Run clean-room proof (identical invocation to the release lane's clean-room-proof-* jobs)	2026-09-18T16:07:14.5355475Z support posture: not_claimed (blocking: none)
Clean-room proof rehearsal	Run clean-room proof (identical invocation to the release lane's clean-room-proof-* jobs)	2026-09-18T16:07:14.5356103Z release policy:
Clean-room proof rehearsal	Run clean-room proof (identical invocation to the release lane's clean-room-proof-* jobs)	2026-09-18T16:07:14.5356609Z   crosswake_version=0.2.1
Clean-room proof rehearsal	Run clean-room proof (identical invocation to the release lane's clean-room-proof-* jobs)	2026-09-18T16:07:14.5357313Z   manifest_schema_version=1.1.0
Clean-room proof rehearsal	Run clean-room proof (identical invocation to the release lane's clean-room-proof-* jobs)	2026-09-18T16:07:14.5357745Z   bridge_protocol_version=1.1.0
Clean-room proof rehearsal	Run clean-room proof (identical invocation to the release lane's clean-room-proof-* jobs)	2026-09-18T16:07:14.5358160Z   native_runtime_version=1.0.0
Clean-room proof rehearsal	Run clean-room proof (identical invocation to the release lane's clean-room-proof-* jobs)	2026-09-18T16:07:14.5358646Z   Package versions alone do not determine support truth.
Clean-room proof rehearsal	Run clean-room proof (identical invocation to the release lane's clean-room-proof-* jobs)	2026-09-18T16:07:14.5359962Z   Future companions must declare minimum compatible ranges for core, manifest_schema_version, bridge_protocol_version, native_runtime_version, and exposed capability-family majors.
Clean-room proof rehearsal	Run clean-room proof (identical invocation to the release lane's clean-room-proof-* jobs)	2026-09-18T16:07:14.5361233Z   evidence posture: ios=device-verified android=jvm-hermetic (CI only)
Clean-room proof rehearsal	Run clean-room proof (identical invocation to the release lane's clean-room-proof-* jobs)	2026-09-18T16:07:14.5361642Z   capability families:
Clean-room proof rehearsal	Run clean-room proof (identical invocation to the release lane's clean-room-proof-* jobs)	2026-09-18T16:07:14.5362383Z     app_info: prerequisites=declared route capability, bounded bridge support, denial=undeclared_capability, fallback=Phoenix route continues without native app metadata
Clean-room proof rehearsal	Run clean-room proof (identical invocation to the release lane's clean-room-proof-* jobs)	2026-09-18T16:07:14.5363936Z     deep_link: prerequisites=bundled or cached manifest, shell activation support, explicit route entry approval, denial=route_unavailable, fallback=show route unavailable surface that distinguishes inactive routes from routes that reject external entry
Clean-room proof rehearsal	Run clean-room proof (identical invocation to the release lane's clean-room-proof-* jobs)	2026-09-18T16:07:14.5365556Z     document_scan: prerequisites=document-scan runtime, policy-heavy proof lane, denial=unavailable_capability, fallback=defer document scan support until native and proof posture are explicit
Clean-room proof rehearsal	Run clean-room proof (identical invocation to the release lane's clean-room-proof-* jobs)	2026-09-18T16:07:14.5368057Z     entitlement_snapshot: prerequisites=backend entitlement authority, reconciliation hook, freshness posture (fresh/stale/unknown) surfaced before access checks, denial=unavailable_capability, fallback=Fail closed for access decisions when snapshot freshness is stale or unknown until refreshed backend authority is available; pending and awaiting_verification states never grant entitlement.
Clean-room proof rehearsal	Run clean-room proof (identical invocation to the release lane's clean-room-proof-* jobs)	2026-09-18T16:07:14.5371130Z     file_picker: prerequisites=declared transfer_id, bounded bridge support, inbound native_picker transfer seam, copy-first staged handle plus transfer verification, denial=undeclared_capability, fallback=keep the route on Phoenix-owned import guidance until a copy-first native_picker seam is declared and verified
Clean-room proof rehearsal	Run clean-room proof (identical invocation to the release lane's clean-room-proof-* jobs)	2026-09-18T16:07:14.5373730Z     haptics: prerequisites=declared route capability, bounded bridge support, denial=undeclared_capability, fallback=Phoenix route continues without native confirmation feedback
Clean-room proof rehearsal	Run clean-room proof (identical invocation to the release lane's clean-room-proof-* jobs)	2026-09-18T16:07:14.5375723Z     media_capture: prerequisites=native screen route, capture pack availability, denial=pack_incompatible, fallback=fail closed instead of degrading into a bounded web upload flow
Clean-room proof rehearsal	Run clean-room proof (identical invocation to the release lane's clean-room-proof-* jobs)	2026-09-18T16:07:14.5378617Z     notification_token: prerequisites=declared route capability, bounded bridge support, notification authorization already resolved, provider token snapshot available, denial=unavailable_capability, fallback=treat notification token replies as provider-tagged evidence instead of backend registration truth
Clean-room proof rehearsal	Run clean-room proof (identical invocation to the release lane's clean-room-proof-* jobs)	2026-09-18T16:07:14.5380686Z     paywall_entry: prerequisites=backend entitlement contract, storefront guidance, denial=unavailable_capability, fallback=fall back to Phoenix-owned paywall guidance without device authority
Clean-room proof rehearsal	Run clean-room proof (identical invocation to the release lane's clean-room-proof-* jobs)	2026-09-18T16:07:14.5382404Z     permissions.status: prerequisites=declared route capability, bounded bridge support, notifications alias only, denial=undeclared_capability, fallback=route continues without native notification permission snapshot authority
Clean-room proof rehearsal	Run clean-room proof (identical invocation to the release lane's clean-room-proof-* jobs)	2026-09-18T16:07:14.5383912Z     purchase_intent: prerequisites=backend reconciliation, provider-specific adapter, denial=unavailable_capability, fallback=treat purchase events as reconciliation inputs, not entitlement truth
Clean-room proof rehearsal	Run clean-room proof (identical invocation to the release lane's clean-room-proof-* jobs)	2026-09-18T16:07:14.5386110Z     reconciliation_evidence: prerequisites=backend reconciliation, device callback or webhook, pending and awaiting_verification reconciliation states stay non-granting, denial=unavailable_capability, fallback=Treat device/storefront/webhook/support evidence as non-authoritative reconciliation input; pending_purchase, pending_restore, and awaiting_verification remain non-granting until backend projection refreshes authority.
Clean-room proof rehearsal	Run clean-room proof (identical invocation to the release lane's clean-room-proof-* jobs)	2026-09-18T16:07:14.5389753Z     restore_intent: prerequisites=backend reconciliation, storefront-aware adapter, denial=unavailable_capability, fallback=keep restore flow backend-owned until adapter truth is explicit
Clean-room proof rehearsal	Run clean-room proof (identical invocation to the release lane's clean-room-proof-* jobs)	2026-09-18T16:07:14.5391832Z     scanner: prerequisites=scanner-native runtime, policy-heavy proof lane, denial=unavailable_capability, fallback=defer scanner support until native and proof posture are explicit
Clean-room proof rehearsal	Run clean-room proof (identical invocation to the release lane's clean-room-proof-* jobs)	2026-09-18T16:07:14.5393708Z     share: prerequisites=truthful semantic share contract, denial=undeclared_capability, fallback=keep content in the Phoenix-owned route until a share family is declared
Clean-room proof rehearsal	Run clean-room proof (identical invocation to the release lane's clean-room-proof-* jobs)	2026-09-18T16:07:14.5394850Z   package surfaces:
Clean-room proof rehearsal	Run clean-room proof (identical invocation to the release lane's clean-room-proof-* jobs)	2026-09-18T16:07:14.5397413Z     `crosswake` primary package: class=core, why="Route-policy DSL, manifest contract, compatibility axes, bounded-bridge vocabulary, shell generators, doctor, support matrix, release rules, and proof posture stay in one obvious Phoenix-first package.", burden="Hex package SemVer moves independently, while support truth still follows manifest_schema_version, bridge_protocol_version, and native_runtime_version."
Clean-room proof rehearsal	Run clean-room proof (identical invocation to the release lane's clean-room-proof-* jobs)	2026-09-18T16:07:14.5401722Z     Phoenix-facing commerce seam vocabulary: class=core, why="`paywall_entry`, `purchase_intent`, `restore_intent`, `entitlement_snapshot`, and `reconciliation_evidence` stay normalized and backend-truthful in core without embedding storefront providers.", burden="Semantics may evolve in core, but provider adapters and native storefront logic remain outside the base package."
Clean-room proof rehearsal	Run clean-room proof (identical invocation to the release lane's clean-room-proof-* jobs)	2026-09-18T16:07:14.5405697Z     Provider adapters and native-heavy integrations: class=companion, why="Storefront adapters, media/upload/capture, rollout, auth/session, notifications, and audit/operator seams carry native binary churn or backend coupling beyond core.", burden="First-party companions declare minimum compatible ranges against core, compatibility axes, and capability-family majors."
Clean-room proof rehearsal	Run clean-room proof (identical invocation to the release lane's clean-room-proof-* jobs)	2026-09-18T16:07:14.5410340Z     Checked-in example hosts and install walkthroughs: class=example_docs_only, why="Examples, walkthroughs, reviewer playbooks, and vendor recipes teach boundaries and proof posture without becoming separate runtime packages.", burden="Not first-class supported as package surfaces; promotion requires reclassification plus proof and support-matrix updates."
Clean-room proof rehearsal	Run clean-room proof (identical invocation to the release lane's clean-room-proof-* jobs)	2026-09-18T16:07:14.5414848Z     Standalone native shell core packages: class=core, why="The generated shell stays host-owned, while reusable native core logic resolves from SwiftPM and Maven Central packages instead of monorepo-local paths.", burden="Native core versions move in lockstep with the Hex package through release-please linked versions; clean-room proof verifies the external install path at release time."
Clean-room proof rehearsal	Run clean-room proof (identical invocation to the release lane's clean-room-proof-* jobs)	2026-09-18T16:07:14.5417577Z   release boundaries:
Clean-room proof rehearsal	Run clean-room proof (identical invocation to the release lane's clean-room-proof-* jobs)	2026-09-18T16:07:14.5418842Z     core: versioning="Independent SemVer for the `crosswake` Hex package.", rule="Manifest-major, bridge-major, and runtime-line changes must update support docs and doctor before release."
Clean-room proof rehearsal	Run clean-room proof (identical invocation to the release lane's clean-room-proof-* jobs)	2026-09-18T16:07:14.5421138Z     companion: versioning="Independent SemVer per first-party companion.", rule="Companion support cannot expand until the adapter publishes explicit compatibility ranges and fail-closed guidance."
Clean-room proof rehearsal	Run clean-room proof (identical invocation to the release lane's clean-room-proof-* jobs)	2026-09-18T16:07:14.5424283Z     ios_shell: versioning="SwiftPM core package version is lockstep with the Hex package; host app build numbers remain adopter-owned.", rule="Changes touching native code, entitlements, permissions, registration, or packaged runtime behavior move the native_runtime_version line and mark rebuild required."
Clean-room proof rehearsal	Run clean-room proof (identical invocation to the release lane's clean-room-proof-* jobs)	2026-09-18T16:07:14.5427979Z     android_shell: versioning="Maven Central core artifact version is lockstep with the Hex package; host app build numbers remain adopter-owned.", rule="Changes touching native code, entitlements, permissions, registration, or packaged runtime behavior move the native_runtime_version line and mark rebuild required."
Clean-room proof rehearsal	Run clean-room proof (identical invocation to the release lane's clean-room-proof-* jobs)	2026-09-18T16:07:14.5430352Z   change classes:
Clean-room proof rehearsal	Run clean-room proof (identical invocation to the release lane's clean-room-proof-* jobs)	2026-09-18T16:07:14.5431094Z     docs-only: signal="No compatibility-axis or capability-version change.", proof="docs integrity only"
Clean-room proof rehearsal	Run clean-room proof (identical invocation to the release lane's clean-room-proof-* jobs)	2026-09-18T16:07:14.5432904Z     core-only/no native rebuild: signal="Existing manifest_schema_version, bridge_protocol_version, native_runtime_version, and capability majors stay in line.", proof="core contract + doctor/support proof"
Clean-room proof rehearsal	Run clean-room proof (identical invocation to the release lane's clean-room-proof-* jobs)	2026-09-18T16:07:14.5435466Z     compatibility-bump only: signal="manifest_schema_version, bridge_protocol_version, native_runtime_version, or capability required-version declarations changed support windows.", proof="fail-closed compatibility fixtures"
Clean-room proof rehearsal	Run clean-room proof (identical invocation to the release lane's clean-room-proof-* jobs)	2026-09-18T16:07:14.5438698Z     native or companion rebuild required: signal="Every rebuild-required change carries explicit compatibility declarations, especially native_runtime_version, bridge_protocol_version, manifest_schema_version, and capability required-version shifts.", proof="core proof plus generated-shell or companion verification lanes"
Clean-room proof rehearsal	Run clean-room proof (identical invocation to the release lane's clean-room-proof-* jobs)	2026-09-18T16:07:14.5440782Z   rebuild & compatibility matrix:
Clean-room proof rehearsal	Run clean-room proof (identical invocation to the release lane's clean-room-proof-* jobs)	2026-09-18T16:07:14.5442343Z     1.x: ota_safe=false, rebuild_required=true, evidence_tier=jvm-hermetic (CI only), capability_surface=[haptics, share, app_info, deep_link, permissions.status, notification_token, file_picker, media_capture, scanner, document_scan]
Clean-room proof rehearsal	Run clean-room proof (identical invocation to the release lane's clean-room-proof-* jobs)	2026-09-18T16:07:14.5446530Z bridge posture: crosswake.bridge@1.1.0 commands=[app.info.get, files.pick, haptics.impact, notifications.token.get, permissions.status, share.invoke, transfer.download, transfer.export, transfer.import, transfer.upload.prepare] denials=[compatibility_mismatch, undeclared_capability, unavailable_capability, commerce_corridor, origin_denied, inactive_route, external_entry_denied, pack_incompatible, gate_denied, kill_switch_active, step_up_required, notification_open_denied, dependency_missing, shell_unreachable]
Clean-room proof rehearsal	Run clean-room proof (identical invocation to the release lane's clean-room-proof-* jobs)	2026-09-18T16:07:14.5450698Z offline posture: supported states=[cached_read_only, stale, saved_locally, queued_for_replay, replay_failed, conflict_requires_attention] routes=[]
Clean-room proof rehearsal	Run clean-room proof (identical invocation to the release lane's clean-room-proof-* jobs)	2026-09-18T16:07:14.5452816Z   telemetry: metadata_keys=[route_id, runtime, offline_mode, sync_seam, journal_entry_id, manifest_version, native_runtime_version, correlation_id, terminal_outcome] terminal_outcomes=[accepted, rejected, conflict]
Clean-room proof rehearsal	Run clean-room proof (identical invocation to the release lane's clean-room-proof-* jobs)	2026-09-18T16:07:14.5454301Z Commerce:
Clean-room proof rehearsal	Run clean-room proof (identical invocation to the release lane's clean-room-proof-* jobs)	2026-09-18T16:07:14.5454669Z   snapshot_freshness: not_applicable
Clean-room proof rehearsal	Run clean-room proof (identical invocation to the release lane's clean-room-proof-* jobs)	2026-09-18T16:07:14.5455109Z   corridors: none
Clean-room proof rehearsal	Run clean-room proof (identical invocation to the release lane's clean-room-proof-* jobs)	2026-09-18T16:07:14.5455433Z   proof_posture:
Clean-room proof rehearsal	Run clean-room proof (identical invocation to the release lane's clean-room-proof-* jobs)	2026-09-18T16:07:14.5455765Z     [merge-blocking]: none
Clean-room proof rehearsal	Run clean-room proof (identical invocation to the release lane's clean-room-proof-* jobs)	2026-09-18T16:07:14.5456125Z     [advisory]: none
Clean-room proof rehearsal	Run clean-room proof (identical invocation to the release lane's clean-room-proof-* jobs)	2026-09-18T16:07:14.5456473Z   rebuild_requirements: none
Clean-room proof rehearsal	Run clean-room proof (identical invocation to the release lane's clean-room-proof-* jobs)	2026-09-18T16:07:14.5457094Z [advisory] bridge_posture (bridge_posture_ok)
Clean-room proof rehearsal	Run clean-room proof (identical invocation to the release lane's clean-room-proof-* jobs)	2026-09-18T16:07:14.5460449Z bounded bridge exposes app.info.get, files.pick, haptics.impact, notifications.token.get, permissions.status, share.invoke, transfer.download, transfer.export, transfer.import, transfer.upload.prepare and denies compatibility_mismatch, undeclared_capability, unavailable_capability, commerce_corridor, origin_denied, inactive_route, external_entry_denied, pack_incompatible, gate_denied, kill_switch_active, step_up_required, notification_open_denied, dependency_missing, shell_unreachable
Clean-room proof rehearsal	Run clean-room proof (identical invocation to the release lane's clean-room-proof-* jobs)	2026-09-18T16:07:14.5464048Z hint: all manifest-declared bridge capabilities stay inside the bounded Phase 3 command set
Clean-room proof rehearsal	Run clean-room proof (identical invocation to the release lane's clean-room-proof-* jobs)	2026-09-18T16:07:14.5476252Z details: allowed_commands=app.info.get|files.pick|haptics.impact|notifications.token.get|permissions.status|share.invoke|transfer.download|transfer.export|transfer.import|transfer.upload.prepare, commands={"command":"app.info.get","capability":"app_info","declared_on_routes":[],"executable?":false,"manifest_version":"1.0.0"}|{"command":"files.pick","capability":"file_picker","declared_on_routes":[],"executable?":false,"manifest_version":"1.0.0"}|{"command":"haptics.impact","capability":"haptics","declared_on_routes":[],"executable?":false,"manifest_version":"1.0.0"}|{"command":"notifications.token.get","capability":"notification_token","declared_on_routes":[],"executable?":false,"manifest_version":"1.0.0"}|{"command":"permissions.status","capability":"permissions.status","declared_on_routes":[],"executable?":false,"manifest_version":"1.0.0"}|{"command":"share.invoke","capability":"share","declared_on_routes":[],"executable?":false,"manifest_version":"1.0.0"}|{"command":"transfer.download","capability":"transfer.download","declared_on_routes":[],"executable?":false,"manifest_version":null}|{"command":"transfer.export","capability":"transfer.export","declared_on_routes":[],"executable?":false,"manifest_version":null}|{"command":"transfer.import","capability":"transfer.import","declared_on_routes":[],"executable?":false,"manifest_version":null}|{"command":"transfer.upload.prepare","capability":"transfer.upload.prepare","declared_on_routes":[],"executable?":false,"manifest_version":null}, denial_reasons=compatibility_mismatch|undeclared_capability|unavailable_capability|commerce_corridor|origin_denied|inactive_route|external_entry_denied|pack_incompatible|gate_denied|kill_switch_active|step_up_required|notification_open_denied|dependency_missing|shell_unreachable, protocol=crosswake.bridge, unsupported_declared_capabilities=, version=1.1.0
Clean-room proof rehearsal	Run clean-room proof (identical invocation to the release lane's clean-room-proof-* jobs)	2026-09-18T16:07:14.5485082Z 
Clean-room proof rehearsal	Run clean-room proof (identical invocation to the release lane's clean-room-proof-* jobs)	2026-09-18T16:07:14.5485308Z [advisory] support_posture (support_claim_not_claimed)
Clean-room proof rehearsal	Run clean-room proof (identical invocation to the release lane's clean-room-proof-* jobs)	2026-09-18T16:07:14.5485956Z native shell support is not claimed for this host; Phoenix and manifest checks remain active
Clean-room proof rehearsal	Run clean-room proof (identical invocation to the release lane's clean-room-proof-* jobs)	2026-09-18T16:07:14.5486716Z hint: generate a shell or pass --native-targets ios|android|all when the host begins claiming native support
Clean-room proof rehearsal	Run clean-room proof (identical invocation to the release lane's clean-room-proof-* jobs)	2026-09-18T16:07:14.5487638Z details: proof_statuses={}, shells={}, status=not_claimed
Clean-room proof rehearsal	Run clean-room proof (identical invocation to the release lane's clean-room-proof-* jobs)	2026-09-18T16:07:14.5487889Z 
Clean-room proof rehearsal	Run clean-room proof (identical invocation to the release lane's clean-room-proof-* jobs)	2026-09-18T16:07:14.5488096Z [advisory] capability_posture (capability_proof_merge_blocking)
Clean-room proof rehearsal	Run clean-room proof (identical invocation to the release lane's clean-room-proof-* jobs)	2026-09-18T16:07:14.5489103Z merge-blocking capability proofs are required for: app_info, deep_link, entitlement_snapshot, file_picker, haptics, media_capture, paywall_entry, permissions.status, purchase_intent, reconciliation_evidence, restore_intent
Clean-room proof rehearsal	Run clean-room proof (identical invocation to the release lane's clean-room-proof-* jobs)	2026-09-18T16:07:14.5490140Z hint: merge-blocking capability proofs must pass to claim support truth
Clean-room proof rehearsal	Run clean-room proof (identical invocation to the release lane's clean-room-proof-* jobs)	2026-09-18T16:07:14.5491176Z details: capabilities=app_info|deep_link|entitlement_snapshot|file_picker|haptics|media_capture|paywall_entry|permissions.status|purchase_intent|reconciliation_evidence|restore_intent, proof_class=merge_blocking
Clean-room proof rehearsal	Run clean-room proof (identical invocation to the release lane's clean-room-proof-* jobs)	2026-09-18T16:07:14.5491961Z 
Clean-room proof rehearsal	Run clean-room proof (identical invocation to the release lane's clean-room-proof-* jobs)	2026-09-18T16:07:14.5492140Z [advisory] capability_posture (capability_proof_advisory)
Clean-room proof rehearsal	Run clean-room proof (identical invocation to the release lane's clean-room-proof-* jobs)	2026-09-18T16:07:14.5492670Z advisory capability proofs are abstract for: document_scan, notification_token, scanner, share
Clean-room proof rehearsal	Run clean-room proof (identical invocation to the release lane's clean-room-proof-* jobs)	2026-09-18T16:07:14.5493440Z hint: advisory capabilities do not block standard CI but require environment-sensitive verification before widening claims
Clean-room proof rehearsal	Run clean-room proof (identical invocation to the release lane's clean-room-proof-* jobs)	2026-09-18T16:07:14.5494983Z details: capabilities=document_scan|notification_token|scanner|share, promotion_path=advisory-to-merge-blocking promotion requires an explicit requirement/roadmap scope change plus sustained stability evidence from the advisory lane; advisory results never assert core support truth, proof_class=advisory
Clean-room proof rehearsal	Run clean-room proof (identical invocation to the release lane's clean-room-proof-* jobs)	2026-09-18T16:07:14.5496094Z 
Clean-room proof rehearsal	Run clean-room proof (identical invocation to the release lane's clean-room-proof-* jobs)	2026-09-18T16:07:14.5496251Z [advisory] offline_posture (offline_posture_ready)
Clean-room proof rehearsal	Run clean-room proof (identical invocation to the release lane's clean-room-proof-* jobs)	2026-09-18T16:07:14.5497112Z offline posture exposes route-local cached, saved locally, queued for replay, replay failed, and conflict requires attention vocabulary
Clean-room proof rehearsal	Run clean-room proof (identical invocation to the release lane's clean-room-proof-* jobs)	2026-09-18T16:07:14.5498205Z hint: doctor and JSON output now describe explicit cached-route and study-session island posture from typed contract truth
Clean-room proof rehearsal	Run clean-room proof (identical invocation to the release lane's clean-room-proof-* jobs)	2026-09-18T16:07:14.5499982Z details: routes={}, states=cached_read_only|stale|saved_locally|queued_for_replay|replay_failed|conflict_requires_attention, status=supported, telemetry_keys=route_id|runtime|offline_mode|sync_seam|journal_entry_id|manifest_version|native_runtime_version|correlation_id|terminal_outcome, terminal_outcomes=accepted|rejected|conflict
Clean-room proof rehearsal	Run clean-room proof (identical invocation to the release lane's clean-room-proof-* jobs)	2026-09-18T16:07:14.5501150Z 
Clean-room proof rehearsal	Run clean-room proof (identical invocation to the release lane's clean-room-proof-* jobs)	2026-09-18T16:07:14.5501357Z [advisory] notification_posture (notification.telemetry_contract)
Clean-room proof rehearsal	Run clean-room proof (identical invocation to the release lane's clean-room-proof-* jobs)	2026-09-18T16:07:14.5502038Z Crosswake notifications expose strict telemetry for diagnostics. Raw APNs/FCM payloads, device tokens, and PII are forbidden.
Clean-room proof rehearsal	Run clean-room proof (identical invocation to the release lane's clean-room-proof-* jobs)	2026-09-18T16:07:14.5502933Z hint: Check chimeway telemetry events for delivery status. Do not attempt to log raw push tokens.
Clean-room proof rehearsal	Run clean-room proof (identical invocation to the release lane's clean-room-proof-* jobs)	2026-09-18T16:07:14.5503748Z details: authority_source=diagnostic_evidence_only, event_names=, forbidden_metadata_keys=, metadata_keys=, proof_class=merge_blocking
Clean-room proof rehearsal	Run clean-room proof (identical invocation to the release lane's clean-room-proof-* jobs)	2026-09-18T16:07:14.5504256Z 
Clean-room proof rehearsal	Run clean-room proof (identical invocation to the release lane's clean-room-proof-* jobs)	2026-09-18T16:07:14.5504453Z [advisory] notification_posture (notification.delivery_deferred)
Clean-room proof rehearsal	Run clean-room proof (identical invocation to the release lane's clean-room-proof-* jobs)	2026-09-18T16:07:14.5505695Z notification-open workflow proof is hermetic route activation proof: token/open evidence is not auth authority, backend binding and one-time open intent records feed Chimeway, and RouteGate and Sigra decide activation. APNs/FCM delivery is not part of this proof and remains unsupported/advisory.
Clean-room proof rehearsal	Run clean-room proof (identical invocation to the release lane's clean-room-proof-* jobs)	2026-09-18T16:07:14.5507706Z hint: Use the local notification_token capability to read push tokens. Do not expect Crosswake to deliver remote push notifications to APNs or FCM; delivery execution remains deferred.
Clean-room proof rehearsal	Run clean-room proof (identical invocation to the release lane's clean-room-proof-* jobs)	2026-09-18T16:07:14.5508668Z details: deferred=chimeway_delivery|push_delivery_guarantees, delivery_supported=false
Clean-room proof rehearsal	Run clean-room proof (identical invocation to the release lane's clean-room-proof-* jobs)	2026-09-18T16:07:14.5509020Z 
Clean-room proof rehearsal	Run clean-room proof (identical invocation to the release lane's clean-room-proof-* jobs)	2026-09-18T16:07:14.5509190Z [advisory] threadline_posture (threadline.plug_missing)
Clean-room proof rehearsal	Run clean-room proof (identical invocation to the release lane's clean-room-proof-* jobs)	2026-09-18T16:07:14.5510020Z Crosswake.Plug.Threadline is not present in the router at /home/runner/work/_temp/crosswake-cleanroom-legacy.vjL2r6/clean_room_crosswake_rindle/lib/clean_room_host/router.ex
Clean-room proof rehearsal	Run clean-room proof (identical invocation to the release lane's clean-room-proof-* jobs)	2026-09-18T16:07:14.5511242Z hint: Add `plug Crosswake.Plug.Threadline` to your Phoenix router pipeline to enable X-Crosswake-Thread-Id propagation and telemetry spans. See guides/threadline.md.
Clean-room proof rehearsal	Run clean-room proof (identical invocation to the release lane's clean-room-proof-* jobs)	2026-09-18T16:07:14.5512316Z details: router_path=/home/runner/work/_temp/crosswake-cleanroom-legacy.vjL2r6/clean_room_crosswake_rindle/lib/clean_room_host/router.ex
Clean-room proof rehearsal	Run clean-room proof (identical invocation to the release lane's clean-room-proof-* jobs)	2026-09-18T16:07:14.5512844Z 
Clean-room proof rehearsal	Run clean-room proof (identical invocation to the release lane's clean-room-proof-* jobs)	2026-09-18T16:07:14.5513040Z [advisory] threadline_posture (threadline.ledger_not_configured)
Clean-room proof rehearsal	Run clean-room proof (identical invocation to the release lane's clean-room-proof-* jobs)	2026-09-18T16:07:14.5513922Z Crosswake audit ledger is not configured — threadline posture is ephemeral only
Clean-room proof rehearsal	Run clean-room proof (identical invocation to the release lane's clean-room-proof-* jobs)	2026-09-18T16:07:14.5515093Z hint: Configure `:audit_ledger` under `:crosswake` in your host config and run `mix crosswake.gen.audit` to scaffold the host-owned ledger schema and migration. See guides/threadline.md.
Clean-room proof rehearsal	Run clean-room proof (identical invocation to the release lane's clean-room-proof-* jobs)	2026-09-18T16:07:14.5515803Z 
Clean-room proof rehearsal	Run clean-room proof (identical invocation to the release lane's clean-room-proof-* jobs)	2026-09-18T16:07:14.5516046Z [advisory] diagnostic_export_posture (diagnostic_export.contract_shipped)
Clean-room proof rehearsal	Run clean-room proof (identical invocation to the release lane's clean-room-proof-* jobs)	2026-09-18T16:07:14.5517670Z Diagnostics-export envelope and sanitize contract are shipped; the merge-blocking allowlist proof is enforced. Native MetricKit/ApplicationExitInfo transport is deferred to Phase 67.
Clean-room proof rehearsal	Run clean-room proof (identical invocation to the release lane's clean-room-proof-* jobs)	2026-09-18T16:07:14.5519100Z hint: The host owns the endpoint and the data. Configure your endpoint to receive POST payloads matching the DiagnosticExport.Envelope contract. No Elixir HTTP-sending code ships in the library.
Clean-room proof rehearsal	Run clean-room proof (identical invocation to the release lane's clean-room-proof-* jobs)	2026-09-18T16:07:14.5521378Z details: authority_source=host_configured_endpoint, deferred=native_diagnostic_export|metrickit_capture|application_exit_info_capture, delivery_supported=false, forbidden_metadata_keys=token|raw_token|device_token|registration_token|apns_token|fcm_token|provider_payload|raw_payload|notification_title|notification_body|route_params|actor_id|subject_ref|session_ref|device_id|ip|user_agent|email|provider_response_body, proof_class=merge_blocking
Clean-room proof rehearsal	Run clean-room proof (identical invocation to the release lane's clean-room-proof-* jobs)	2026-09-18T16:07:14.5523116Z 
Clean-room proof rehearsal	Run clean-room proof (identical invocation to the release lane's clean-room-proof-* jobs)	2026-09-18T16:07:14.5523274Z [advisory] bridge_hook (bridge.hook.not_wired)
Clean-room proof rehearsal	Run clean-room proof (identical invocation to the release lane's clean-room-proof-* jobs)	2026-09-18T16:07:14.5523767Z no "CrosswakeBridge" hook reference was found in this host's assets tree or its HEEx templates
Clean-room proof rehearsal	Run clean-room proof (identical invocation to the release lane's clean-room-proof-* jobs)	2026-09-18T16:07:14.5525397Z hint: import the hook from /crosswake/crosswake.esm.js, register it in your socket's hooks map, and put one `phx-hook="CrosswakeBridge"` element on the page — run `mix crosswake.gen.bridge_hook` for the exact fragments. This check is a best-effort grep and is never authoritative; the runtime ack deadline is.
Clean-room proof rehearsal	Run clean-room proof (identical invocation to the release lane's clean-room-proof-* jobs)	2026-09-18T16:07:14.5526711Z details: authoritative=false, searched_assets=0, searched_templates=5
Clean-room proof rehearsal	Run clean-room proof (identical invocation to the release lane's clean-room-proof-* jobs)	2026-09-18T16:07:14.5527613Z [crosswake] source_mode=legacy-positional package=crosswake_rindle version=0.1.0 step=doctor
Clean-room proof rehearsal	Run clean-room proof (identical invocation to the release lane's clean-room-proof-* jobs)	2026-09-18T16:07:14.5528568Z [crosswake] OK: Step 7: package=crosswake_rindle version=0.1.0 core_floor=~> 0.2 selected_core=0.2.1 profile=engine-present state=doctor-green
Clean-room proof rehearsal	Run clean-room proof (identical invocation to the release lane's clean-room-proof-* jobs)	2026-09-18T16:07:14.5529318Z [crosswake] Next safe command: elixir script/check_release_workflow_integrity.exs
Clean-room proof rehearsal	Run clean-room proof (identical invocation to the release lane's clean-room-proof-* jobs)	2026-09-18T16:07:14.5530133Z [crosswake] OK: verify_companion_cleanroom: package=crosswake_rindle version=0.1.0 core_floor=~> 0.2 selected_core=0.2.1 profile=engine-present state=passed
Clean-room proof rehearsal	Post Run actions/checkout@9c091bb21b7c1c1d1991bb908d89e4e9dddfe3e0	﻿2026-09-18T16:07:14.7004762Z Post job cleanup.
Clean-room proof rehearsal	Post Run actions/checkout@9c091bb21b7c1c1d1991bb908d89e4e9dddfe3e0	2026-09-18T16:07:14.7894045Z [command]/usr/bin/git version
Clean-room proof rehearsal	Post Run actions/checkout@9c091bb21b7c1c1d1991bb908d89e4e9dddfe3e0	2026-09-18T16:07:14.7934306Z git version 2.55.0
Clean-room proof rehearsal	Post Run actions/checkout@9c091bb21b7c1c1d1991bb908d89e4e9dddfe3e0	2026-09-18T16:07:14.7980696Z Temporarily overriding HOME='/home/runner/work/_temp/f72fc6b2-9ee7-434b-919e-1fec73d3a631' before making global git config changes
Clean-room proof rehearsal	Post Run actions/checkout@9c091bb21b7c1c1d1991bb908d89e4e9dddfe3e0	2026-09-18T16:07:14.7982225Z Adding repository directory to the temporary git global config as a safe directory
Clean-room proof rehearsal	Post Run actions/checkout@9c091bb21b7c1c1d1991bb908d89e4e9dddfe3e0	2026-09-18T16:07:14.7987330Z [command]/usr/bin/git config --global --add safe.directory /home/runner/work/crosswake/crosswake
Clean-room proof rehearsal	Post Run actions/checkout@9c091bb21b7c1c1d1991bb908d89e4e9dddfe3e0	2026-09-18T16:07:14.8021752Z Removing SSH command configuration
Clean-room proof rehearsal	Post Run actions/checkout@9c091bb21b7c1c1d1991bb908d89e4e9dddfe3e0	2026-09-18T16:07:14.8028255Z [command]/usr/bin/git config --local --name-only --get-regexp core\.sshCommand
Clean-room proof rehearsal	Post Run actions/checkout@9c091bb21b7c1c1d1991bb908d89e4e9dddfe3e0	2026-09-18T16:07:14.8065131Z [command]/usr/bin/git submodule foreach --recursive sh -c "git config --local --name-only --get-regexp 'core\.sshCommand' && git config --local --unset-all 'core.sshCommand' || :"
Clean-room proof rehearsal	Post Run actions/checkout@9c091bb21b7c1c1d1991bb908d89e4e9dddfe3e0	2026-09-18T16:07:14.8301777Z Removing HTTP extra header
Clean-room proof rehearsal	Post Run actions/checkout@9c091bb21b7c1c1d1991bb908d89e4e9dddfe3e0	2026-09-18T16:07:14.8308771Z [command]/usr/bin/git config --local --name-only --get-regexp http\.https\:\/\/github\.com\/\.extraheader
Clean-room proof rehearsal	Post Run actions/checkout@9c091bb21b7c1c1d1991bb908d89e4e9dddfe3e0	2026-09-18T16:07:14.8352198Z [command]/usr/bin/git submodule foreach --recursive sh -c "git config --local --name-only --get-regexp 'http\.https\:\/\/github\.com\/\.extraheader' && git config --local --unset-all 'http.https://github.com/.extraheader' || :"
Clean-room proof rehearsal	Post Run actions/checkout@9c091bb21b7c1c1d1991bb908d89e4e9dddfe3e0	2026-09-18T16:07:14.8596486Z Removing includeIf entries pointing to credentials config files
Clean-room proof rehearsal	Post Run actions/checkout@9c091bb21b7c1c1d1991bb908d89e4e9dddfe3e0	2026-09-18T16:07:14.8606426Z [command]/usr/bin/git config --local --name-only --get-regexp ^includeIf\.gitdir:
Clean-room proof rehearsal	Post Run actions/checkout@9c091bb21b7c1c1d1991bb908d89e4e9dddfe3e0	2026-09-18T16:07:14.8640703Z includeif.gitdir:/home/runner/work/crosswake/crosswake/.git.path
Clean-room proof rehearsal	Post Run actions/checkout@9c091bb21b7c1c1d1991bb908d89e4e9dddfe3e0	2026-09-18T16:07:14.8641809Z includeif.gitdir:/home/runner/work/crosswake/crosswake/.git/worktrees/*.path
Clean-room proof rehearsal	Post Run actions/checkout@9c091bb21b7c1c1d1991bb908d89e4e9dddfe3e0	2026-09-18T16:07:14.8642937Z includeif.gitdir:/github/workspace/.git.path
Clean-room proof rehearsal	Post Run actions/checkout@9c091bb21b7c1c1d1991bb908d89e4e9dddfe3e0	2026-09-18T16:07:14.8644051Z includeif.gitdir:/github/workspace/.git/worktrees/*.path
Clean-room proof rehearsal	Post Run actions/checkout@9c091bb21b7c1c1d1991bb908d89e4e9dddfe3e0	2026-09-18T16:07:14.8652568Z [command]/usr/bin/git config --local --get-all includeif.gitdir:/home/runner/work/crosswake/crosswake/.git.path
Clean-room proof rehearsal	Post Run actions/checkout@9c091bb21b7c1c1d1991bb908d89e4e9dddfe3e0	2026-09-18T16:07:14.8678907Z /home/runner/work/_temp/git-credentials-79b07c23-caad-4223-b932-0a0e7cf9d749.config
Clean-room proof rehearsal	Post Run actions/checkout@9c091bb21b7c1c1d1991bb908d89e4e9dddfe3e0	2026-09-18T16:07:14.8695201Z [command]/usr/bin/git config --local --unset includeif.gitdir:/home/runner/work/crosswake/crosswake/.git.path /home/runner/work/_temp/git-credentials-79b07c23-caad-4223-b932-0a0e7cf9d749.config
Clean-room proof rehearsal	Post Run actions/checkout@9c091bb21b7c1c1d1991bb908d89e4e9dddfe3e0	2026-09-18T16:07:14.8735033Z [command]/usr/bin/git config --local --get-all includeif.gitdir:/home/runner/work/crosswake/crosswake/.git/worktrees/*.path
Clean-room proof rehearsal	Post Run actions/checkout@9c091bb21b7c1c1d1991bb908d89e4e9dddfe3e0	2026-09-18T16:07:14.8764091Z /home/runner/work/_temp/git-credentials-79b07c23-caad-4223-b932-0a0e7cf9d749.config
Clean-room proof rehearsal	Post Run actions/checkout@9c091bb21b7c1c1d1991bb908d89e4e9dddfe3e0	2026-09-18T16:07:14.8776566Z [command]/usr/bin/git config --local --unset includeif.gitdir:/home/runner/work/crosswake/crosswake/.git/worktrees/*.path /home/runner/work/_temp/git-credentials-79b07c23-caad-4223-b932-0a0e7cf9d749.config
Clean-room proof rehearsal	Post Run actions/checkout@9c091bb21b7c1c1d1991bb908d89e4e9dddfe3e0	2026-09-18T16:07:14.8825300Z [command]/usr/bin/git config --local --get-all includeif.gitdir:/github/workspace/.git.path
Clean-room proof rehearsal	Post Run actions/checkout@9c091bb21b7c1c1d1991bb908d89e4e9dddfe3e0	2026-09-18T16:07:14.8849940Z /github/runner_temp/git-credentials-79b07c23-caad-4223-b932-0a0e7cf9d749.config
Clean-room proof rehearsal	Post Run actions/checkout@9c091bb21b7c1c1d1991bb908d89e4e9dddfe3e0	2026-09-18T16:07:14.8858705Z [command]/usr/bin/git config --local --unset includeif.gitdir:/github/workspace/.git.path /github/runner_temp/git-credentials-79b07c23-caad-4223-b932-0a0e7cf9d749.config
Clean-room proof rehearsal	Post Run actions/checkout@9c091bb21b7c1c1d1991bb908d89e4e9dddfe3e0	2026-09-18T16:07:14.8895959Z [command]/usr/bin/git config --local --get-all includeif.gitdir:/github/workspace/.git/worktrees/*.path
Clean-room proof rehearsal	Post Run actions/checkout@9c091bb21b7c1c1d1991bb908d89e4e9dddfe3e0	2026-09-18T16:07:14.8919521Z /github/runner_temp/git-credentials-79b07c23-caad-4223-b932-0a0e7cf9d749.config
Clean-room proof rehearsal	Post Run actions/checkout@9c091bb21b7c1c1d1991bb908d89e4e9dddfe3e0	2026-09-18T16:07:14.8930156Z [command]/usr/bin/git config --local --unset includeif.gitdir:/github/workspace/.git/worktrees/*.path /github/runner_temp/git-credentials-79b07c23-caad-4223-b932-0a0e7cf9d749.config
Clean-room proof rehearsal	Post Run actions/checkout@9c091bb21b7c1c1d1991bb908d89e4e9dddfe3e0	2026-09-18T16:07:14.8965679Z [command]/usr/bin/git submodule foreach --recursive git config --local --show-origin --name-only --get-regexp remote.origin.url
Clean-room proof rehearsal	Post Run actions/checkout@9c091bb21b7c1c1d1991bb908d89e4e9dddfe3e0	2026-09-18T16:07:14.9212536Z Removing credentials config '/home/runner/work/_temp/git-credentials-79b07c23-caad-4223-b932-0a0e7cf9d749.config'
Clean-room proof rehearsal	Complete job	﻿2026-09-18T16:07:14.9378927Z Cleaning up orphan processes
