release-candidate-full-proof	UNKNOWN STEP	﻿2026-09-18T08:24:16.9069579Z Current runner version: '2.337.0'
release-candidate-full-proof	UNKNOWN STEP	2026-09-18T08:24:16.9096220Z ##[group]Runner Image Provisioner
release-candidate-full-proof	UNKNOWN STEP	2026-09-18T08:24:16.9097096Z Hosted Compute Agent
release-candidate-full-proof	UNKNOWN STEP	2026-09-18T08:24:16.9097805Z Version: 20260828.587
release-candidate-full-proof	UNKNOWN STEP	2026-09-18T08:24:16.9098481Z Commit: abac92662cab4cc7352de4f9f9d2e2419aad9c29
release-candidate-full-proof	UNKNOWN STEP	2026-09-18T08:24:16.9099230Z Build Date: 2026-08-28T16:44:25Z
release-candidate-full-proof	UNKNOWN STEP	2026-09-18T08:24:16.9099966Z Worker ID: {94c94832-a075-4243-bb45-4740469663e4}
release-candidate-full-proof	UNKNOWN STEP	2026-09-18T08:24:16.9100699Z Azure Region: northcentralus
release-candidate-full-proof	UNKNOWN STEP	2026-09-18T08:24:16.9101343Z ##[endgroup]
release-candidate-full-proof	UNKNOWN STEP	2026-09-18T08:24:16.9102909Z ##[group]Operating System
release-candidate-full-proof	UNKNOWN STEP	2026-09-18T08:24:16.9103938Z Ubuntu
release-candidate-full-proof	UNKNOWN STEP	2026-09-18T08:24:16.9104594Z 24.04.5
release-candidate-full-proof	UNKNOWN STEP	2026-09-18T08:24:16.9105115Z LTS
release-candidate-full-proof	UNKNOWN STEP	2026-09-18T08:24:16.9105648Z ##[endgroup]
release-candidate-full-proof	UNKNOWN STEP	2026-09-18T08:24:16.9106327Z ##[group]Runner Image
release-candidate-full-proof	UNKNOWN STEP	2026-09-18T08:24:16.9106944Z Image: ubuntu-24.04
release-candidate-full-proof	UNKNOWN STEP	2026-09-18T08:24:16.9107546Z Version: 20260907.300.1
release-candidate-full-proof	UNKNOWN STEP	2026-09-18T08:24:16.9108889Z Included Software: https://github.com/actions/runner-images/blob/ubuntu24/20260907.300/images/ubuntu/Ubuntu2404-Readme.md
release-candidate-full-proof	UNKNOWN STEP	2026-09-18T08:24:16.9110557Z Image Release: https://github.com/actions/runner-images/releases/tag/ubuntu24%2F20260907.300
release-candidate-full-proof	UNKNOWN STEP	2026-09-18T08:24:16.9111565Z ##[endgroup]
release-candidate-full-proof	UNKNOWN STEP	2026-09-18T08:24:16.9112733Z ##[group]GITHUB_TOKEN Permissions
release-candidate-full-proof	UNKNOWN STEP	2026-09-18T08:24:16.9114962Z Contents: read
release-candidate-full-proof	UNKNOWN STEP	2026-09-18T08:24:16.9115656Z Metadata: read
release-candidate-full-proof	UNKNOWN STEP	2026-09-18T08:24:16.9116312Z ##[endgroup]
release-candidate-full-proof	UNKNOWN STEP	2026-09-18T08:24:16.9118660Z Secret source: Dependabot
release-candidate-full-proof	UNKNOWN STEP	2026-09-18T08:24:16.9119729Z Cache mode: write
release-candidate-full-proof	UNKNOWN STEP	2026-09-18T08:24:16.9120565Z Prepare workflow directory
release-candidate-full-proof	UNKNOWN STEP	2026-09-18T08:24:16.9714524Z Prepare all required actions
release-candidate-full-proof	UNKNOWN STEP	2026-09-18T08:24:16.9766176Z Getting action download info
release-candidate-full-proof	UNKNOWN STEP	2026-09-18T08:24:17.2449065Z Download action repository 'actions/checkout@9c091bb21b7c1c1d1991bb908d89e4e9dddfe3e0' (SHA:9c091bb21b7c1c1d1991bb908d89e4e9dddfe3e0)
release-candidate-full-proof	UNKNOWN STEP	2026-09-18T08:24:17.4052772Z Download action repository 'actions/upload-artifact@043fb46d1a93c77aae656e7c1c64a875d1fc6a0a' (SHA:043fb46d1a93c77aae656e7c1c64a875d1fc6a0a)
release-candidate-full-proof	UNKNOWN STEP	2026-09-18T08:24:17.5845100Z Complete job name: release-candidate-full-proof
release-candidate-full-proof	UNKNOWN STEP	2026-09-18T08:24:17.6643572Z ##[group]Run actions/checkout@9c091bb21b7c1c1d1991bb908d89e4e9dddfe3e0
release-candidate-full-proof	UNKNOWN STEP	2026-09-18T08:24:17.6644883Z with:
release-candidate-full-proof	UNKNOWN STEP	2026-09-18T08:24:17.6645392Z   ref: bcb8acaa1bdbbd81610af2a672da64bfe561de9e
release-candidate-full-proof	UNKNOWN STEP	2026-09-18T08:24:17.6645999Z   fetch-depth: 0
release-candidate-full-proof	UNKNOWN STEP	2026-09-18T08:24:17.6646484Z   repository: szTheory/crosswake
release-candidate-full-proof	UNKNOWN STEP	2026-09-18T08:24:17.6650314Z   token: ***
release-candidate-full-proof	UNKNOWN STEP	2026-09-18T08:24:17.6650752Z   ssh-strict: true
release-candidate-full-proof	UNKNOWN STEP	2026-09-18T08:24:17.6651187Z   ssh-user: git
release-candidate-full-proof	UNKNOWN STEP	2026-09-18T08:24:17.6651642Z   persist-credentials: true
release-candidate-full-proof	UNKNOWN STEP	2026-09-18T08:24:17.6652128Z   clean: true
release-candidate-full-proof	UNKNOWN STEP	2026-09-18T08:24:17.6652579Z   sparse-checkout-cone-mode: true
release-candidate-full-proof	UNKNOWN STEP	2026-09-18T08:24:17.6653118Z   fetch-tags: false
release-candidate-full-proof	UNKNOWN STEP	2026-09-18T08:24:17.6653901Z   show-progress: true
release-candidate-full-proof	UNKNOWN STEP	2026-09-18T08:24:17.6654350Z   lfs: false
release-candidate-full-proof	UNKNOWN STEP	2026-09-18T08:24:17.6654758Z   submodules: false
release-candidate-full-proof	UNKNOWN STEP	2026-09-18T08:24:17.6655213Z   set-safe-directory: true
release-candidate-full-proof	UNKNOWN STEP	2026-09-18T08:24:17.6655732Z   allow-unsafe-pr-checkout: false
release-candidate-full-proof	UNKNOWN STEP	2026-09-18T08:24:17.6656539Z env:
release-candidate-full-proof	UNKNOWN STEP	2026-09-18T08:24:17.6656943Z   MIX_ENV: test
release-candidate-full-proof	UNKNOWN STEP	2026-09-18T08:24:17.6657549Z   CANDIDATE_REF: bcb8acaa1bdbbd81610af2a672da64bfe561de9e
release-candidate-full-proof	UNKNOWN STEP	2026-09-18T08:24:17.6658348Z   CANDIDATE_ROOT: /tmp/crosswake-release-candidate-35324177344-1
release-candidate-full-proof	UNKNOWN STEP	2026-09-18T08:24:17.6659029Z ##[endgroup]
release-candidate-full-proof	UNKNOWN STEP	2026-09-18T08:24:17.7968728Z Syncing repository: szTheory/crosswake
release-candidate-full-proof	UNKNOWN STEP	2026-09-18T08:24:17.7970642Z ##[group]Getting Git version info
release-candidate-full-proof	UNKNOWN STEP	2026-09-18T08:24:17.7971410Z Working directory is '/home/runner/work/crosswake/crosswake'
release-candidate-full-proof	UNKNOWN STEP	2026-09-18T08:24:17.7973855Z [command]/usr/bin/git version
release-candidate-full-proof	UNKNOWN STEP	2026-09-18T08:24:17.8138152Z git version 2.55.0
release-candidate-full-proof	UNKNOWN STEP	2026-09-18T08:24:17.8163065Z ##[endgroup]
release-candidate-full-proof	UNKNOWN STEP	2026-09-18T08:24:17.8176350Z Temporarily overriding HOME='/home/runner/work/_temp/6aa71f29-bc6b-4ac7-bebb-fb58d4c37e7f' before making global git config changes
release-candidate-full-proof	UNKNOWN STEP	2026-09-18T08:24:17.8178878Z Adding repository directory to the temporary git global config as a safe directory
release-candidate-full-proof	UNKNOWN STEP	2026-09-18T08:24:17.8185166Z [command]/usr/bin/git config --global --add safe.directory /home/runner/work/crosswake/crosswake
release-candidate-full-proof	UNKNOWN STEP	2026-09-18T08:24:17.8242345Z Deleting the contents of '/home/runner/work/crosswake/crosswake'
release-candidate-full-proof	UNKNOWN STEP	2026-09-18T08:24:17.8247068Z ##[group]Determining repository object format
release-candidate-full-proof	UNKNOWN STEP	2026-09-18T08:24:17.8249604Z ##[endgroup]
release-candidate-full-proof	UNKNOWN STEP	2026-09-18T08:24:17.8250535Z ##[group]Initializing the repository
release-candidate-full-proof	UNKNOWN STEP	2026-09-18T08:24:17.8256479Z [command]/usr/bin/git init /home/runner/work/crosswake/crosswake
release-candidate-full-proof	UNKNOWN STEP	2026-09-18T08:24:17.8380697Z hint: Using 'master' as the name for the initial branch. This default branch name
release-candidate-full-proof	UNKNOWN STEP	2026-09-18T08:24:17.8382410Z hint: will change to "main" in Git 3.0. To configure the initial branch name
release-candidate-full-proof	UNKNOWN STEP	2026-09-18T08:24:17.8384413Z hint: to use in all of your new repositories, which will suppress this warning,
release-candidate-full-proof	UNKNOWN STEP	2026-09-18T08:24:17.8386063Z hint: call:
release-candidate-full-proof	UNKNOWN STEP	2026-09-18T08:24:17.8387443Z hint:
release-candidate-full-proof	UNKNOWN STEP	2026-09-18T08:24:17.8388742Z hint: 	git config --global init.defaultBranch <name>
release-candidate-full-proof	UNKNOWN STEP	2026-09-18T08:24:17.8390147Z hint:
release-candidate-full-proof	UNKNOWN STEP	2026-09-18T08:24:17.8391526Z hint: Names commonly chosen instead of 'master' are 'main', 'trunk' and
release-candidate-full-proof	UNKNOWN STEP	2026-09-18T08:24:17.8393583Z hint: 'development'. The just-created branch can be renamed via this command:
release-candidate-full-proof	UNKNOWN STEP	2026-09-18T08:24:17.8395014Z hint:
release-candidate-full-proof	UNKNOWN STEP	2026-09-18T08:24:17.8396090Z hint: 	git branch -m <name>
release-candidate-full-proof	UNKNOWN STEP	2026-09-18T08:24:17.8396924Z hint:
release-candidate-full-proof	UNKNOWN STEP	2026-09-18T08:24:17.8398054Z hint: Disable this message with "git config set advice.defaultBranchName false"
release-candidate-full-proof	UNKNOWN STEP	2026-09-18T08:24:17.8399949Z Initialized empty Git repository in /home/runner/work/crosswake/crosswake/.git/
release-candidate-full-proof	UNKNOWN STEP	2026-09-18T08:24:17.8403107Z [command]/usr/bin/git remote add origin https://github.com/szTheory/crosswake
release-candidate-full-proof	UNKNOWN STEP	2026-09-18T08:24:17.8487609Z ##[endgroup]
release-candidate-full-proof	UNKNOWN STEP	2026-09-18T08:24:17.8488924Z ##[group]Disabling automatic garbage collection
release-candidate-full-proof	UNKNOWN STEP	2026-09-18T08:24:17.8492335Z [command]/usr/bin/git config --local gc.auto 0
release-candidate-full-proof	UNKNOWN STEP	2026-09-18T08:24:17.8526486Z ##[endgroup]
release-candidate-full-proof	UNKNOWN STEP	2026-09-18T08:24:17.8528258Z ##[group]Setting up auth
release-candidate-full-proof	UNKNOWN STEP	2026-09-18T08:24:17.8529248Z Removing SSH command configuration
release-candidate-full-proof	UNKNOWN STEP	2026-09-18T08:24:17.8534362Z [command]/usr/bin/git config --local --name-only --get-regexp core\.sshCommand
release-candidate-full-proof	UNKNOWN STEP	2026-09-18T08:24:17.8568989Z [command]/usr/bin/git submodule foreach --recursive sh -c "git config --local --name-only --get-regexp 'core\.sshCommand' && git config --local --unset-all 'core.sshCommand' || :"
release-candidate-full-proof	UNKNOWN STEP	2026-09-18T08:24:17.8965442Z Removing HTTP extra header
release-candidate-full-proof	UNKNOWN STEP	2026-09-18T08:24:17.8973085Z [command]/usr/bin/git config --local --name-only --get-regexp http\.https\:\/\/github\.com\/\.extraheader
release-candidate-full-proof	UNKNOWN STEP	2026-09-18T08:24:17.9020169Z [command]/usr/bin/git submodule foreach --recursive sh -c "git config --local --name-only --get-regexp 'http\.https\:\/\/github\.com\/\.extraheader' && git config --local --unset-all 'http.https://github.com/.extraheader' || :"
release-candidate-full-proof	UNKNOWN STEP	2026-09-18T08:24:17.9284178Z Removing includeIf entries pointing to credentials config files
release-candidate-full-proof	UNKNOWN STEP	2026-09-18T08:24:17.9292749Z [command]/usr/bin/git config --local --name-only --get-regexp ^includeIf\.gitdir:
release-candidate-full-proof	UNKNOWN STEP	2026-09-18T08:24:17.9335311Z [command]/usr/bin/git submodule foreach --recursive git config --local --show-origin --name-only --get-regexp remote.origin.url
release-candidate-full-proof	UNKNOWN STEP	2026-09-18T08:24:17.9602415Z [command]/usr/bin/git config --file /home/runner/work/_temp/git-credentials-cbc5d8f9-1188-4489-91b2-ed8c533a8ae3.config http.https://github.com/.extraheader AUTHORIZATION: basic ***
release-candidate-full-proof	UNKNOWN STEP	2026-09-18T08:24:17.9650341Z [command]/usr/bin/git config --local includeIf.gitdir:/home/runner/work/crosswake/crosswake/.git.path /home/runner/work/_temp/git-credentials-cbc5d8f9-1188-4489-91b2-ed8c533a8ae3.config
release-candidate-full-proof	UNKNOWN STEP	2026-09-18T08:24:17.9701388Z [command]/usr/bin/git config --local includeIf.gitdir:/home/runner/work/crosswake/crosswake/.git/worktrees/*.path /home/runner/work/_temp/git-credentials-cbc5d8f9-1188-4489-91b2-ed8c533a8ae3.config
release-candidate-full-proof	UNKNOWN STEP	2026-09-18T08:24:17.9731994Z [command]/usr/bin/git config --local includeIf.gitdir:/github/workspace/.git.path /github/runner_temp/git-credentials-cbc5d8f9-1188-4489-91b2-ed8c533a8ae3.config
release-candidate-full-proof	UNKNOWN STEP	2026-09-18T08:24:17.9764803Z [command]/usr/bin/git config --local includeIf.gitdir:/github/workspace/.git/worktrees/*.path /github/runner_temp/git-credentials-cbc5d8f9-1188-4489-91b2-ed8c533a8ae3.config
release-candidate-full-proof	UNKNOWN STEP	2026-09-18T08:24:17.9793170Z ##[endgroup]
release-candidate-full-proof	UNKNOWN STEP	2026-09-18T08:24:17.9795216Z ##[group]Fetching the repository
release-candidate-full-proof	UNKNOWN STEP	2026-09-18T08:24:17.9801968Z [command]/usr/bin/git -c protocol.version=2 fetch --no-tags --prune --no-recurse-submodules origin +refs/heads/*:refs/remotes/origin/* +refs/tags/*:refs/tags/*
release-candidate-full-proof	UNKNOWN STEP	2026-09-18T08:24:20.8511826Z From https://github.com/szTheory/crosswake
release-candidate-full-proof	UNKNOWN STEP	2026-09-18T08:24:20.8514853Z  * [new branch]        chore/first-adopter-guidance-cleanup -> origin/chore/first-adopter-guidance-cleanup
release-candidate-full-proof	UNKNOWN STEP	2026-09-18T08:24:20.8517957Z  * [new branch]        chore/post-0.1.2-cleanup    -> origin/chore/post-0.1.2-cleanup
release-candidate-full-proof	UNKNOWN STEP	2026-09-18T08:24:20.8519843Z  * [new branch]        chore/track-110-patterns    -> origin/chore/track-110-patterns
release-candidate-full-proof	UNKNOWN STEP	2026-09-18T08:24:20.8522801Z  * [new branch]        dependabot/github_actions/actions/upload-artifact-7.0.1 -> origin/dependabot/github_actions/actions/upload-artifact-7.0.1
release-candidate-full-proof	UNKNOWN STEP	2026-09-18T08:24:20.8527450Z  * [new branch]        docs/alpha-reference-host-seed -> origin/docs/alpha-reference-host-seed
release-candidate-full-proof	UNKNOWN STEP	2026-09-18T08:24:20.8531890Z  * [new branch]        docs/sigra-personal-account-authority-seed -> origin/docs/sigra-personal-account-authority-seed
release-candidate-full-proof	UNKNOWN STEP	2026-09-18T08:24:20.8535807Z  * [new branch]        docs/v11-complete           -> origin/docs/v11-complete
release-candidate-full-proof	UNKNOWN STEP	2026-09-18T08:24:20.8538386Z  * [new branch]        fix/align-companion-core-constraints -> origin/fix/align-companion-core-constraints
release-candidate-full-proof	UNKNOWN STEP	2026-09-18T08:24:20.8541777Z  * [new branch]        fix/android-auto-publish-and-firedrill-api -> origin/fix/android-auto-publish-and-firedrill-api
release-candidate-full-proof	UNKNOWN STEP	2026-09-18T08:24:20.8547016Z  * [new branch]        fix/fire-drill-artifact-classifier-assertion -> origin/fix/fire-drill-artifact-classifier-assertion
release-candidate-full-proof	UNKNOWN STEP	2026-09-18T08:24:20.8549922Z  * [new branch]        main                        -> origin/main
release-candidate-full-proof	UNKNOWN STEP	2026-09-18T08:24:20.8552764Z  * [new branch]        phase-103-chimeway-notification-proof -> origin/phase-103-chimeway-notification-proof
release-candidate-full-proof	UNKNOWN STEP	2026-09-18T08:24:20.8558415Z  * [new branch]        phase-104-provider-feedback-recipe-truth -> origin/phase-104-provider-feedback-recipe-truth
release-candidate-full-proof	UNKNOWN STEP	2026-09-18T08:24:20.8564940Z  * [new branch]        phase167-default-truth-closure -> origin/phase167-default-truth-closure
release-candidate-full-proof	UNKNOWN STEP	2026-09-18T08:24:20.8570000Z  * [new branch]        release-please--branches--main -> origin/release-please--branches--main
release-candidate-full-proof	UNKNOWN STEP	2026-09-18T08:24:20.8577213Z  * [new branch]        release-please--branches--main--components--crosswake_chimeway -> origin/release-please--branches--main--components--crosswake_chimeway
release-candidate-full-proof	UNKNOWN STEP	2026-09-18T08:24:20.8584911Z  * [new branch]        release-please--branches--main--components--crosswake_rulestead -> origin/release-please--branches--main--components--crosswake_rulestead
release-candidate-full-proof	UNKNOWN STEP	2026-09-18T08:24:20.8590969Z  * [new branch]        resume/chimeway-notification-physical-proof -> origin/resume/chimeway-notification-physical-proof
release-candidate-full-proof	UNKNOWN STEP	2026-09-18T08:24:20.8594177Z  * [new branch]        v4-v9-rollup                -> origin/v4-v9-rollup
release-candidate-full-proof	UNKNOWN STEP	2026-09-18T08:24:20.8596058Z  * [new tag]           android-core-v0.1.2         -> android-core-v0.1.2
release-candidate-full-proof	UNKNOWN STEP	2026-09-18T08:24:20.8598008Z  * [new tag]           android-core-v0.2.0         -> android-core-v0.2.0
release-candidate-full-proof	UNKNOWN STEP	2026-09-18T08:24:20.8600123Z  * [new tag]           android-core-v0.2.1         -> android-core-v0.2.1
release-candidate-full-proof	UNKNOWN STEP	2026-09-18T08:24:20.8602448Z  * [new tag]           crosswake_chimeway-v0.1.0   -> crosswake_chimeway-v0.1.0
release-candidate-full-proof	UNKNOWN STEP	2026-09-18T08:24:20.8604967Z  * [new tag]           crosswake_rindle-v0.1.0     -> crosswake_rindle-v0.1.0
release-candidate-full-proof	UNKNOWN STEP	2026-09-18T08:24:20.8607406Z  * [new tag]           crosswake_rulestead-v0.1.0  -> crosswake_rulestead-v0.1.0
release-candidate-full-proof	UNKNOWN STEP	2026-09-18T08:24:20.8609813Z  * [new tag]           crosswake_sigra-v0.1.0      -> crosswake_sigra-v0.1.0
release-candidate-full-proof	UNKNOWN STEP	2026-09-18T08:24:20.8612179Z  * [new tag]           crosswake_sigra-v0.1.1      -> crosswake_sigra-v0.1.1
release-candidate-full-proof	UNKNOWN STEP	2026-09-18T08:24:20.8614727Z  * [new tag]           crosswake_sigra-v0.1.2      -> crosswake_sigra-v0.1.2
release-candidate-full-proof	UNKNOWN STEP	2026-09-18T08:24:20.8617307Z  * [new tag]           crosswake_sigra-v0.1.3      -> crosswake_sigra-v0.1.3
release-candidate-full-proof	UNKNOWN STEP	2026-09-18T08:24:20.8620460Z  * [new tag]           crosswake_threadline-v0.1.0 -> crosswake_threadline-v0.1.0
release-candidate-full-proof	UNKNOWN STEP	2026-09-18T08:24:20.8624411Z  * [new tag]           hex-v0.1.2                  -> hex-v0.1.2
release-candidate-full-proof	UNKNOWN STEP	2026-09-18T08:24:20.8627286Z  * [new tag]           hex-v0.2.0                  -> hex-v0.2.0
release-candidate-full-proof	UNKNOWN STEP	2026-09-18T08:24:20.8630183Z  * [new tag]           hex-v0.2.1                  -> hex-v0.2.1
release-candidate-full-proof	UNKNOWN STEP	2026-09-18T08:24:20.8633172Z  * [new tag]           ios-core-v0.1.2             -> ios-core-v0.1.2
release-candidate-full-proof	UNKNOWN STEP	2026-09-18T08:24:20.8636453Z  * [new tag]           ios-core-v0.2.0             -> ios-core-v0.2.0
release-candidate-full-proof	UNKNOWN STEP	2026-09-18T08:24:20.8639588Z  * [new tag]           ios-core-v0.2.1             -> ios-core-v0.2.1
release-candidate-full-proof	UNKNOWN STEP	2026-09-18T08:24:20.8641597Z  * [new tag]           v0.1.0                      -> v0.1.0
release-candidate-full-proof	UNKNOWN STEP	2026-09-18T08:24:20.8643671Z  * [new tag]           v10.0                       -> v10.0
release-candidate-full-proof	UNKNOWN STEP	2026-09-18T08:24:20.8645482Z  * [new tag]           v11.0                       -> v11.0
release-candidate-full-proof	UNKNOWN STEP	2026-09-18T08:24:20.8648106Z  * [new tag]           v12.0                       -> v12.0
release-candidate-full-proof	UNKNOWN STEP	2026-09-18T08:24:20.8650174Z  * [new tag]           v14.0                       -> v14.0
release-candidate-full-proof	UNKNOWN STEP	2026-09-18T08:24:20.8651996Z  * [new tag]           v15.0                       -> v15.0
release-candidate-full-proof	UNKNOWN STEP	2026-09-18T08:24:20.8653986Z  * [new tag]           v16.0                       -> v16.0
release-candidate-full-proof	UNKNOWN STEP	2026-09-18T08:24:20.8655682Z  * [new tag]           v17.0                       -> v17.0
release-candidate-full-proof	UNKNOWN STEP	2026-09-18T08:24:20.8657352Z  * [new tag]           v19.0                       -> v19.0
release-candidate-full-proof	UNKNOWN STEP	2026-09-18T08:24:20.8659351Z  * [new tag]           v2.0                        -> v2.0
release-candidate-full-proof	UNKNOWN STEP	2026-09-18T08:24:20.8752308Z  * [new tag]           v22.0                       -> v22.0
release-candidate-full-proof	UNKNOWN STEP	2026-09-18T08:24:20.8755269Z  * [new tag]           v3.1                        -> v3.1
release-candidate-full-proof	UNKNOWN STEP	2026-09-18T08:24:20.8757879Z  * [new tag]           v3.2                        -> v3.2
release-candidate-full-proof	UNKNOWN STEP	2026-09-18T08:24:20.8760466Z  * [new tag]           v3.3                        -> v3.3
release-candidate-full-proof	UNKNOWN STEP	2026-09-18T08:24:20.8763051Z  * [new tag]           v3.4                        -> v3.4
release-candidate-full-proof	UNKNOWN STEP	2026-09-18T08:24:20.8765883Z  * [new tag]           v3.5                        -> v3.5
release-candidate-full-proof	UNKNOWN STEP	2026-09-18T08:24:20.8768522Z  * [new tag]           v3.7                        -> v3.7
release-candidate-full-proof	UNKNOWN STEP	2026-09-18T08:24:20.8770220Z  * [new tag]           v3.8                        -> v3.8
release-candidate-full-proof	UNKNOWN STEP	2026-09-18T08:24:20.8771833Z  * [new tag]           v3.9                        -> v3.9
release-candidate-full-proof	UNKNOWN STEP	2026-09-18T08:24:20.8773736Z  * [new tag]           v5.0                        -> v5.0
release-candidate-full-proof	UNKNOWN STEP	2026-09-18T08:24:20.8775362Z  * [new tag]           v5.1                        -> v5.1
release-candidate-full-proof	UNKNOWN STEP	2026-09-18T08:24:20.8776997Z  * [new tag]           v6.0                        -> v6.0
release-candidate-full-proof	UNKNOWN STEP	2026-09-18T08:24:20.8778586Z  * [new tag]           v8.0                        -> v8.0
release-candidate-full-proof	UNKNOWN STEP	2026-09-18T08:24:20.8780174Z  * [new tag]           v9.0                        -> v9.0
release-candidate-full-proof	UNKNOWN STEP	2026-09-18T08:24:20.8784356Z [command]/usr/bin/git rev-parse --verify --quiet bcb8acaa1bdbbd81610af2a672da64bfe561de9e^{object}
release-candidate-full-proof	UNKNOWN STEP	2026-09-18T08:24:20.8786716Z bcb8acaa1bdbbd81610af2a672da64bfe561de9e
release-candidate-full-proof	UNKNOWN STEP	2026-09-18T08:24:20.8790125Z ##[endgroup]
release-candidate-full-proof	UNKNOWN STEP	2026-09-18T08:24:20.8791846Z ##[group]Determining the checkout info
release-candidate-full-proof	UNKNOWN STEP	2026-09-18T08:24:20.8794057Z ##[endgroup]
release-candidate-full-proof	UNKNOWN STEP	2026-09-18T08:24:20.8795294Z [command]/usr/bin/git sparse-checkout disable
release-candidate-full-proof	UNKNOWN STEP	2026-09-18T08:24:20.8798663Z [command]/usr/bin/git config --local --unset-all extensions.worktreeConfig
release-candidate-full-proof	UNKNOWN STEP	2026-09-18T08:24:20.8802537Z ##[group]Checking out the ref
release-candidate-full-proof	UNKNOWN STEP	2026-09-18T08:24:20.8804742Z [command]/usr/bin/git checkout --progress --force bcb8acaa1bdbbd81610af2a672da64bfe561de9e
release-candidate-full-proof	UNKNOWN STEP	2026-09-18T08:24:21.1486327Z Note: switching to 'bcb8acaa1bdbbd81610af2a672da64bfe561de9e'.
release-candidate-full-proof	UNKNOWN STEP	2026-09-18T08:24:21.1487674Z 
release-candidate-full-proof	UNKNOWN STEP	2026-09-18T08:24:21.1488126Z You are in 'detached HEAD' state. You can look around, make experimental
release-candidate-full-proof	UNKNOWN STEP	2026-09-18T08:24:21.1489089Z changes and commit them, and you can discard any commits you make in this
release-candidate-full-proof	UNKNOWN STEP	2026-09-18T08:24:21.1489711Z state without impacting any branches by switching back to a branch.
release-candidate-full-proof	UNKNOWN STEP	2026-09-18T08:24:21.1490042Z 
release-candidate-full-proof	UNKNOWN STEP	2026-09-18T08:24:21.1490270Z If you want to create a new branch to retain commits you create, you may
release-candidate-full-proof	UNKNOWN STEP	2026-09-18T08:24:21.1490812Z do so (now or later) by using -c with the switch command. Example:
release-candidate-full-proof	UNKNOWN STEP	2026-09-18T08:24:21.1491132Z 
release-candidate-full-proof	UNKNOWN STEP	2026-09-18T08:24:21.1491677Z   git switch -c <new-branch-name>
release-candidate-full-proof	UNKNOWN STEP	2026-09-18T08:24:21.1491898Z 
release-candidate-full-proof	UNKNOWN STEP	2026-09-18T08:24:21.1492065Z Or undo this operation with:
release-candidate-full-proof	UNKNOWN STEP	2026-09-18T08:24:21.1492254Z 
release-candidate-full-proof	UNKNOWN STEP	2026-09-18T08:24:21.1492378Z   git switch -
release-candidate-full-proof	UNKNOWN STEP	2026-09-18T08:24:21.1492559Z 
release-candidate-full-proof	UNKNOWN STEP	2026-09-18T08:24:21.1492883Z Turn off this advice by setting config variable advice.detachedHead to false
release-candidate-full-proof	UNKNOWN STEP	2026-09-18T08:24:21.1493245Z 
release-candidate-full-proof	UNKNOWN STEP	2026-09-18T08:24:21.1493827Z HEAD is now at bcb8acaa chore(deps): bump actions/upload-artifact from 4.6.0 to 7.0.1
release-candidate-full-proof	UNKNOWN STEP	2026-09-18T08:24:21.1547107Z ##[endgroup]
release-candidate-full-proof	UNKNOWN STEP	2026-09-18T08:24:21.1551797Z [command]/usr/bin/git log -1 --format=%H
release-candidate-full-proof	UNKNOWN STEP	2026-09-18T08:24:21.1579922Z bcb8acaa1bdbbd81610af2a672da64bfe561de9e
release-candidate-full-proof	UNKNOWN STEP	2026-09-18T08:24:21.1977577Z Prepare all required actions
release-candidate-full-proof	UNKNOWN STEP	2026-09-18T08:24:21.1978365Z Getting action download info
release-candidate-full-proof	UNKNOWN STEP	2026-09-18T08:24:21.3027567Z Download action repository 'erlef/setup-beam@fc68ffb90438ef2936bbb3251622353b3dcb2f93' (SHA:fc68ffb90438ef2936bbb3251622353b3dcb2f93)
release-candidate-full-proof	UNKNOWN STEP	2026-09-18T08:24:21.6097447Z Download action repository 'actions/cache@55cc8345863c7cc4c66a329aec7e433d2d1c52a9' (SHA:55cc8345863c7cc4c66a329aec7e433d2d1c52a9)
release-candidate-full-proof	UNKNOWN STEP	2026-09-18T08:24:21.7589200Z ##[group]Run ./.github/actions/setup-elixir-cache
release-candidate-full-proof	UNKNOWN STEP	2026-09-18T08:24:21.7589606Z with:
release-candidate-full-proof	UNKNOWN STEP	2026-09-18T08:24:21.7589862Z   mix-env: test
release-candidate-full-proof	UNKNOWN STEP	2026-09-18T08:24:21.7590119Z   working-directory: .
release-candidate-full-proof	UNKNOWN STEP	2026-09-18T08:24:21.7590408Z env:
release-candidate-full-proof	UNKNOWN STEP	2026-09-18T08:24:21.7590655Z   MIX_ENV: test
release-candidate-full-proof	UNKNOWN STEP	2026-09-18T08:24:21.7590980Z   CANDIDATE_REF: bcb8acaa1bdbbd81610af2a672da64bfe561de9e
release-candidate-full-proof	UNKNOWN STEP	2026-09-18T08:24:21.7591464Z   CANDIDATE_ROOT: /tmp/crosswake-release-candidate-35324177344-1
release-candidate-full-proof	UNKNOWN STEP	2026-09-18T08:24:21.7591872Z ##[endgroup]
release-candidate-full-proof	UNKNOWN STEP	2026-09-18T08:24:21.7657026Z ##[start-action display=Run erlef/setup-beam@fc68ffb90438ef2936bbb3251622353b3dcb2f93;id=__self.beam]
release-candidate-full-proof	UNKNOWN STEP	2026-09-18T08:24:21.7794677Z ##[group]Run erlef/setup-beam@fc68ffb90438ef2936bbb3251622353b3dcb2f93
release-candidate-full-proof	UNKNOWN STEP	2026-09-18T08:24:21.7795171Z with:
release-candidate-full-proof	UNKNOWN STEP	2026-09-18T08:24:21.7795486Z   version-file: .tool-versions
release-candidate-full-proof	UNKNOWN STEP	2026-09-18T08:24:21.7795805Z   version-type: strict
release-candidate-full-proof	UNKNOWN STEP	2026-09-18T08:24:21.7798278Z   github-token: ***
release-candidate-full-proof	UNKNOWN STEP	2026-09-18T08:24:21.7798606Z   otp-architecture: 64
release-candidate-full-proof	UNKNOWN STEP	2026-09-18T08:24:21.7798887Z   install-hex: true
release-candidate-full-proof	UNKNOWN STEP	2026-09-18T08:24:21.7799154Z   install-rebar: true
release-candidate-full-proof	UNKNOWN STEP	2026-09-18T08:24:21.7799449Z   disable_problem_matchers: false
release-candidate-full-proof	UNKNOWN STEP	2026-09-18T08:24:21.7799797Z   hexpm-mirrors: https://builds.hex.pm
release-candidate-full-proof	UNKNOWN STEP	
release-candidate-full-proof	UNKNOWN STEP	2026-09-18T08:24:21.7800129Z env:
release-candidate-full-proof	UNKNOWN STEP	2026-09-18T08:24:21.7800360Z   MIX_ENV: test
release-candidate-full-proof	UNKNOWN STEP	2026-09-18T08:24:21.7800683Z   CANDIDATE_REF: bcb8acaa1bdbbd81610af2a672da64bfe561de9e
release-candidate-full-proof	UNKNOWN STEP	2026-09-18T08:24:21.7801160Z   CANDIDATE_ROOT: /tmp/crosswake-release-candidate-35324177344-1
release-candidate-full-proof	UNKNOWN STEP	2026-09-18T08:24:21.7801564Z ##[endgroup]
release-candidate-full-proof	UNKNOWN STEP	2026-09-18T08:24:21.8660009Z ##[group]Parsing .tool-versions file at .tool-versions
release-candidate-full-proof	UNKNOWN STEP	2026-09-18T08:24:21.8662994Z Consuming erlang at version 27.3
release-candidate-full-proof	UNKNOWN STEP	2026-09-18T08:24:21.8663928Z Consuming elixir at version 1.19.5-otp-27
release-candidate-full-proof	UNKNOWN STEP	2026-09-18T08:24:21.8664555Z ... done!
release-candidate-full-proof	UNKNOWN STEP	2026-09-18T08:24:21.8665410Z ##[endgroup]
release-candidate-full-proof	UNKNOWN STEP	2026-09-18T08:24:21.9570790Z ##[group]Installing Erlang/OTP OTP-27.3 - built on amd64/ubuntu-24.04
release-candidate-full-proof	UNKNOWN STEP	2026-09-18T08:24:22.3073973Z [command]/usr/bin/tar zx --strip-components=1 --warning=no-unknown-keyword --overwrite -C /home/runner/work/_temp/5fffab0e-b070-49d0-80a4-9f5858df03f1 -f /home/runner/work/_temp/3371bb67-6f1a-4037-9d92-70cef677a8c7
release-candidate-full-proof	UNKNOWN STEP	2026-09-18T08:24:25.1135686Z [command]/home/runner/work/_temp/.setup-beam/otp/Install -minimal /home/runner/work/_temp/.setup-beam/otp
release-candidate-full-proof	UNKNOWN STEP	2026-09-18T08:24:25.1440719Z Installed Erlang/OTP version
release-candidate-full-proof	UNKNOWN STEP	2026-09-18T08:24:25.1461942Z [command]/home/runner/work/_temp/.setup-beam/otp/bin/erl -version
release-candidate-full-proof	UNKNOWN STEP	2026-09-18T08:24:25.1581109Z Erlang (SMP,ASYNC_THREADS) (BEAM) emulator version 15.2.3
release-candidate-full-proof	UNKNOWN STEP	2026-09-18T08:24:25.1616109Z ##[endgroup]
release-candidate-full-proof	UNKNOWN STEP	2026-09-18T08:24:25.1799732Z Using Elixir 1.19.5 (built for Erlang/OTP 27)
release-candidate-full-proof	UNKNOWN STEP	2026-09-18T08:24:25.1800466Z ##[group]Installing Elixir v1.19.5-otp-27
release-candidate-full-proof	UNKNOWN STEP	2026-09-18T08:24:25.2679156Z [command]/usr/bin/unzip -o -q /home/runner/work/_temp/e4483123-89fe-4a40-a05a-0f24ad35a5ae
release-candidate-full-proof	UNKNOWN STEP	2026-09-18T08:24:25.7475235Z Installed Elixir version
release-candidate-full-proof	UNKNOWN STEP	2026-09-18T08:24:25.7501204Z [command]/home/runner/work/_temp/.setup-beam/elixir/bin/elixir -v
release-candidate-full-proof	UNKNOWN STEP	2026-09-18T08:24:25.9574884Z Erlang/OTP 27 [erts-15.2.3] [source] [64-bit] [smp:4:4] [ds:4:4:10] [async-threads:1] [jit:ns]
release-candidate-full-proof	UNKNOWN STEP	2026-09-18T08:24:25.9576430Z 
release-candidate-full-proof	UNKNOWN STEP	2026-09-18T08:24:25.9635714Z Elixir 1.19.5 (compiled with Erlang/OTP 27)
release-candidate-full-proof	UNKNOWN STEP	2026-09-18T08:24:25.9696206Z ##[endgroup]
release-candidate-full-proof	UNKNOWN STEP	2026-09-18T08:24:25.9696773Z ##[group]Running mix local.rebar,--force
release-candidate-full-proof	UNKNOWN STEP	2026-09-18T08:24:25.9701486Z [command]/home/runner/work/_temp/.setup-beam/elixir/bin/mix local.rebar --force
release-candidate-full-proof	UNKNOWN STEP	2026-09-18T08:24:26.6636886Z * creating /home/runner/.mix/elixir/1-19-otp-27/rebar3
release-candidate-full-proof	UNKNOWN STEP	2026-09-18T08:24:26.6717846Z ##[endgroup]
release-candidate-full-proof	UNKNOWN STEP	2026-09-18T08:24:26.6718356Z ##[group]Running mix local.hex,--force
release-candidate-full-proof	UNKNOWN STEP	2026-09-18T08:24:26.6735198Z [command]/home/runner/work/_temp/.setup-beam/elixir/bin/mix local.hex --force
release-candidate-full-proof	UNKNOWN STEP	2026-09-18T08:24:27.3708019Z * creating /home/runner/.mix/archives/hex-2.5.1
release-candidate-full-proof	UNKNOWN STEP	2026-09-18T08:24:27.3802844Z ##[endgroup]
release-candidate-full-proof	UNKNOWN STEP	2026-09-18T08:24:27.3972648Z ##[end-action id=__self.beam;outcome=success;conclusion=success;duration_ms=5631]
release-candidate-full-proof	UNKNOWN STEP	2026-09-18T08:24:27.3996632Z ##[start-action display=Run scope="";id=__self.scope]
release-candidate-full-proof	UNKNOWN STEP	2026-09-18T08:24:27.4036272Z ##[group]Run scope=""
release-candidate-full-proof	UNKNOWN STEP	2026-09-18T08:24:27.4036561Z ^[[36;1mscope=""^[[0m
release-candidate-full-proof	UNKNOWN STEP	2026-09-18T08:24:27.4036804Z ^[[36;1mif [ -z "$scope" ]; then^[[0m
release-candidate-full-proof	UNKNOWN STEP	2026-09-18T08:24:27.4037067Z ^[[36;1m  scope="."^[[0m
release-candidate-full-proof	UNKNOWN STEP	2026-09-18T08:24:27.4037275Z ^[[36;1mfi^[[0m
release-candidate-full-proof	UNKNOWN STEP	2026-09-18T08:24:27.4037557Z ^[[36;1mscope="$(printf '%s' "$scope" | tr -c '[:alnum:]._-' '-')"^[[0m
release-candidate-full-proof	UNKNOWN STEP	2026-09-18T08:24:27.4037949Z ^[[36;1mecho "value=${scope}" >> "$GITHUB_OUTPUT"^[[0m
release-candidate-full-proof	UNKNOWN STEP	2026-09-18T08:24:27.4082587Z shell: /usr/bin/bash --noprofile --norc -e -o pipefail {0}
release-candidate-full-proof	UNKNOWN STEP	2026-09-18T08:24:27.4082991Z env:
release-candidate-full-proof	UNKNOWN STEP	2026-09-18T08:24:27.4083182Z   MIX_ENV: test
release-candidate-full-proof	UNKNOWN STEP	2026-09-18T08:24:27.4083798Z   CANDIDATE_REF: bcb8acaa1bdbbd81610af2a672da64bfe561de9e
release-candidate-full-proof	UNKNOWN STEP	2026-09-18T08:24:27.4084241Z   CANDIDATE_ROOT: /tmp/crosswake-release-candidate-35324177344-1
release-candidate-full-proof	UNKNOWN STEP	2026-09-18T08:24:27.4084676Z   INSTALL_DIR_FOR_OTP: /home/runner/work/_temp/.setup-beam/otp
release-candidate-full-proof	UNKNOWN STEP	2026-09-18T08:24:27.4085107Z   INSTALL_DIR_FOR_ELIXIR: /home/runner/work/_temp/.setup-beam/elixir
release-candidate-full-proof	UNKNOWN STEP	2026-09-18T08:24:27.4085486Z ##[endgroup]
release-candidate-full-proof	UNKNOWN STEP	2026-09-18T08:24:27.4203656Z ##[end-action id=__self.scope;outcome=success;conclusion=success;duration_ms=20]
release-candidate-full-proof	UNKNOWN STEP	2026-09-18T08:24:27.4208449Z ##[start-action display=Run topology="Crosswake CI-release-candidate-full-proof";id=__self.topology]
release-candidate-full-proof	UNKNOWN STEP	2026-09-18T08:24:27.4232602Z ##[group]Run topology="Crosswake CI-release-candidate-full-proof"
release-candidate-full-proof	UNKNOWN STEP	2026-09-18T08:24:27.4233081Z ^[[36;1mtopology="Crosswake CI-release-candidate-full-proof"^[[0m
release-candidate-full-proof	UNKNOWN STEP	2026-09-18T08:24:27.4233930Z ^[[36;1mtopology="$(printf '%s' "$topology" | tr -c '[:alnum:]._-' '-')"^[[0m
release-candidate-full-proof	UNKNOWN STEP	2026-09-18T08:24:27.4234350Z ^[[36;1mecho "value=${topology}" >> "$GITHUB_OUTPUT"^[[0m
release-candidate-full-proof	UNKNOWN STEP	2026-09-18T08:24:27.4272379Z shell: /usr/bin/bash --noprofile --norc -e -o pipefail {0}
release-candidate-full-proof	UNKNOWN STEP	2026-09-18T08:24:27.4272747Z env:
release-candidate-full-proof	UNKNOWN STEP	2026-09-18T08:24:27.4272945Z   MIX_ENV: test
release-candidate-full-proof	UNKNOWN STEP	2026-09-18T08:24:27.4273234Z   CANDIDATE_REF: bcb8acaa1bdbbd81610af2a672da64bfe561de9e
release-candidate-full-proof	UNKNOWN STEP	2026-09-18T08:24:27.4274040Z   CANDIDATE_ROOT: /tmp/crosswake-release-candidate-35324177344-1
release-candidate-full-proof	UNKNOWN STEP	2026-09-18T08:24:27.4274512Z   INSTALL_DIR_FOR_OTP: /home/runner/work/_temp/.setup-beam/otp
release-candidate-full-proof	UNKNOWN STEP	2026-09-18T08:24:27.4274962Z   INSTALL_DIR_FOR_ELIXIR: /home/runner/work/_temp/.setup-beam/elixir
release-candidate-full-proof	UNKNOWN STEP	2026-09-18T08:24:27.4275331Z ##[endgroup]
release-candidate-full-proof	UNKNOWN STEP	2026-09-18T08:24:27.4365578Z ##[end-action id=__self.topology;outcome=success;conclusion=success;duration_ms=15]
release-candidate-full-proof	UNKNOWN STEP	2026-09-18T08:24:27.4368971Z ##[start-action display=Run actions/cache@55cc8345863c7cc4c66a329aec7e433d2d1c52a9;id=__self.deps-cache]
release-candidate-full-proof	UNKNOWN STEP	2026-09-18T08:24:27.6184224Z ##[group]Run actions/cache@55cc8345863c7cc4c66a329aec7e433d2d1c52a9
release-candidate-full-proof	UNKNOWN STEP	2026-09-18T08:24:27.6184642Z with:
release-candidate-full-proof	UNKNOWN STEP	2026-09-18T08:24:27.6184851Z   path: ./deps
release-candidate-full-proof	UNKNOWN STEP	2026-09-18T08:24:27.6186202Z   key: deps-.-Crosswake-CI-release-candidate-full-proof-Linux-X64-otpOTP-27.3-elixirv1.19.5-otp-27-test-d406693045175df3303ab8a16f005e07893b7b35e4a9417d5e33f6ba7b84df29-c5d97e76f84d90b635f3da0fc87c2f3712caae783492a32bfdf7267fd6e37097
release-candidate-full-proof	UNKNOWN STEP	2026-09-18T08:24:27.6188180Z   restore-keys: deps-.-Crosswake-CI-release-candidate-full-proof-Linux-X64-otpOTP-27.3-elixirv1.19.5-otp-27-test-d406693045175df3303ab8a16f005e07893b7b35e4a9417d5e33f6ba7b84df29-
release-candidate-full-proof	UNKNOWN STEP	
release-candidate-full-proof	UNKNOWN STEP	2026-09-18T08:24:27.6189485Z   enableCrossOsArchive: false
release-candidate-full-proof	UNKNOWN STEP	2026-09-18T08:24:27.6189745Z   fail-on-cache-miss: false
release-candidate-full-proof	UNKNOWN STEP	2026-09-18T08:24:27.6189984Z   lookup-only: false
release-candidate-full-proof	UNKNOWN STEP	2026-09-18T08:24:27.6190204Z   save-always: false
release-candidate-full-proof	UNKNOWN STEP	2026-09-18T08:24:27.6190405Z env:
release-candidate-full-proof	UNKNOWN STEP	2026-09-18T08:24:27.6190582Z   MIX_ENV: test
release-candidate-full-proof	UNKNOWN STEP	2026-09-18T08:24:27.6190847Z   CANDIDATE_REF: bcb8acaa1bdbbd81610af2a672da64bfe561de9e
release-candidate-full-proof	UNKNOWN STEP	2026-09-18T08:24:27.6191266Z   CANDIDATE_ROOT: /tmp/crosswake-release-candidate-35324177344-1
release-candidate-full-proof	UNKNOWN STEP	2026-09-18T08:24:27.6191692Z   INSTALL_DIR_FOR_OTP: /home/runner/work/_temp/.setup-beam/otp
release-candidate-full-proof	UNKNOWN STEP	2026-09-18T08:24:27.6192282Z   INSTALL_DIR_FOR_ELIXIR: /home/runner/work/_temp/.setup-beam/elixir
release-candidate-full-proof	UNKNOWN STEP	2026-09-18T08:24:27.6192639Z ##[endgroup]
release-candidate-full-proof	UNKNOWN STEP	2026-09-18T08:24:27.8458029Z Cache not found for input keys: deps-.-Crosswake-CI-release-candidate-full-proof-Linux-X64-otpOTP-27.3-elixirv1.19.5-otp-27-test-d406693045175df3303ab8a16f005e07893b7b35e4a9417d5e33f6ba7b84df29-c5d97e76f84d90b635f3da0fc87c2f3712caae783492a32bfdf7267fd6e37097, deps-.-Crosswake-CI-release-candidate-full-proof-Linux-X64-otpOTP-27.3-elixirv1.19.5-otp-27-test-d406693045175df3303ab8a16f005e07893b7b35e4a9417d5e33f6ba7b84df29-
release-candidate-full-proof	UNKNOWN STEP	2026-09-18T08:24:27.8548196Z ##[end-action id=__self.deps-cache;outcome=success;conclusion=success;duration_ms=417]
release-candidate-full-proof	UNKNOWN STEP	2026-09-18T08:24:27.8551684Z ##[start-action display=Run actions/cache@55cc8345863c7cc4c66a329aec7e433d2d1c52a9;id=__self.build-cache]
release-candidate-full-proof	UNKNOWN STEP	2026-09-18T08:24:27.9775488Z ##[group]Run actions/cache@55cc8345863c7cc4c66a329aec7e433d2d1c52a9
release-candidate-full-proof	UNKNOWN STEP	2026-09-18T08:24:27.9775843Z with:
release-candidate-full-proof	UNKNOWN STEP	2026-09-18T08:24:27.9776046Z   path: ./_build/test
release-candidate-full-proof	UNKNOWN STEP	2026-09-18T08:24:27.9777209Z   key: build-.-Crosswake-CI-release-candidate-full-proof-Linux-X64-otpOTP-27.3-elixirv1.19.5-otp-27-test-d406693045175df3303ab8a16f005e07893b7b35e4a9417d5e33f6ba7b84df29-c5d97e76f84d90b635f3da0fc87c2f3712caae783492a32bfdf7267fd6e37097
release-candidate-full-proof	UNKNOWN STEP	2026-09-18T08:24:27.9778486Z   enableCrossOsArchive: false
release-candidate-full-proof	UNKNOWN STEP	2026-09-18T08:24:27.9778776Z   fail-on-cache-miss: false
release-candidate-full-proof	UNKNOWN STEP	2026-09-18T08:24:27.9779012Z   lookup-only: false
release-candidate-full-proof	UNKNOWN STEP	2026-09-18T08:24:27.9779218Z   save-always: false
release-candidate-full-proof	UNKNOWN STEP	2026-09-18T08:24:27.9779411Z env:
release-candidate-full-proof	UNKNOWN STEP	2026-09-18T08:24:27.9779585Z   MIX_ENV: test
release-candidate-full-proof	UNKNOWN STEP	2026-09-18T08:24:27.9779849Z   CANDIDATE_REF: bcb8acaa1bdbbd81610af2a672da64bfe561de9e
release-candidate-full-proof	UNKNOWN STEP	2026-09-18T08:24:27.9780283Z   CANDIDATE_ROOT: /tmp/crosswake-release-candidate-35324177344-1
release-candidate-full-proof	UNKNOWN STEP	2026-09-18T08:24:27.9780705Z   INSTALL_DIR_FOR_OTP: /home/runner/work/_temp/.setup-beam/otp
release-candidate-full-proof	UNKNOWN STEP	2026-09-18T08:24:27.9781126Z   INSTALL_DIR_FOR_ELIXIR: /home/runner/work/_temp/.setup-beam/elixir
release-candidate-full-proof	UNKNOWN STEP	2026-09-18T08:24:27.9781474Z ##[endgroup]
release-candidate-full-proof	UNKNOWN STEP	2026-09-18T08:24:28.2000201Z Cache not found for input keys: build-.-Crosswake-CI-release-candidate-full-proof-Linux-X64-otpOTP-27.3-elixirv1.19.5-otp-27-test-d406693045175df3303ab8a16f005e07893b7b35e4a9417d5e33f6ba7b84df29-c5d97e76f84d90b635f3da0fc87c2f3712caae783492a32bfdf7267fd6e37097
release-candidate-full-proof	UNKNOWN STEP	2026-09-18T08:24:28.2065101Z ##[end-action id=__self.build-cache;outcome=success;conclusion=success;duration_ms=351]
release-candidate-full-proof	UNKNOWN STEP	2026-09-18T08:24:28.2068126Z ##[start-action display=Run actions/cache@55cc8345863c7cc4c66a329aec7e433d2d1c52a9;id=__self.hex-cache]
release-candidate-full-proof	UNKNOWN STEP	2026-09-18T08:24:28.2648801Z ##[group]Run actions/cache@55cc8345863c7cc4c66a329aec7e433d2d1c52a9
release-candidate-full-proof	UNKNOWN STEP	2026-09-18T08:24:28.2649168Z with:
release-candidate-full-proof	UNKNOWN STEP	2026-09-18T08:24:28.2649364Z   path: ~/.hex/packages
release-candidate-full-proof	UNKNOWN STEP	2026-09-18T08:24:28.2649820Z   key: hex-packages-Linux-X64-c5d97e76f84d90b635f3da0fc87c2f3712caae783492a32bfdf7267fd6e37097
release-candidate-full-proof	UNKNOWN STEP	2026-09-18T08:24:28.2650359Z   restore-keys: hex-packages-Linux-X64-
release-candidate-full-proof	UNKNOWN STEP	
release-candidate-full-proof	UNKNOWN STEP	2026-09-18T08:24:28.2650658Z   enableCrossOsArchive: false
release-candidate-full-proof	UNKNOWN STEP	2026-09-18T08:24:28.2650917Z   fail-on-cache-miss: false
release-candidate-full-proof	UNKNOWN STEP	2026-09-18T08:24:28.2651164Z   lookup-only: false
release-candidate-full-proof	UNKNOWN STEP	2026-09-18T08:24:28.2651387Z   save-always: false
release-candidate-full-proof	UNKNOWN STEP	2026-09-18T08:24:28.2651587Z env:
release-candidate-full-proof	UNKNOWN STEP	2026-09-18T08:24:28.2651770Z   MIX_ENV: test
release-candidate-full-proof	UNKNOWN STEP	2026-09-18T08:24:28.2652037Z   CANDIDATE_REF: bcb8acaa1bdbbd81610af2a672da64bfe561de9e
release-candidate-full-proof	UNKNOWN STEP	2026-09-18T08:24:28.2652464Z   CANDIDATE_ROOT: /tmp/crosswake-release-candidate-35324177344-1
release-candidate-full-proof	UNKNOWN STEP	2026-09-18T08:24:28.2652900Z   INSTALL_DIR_FOR_OTP: /home/runner/work/_temp/.setup-beam/otp
release-candidate-full-proof	UNKNOWN STEP	2026-09-18T08:24:28.2653821Z   INSTALL_DIR_FOR_ELIXIR: /home/runner/work/_temp/.setup-beam/elixir
release-candidate-full-proof	UNKNOWN STEP	2026-09-18T08:24:28.2654189Z ##[endgroup]
release-candidate-full-proof	UNKNOWN STEP	2026-09-18T08:24:28.5144248Z Cache hit for: hex-packages-Linux-X64-c5d97e76f84d90b635f3da0fc87c2f3712caae783492a32bfdf7267fd6e37097
release-candidate-full-proof	UNKNOWN STEP	2026-09-18T08:24:29.0635316Z Received 8167812 of 8167812 (100.0%), 18.0 MBs/sec
release-candidate-full-proof	UNKNOWN STEP	2026-09-18T08:24:29.0636545Z Cache Size: ~8 MB (8167812 B)
release-candidate-full-proof	UNKNOWN STEP	2026-09-18T08:24:29.0676255Z [command]/usr/bin/tar -xf /home/runner/work/_temp/4d9a2c08-9be0-4e68-9be9-bb198d2e52bf/cache.tzst -P -C /home/runner/work/crosswake/crosswake --use-compress-program unzstd
release-candidate-full-proof	UNKNOWN STEP	2026-09-18T08:24:29.3374995Z Cache restored successfully
release-candidate-full-proof	UNKNOWN STEP	2026-09-18T08:24:29.3459011Z Cache restored from key: hex-packages-Linux-X64-c5d97e76f84d90b635f3da0fc87c2f3712caae783492a32bfdf7267fd6e37097
release-candidate-full-proof	UNKNOWN STEP	2026-09-18T08:24:29.3536656Z ##[end-action id=__self.hex-cache;outcome=success;conclusion=success;duration_ms=1146]
release-candidate-full-proof	UNKNOWN STEP	2026-09-18T08:24:29.3541000Z ##[start-action display=Run deps_hit="";id=__self.cache-outcome]
release-candidate-full-proof	UNKNOWN STEP	2026-09-18T08:24:29.3559408Z ##[group]Run deps_hit=""
release-candidate-full-proof	UNKNOWN STEP	2026-09-18T08:24:29.3559678Z ^[[36;1mdeps_hit=""^[[0m
release-candidate-full-proof	UNKNOWN STEP	2026-09-18T08:24:29.3559899Z ^[[36;1mbuild_hit=""^[[0m
release-candidate-full-proof	UNKNOWN STEP	2026-09-18T08:24:29.3560161Z ^[[36;1m[ "$deps_hit" = "true" ] || deps_hit="false"^[[0m
release-candidate-full-proof	UNKNOWN STEP	2026-09-18T08:24:29.3560512Z ^[[36;1m[ "$build_hit" = "true" ] || build_hit="false"^[[0m
release-candidate-full-proof	UNKNOWN STEP	2026-09-18T08:24:29.3560899Z ^[[36;1mif [ "$deps_hit" = "true" ] && [ "$build_hit" = "true" ]; then^[[0m
release-candidate-full-proof	UNKNOWN STEP	2026-09-18T08:24:29.3561258Z ^[[36;1m  outcome=exact^[[0m
release-candidate-full-proof	UNKNOWN STEP	2026-09-18T08:24:29.3561567Z ^[[36;1melif [ "$deps_hit" = "true" ] || [ "$build_hit" = "true" ]; then^[[0m
release-candidate-full-proof	UNKNOWN STEP	2026-09-18T08:24:29.3561941Z ^[[36;1m  outcome=partial^[[0m
release-candidate-full-proof	UNKNOWN STEP	2026-09-18T08:24:29.3562168Z ^[[36;1melse^[[0m
release-candidate-full-proof	UNKNOWN STEP	2026-09-18T08:24:29.3562369Z ^[[36;1m  outcome=miss^[[0m
release-candidate-full-proof	UNKNOWN STEP	2026-09-18T08:24:29.3562576Z ^[[36;1mfi^[[0m
release-candidate-full-proof	UNKNOWN STEP	2026-09-18T08:24:29.3562836Z ^[[36;1mecho "deps-cache-hit=$deps_hit" >> "$GITHUB_OUTPUT"^[[0m
release-candidate-full-proof	UNKNOWN STEP	2026-09-18T08:24:29.3563233Z ^[[36;1mecho "build-cache-hit=$build_hit" >> "$GITHUB_OUTPUT"^[[0m
release-candidate-full-proof	UNKNOWN STEP	2026-09-18T08:24:29.3563996Z ^[[36;1mecho "outcome=$outcome" >> "$GITHUB_OUTPUT"^[[0m
release-candidate-full-proof	UNKNOWN STEP	2026-09-18T08:24:29.3600566Z shell: /usr/bin/bash --noprofile --norc -e -o pipefail {0}
release-candidate-full-proof	UNKNOWN STEP	2026-09-18T08:24:29.3600909Z env:
release-candidate-full-proof	UNKNOWN STEP	2026-09-18T08:24:29.3601097Z   MIX_ENV: test
release-candidate-full-proof	UNKNOWN STEP	2026-09-18T08:24:29.3601371Z   CANDIDATE_REF: bcb8acaa1bdbbd81610af2a672da64bfe561de9e
release-candidate-full-proof	UNKNOWN STEP	2026-09-18T08:24:29.3601796Z   CANDIDATE_ROOT: /tmp/crosswake-release-candidate-35324177344-1
release-candidate-full-proof	UNKNOWN STEP	2026-09-18T08:24:29.3602241Z   INSTALL_DIR_FOR_OTP: /home/runner/work/_temp/.setup-beam/otp
release-candidate-full-proof	UNKNOWN STEP	2026-09-18T08:24:29.3602677Z   INSTALL_DIR_FOR_ELIXIR: /home/runner/work/_temp/.setup-beam/elixir
release-candidate-full-proof	UNKNOWN STEP	2026-09-18T08:24:29.3603027Z ##[endgroup]
release-candidate-full-proof	UNKNOWN STEP	2026-09-18T08:24:29.4900327Z ##[end-action id=__self.cache-outcome;outcome=success;conclusion=success;duration_ms=135]
release-candidate-full-proof	UNKNOWN STEP	2026-09-18T08:24:29.4903902Z ##[start-action display=Install Elixir dependencies;id=__self.__run]
release-candidate-full-proof	UNKNOWN STEP	2026-09-18T08:24:29.4921958Z ##[group]Run set -euo pipefail
release-candidate-full-proof	UNKNOWN STEP	2026-09-18T08:24:29.4922256Z ^[[36;1mset -euo pipefail^[[0m
release-candidate-full-proof	UNKNOWN STEP	2026-09-18T08:24:29.4922514Z ^[[36;1mfor attempt in 1 2 3; do^[[0m
release-candidate-full-proof	UNKNOWN STEP	2026-09-18T08:24:29.4922791Z ^[[36;1m  if mix deps.get; then exit 0; fi^[[0m
release-candidate-full-proof	UNKNOWN STEP	2026-09-18T08:24:29.4923086Z ^[[36;1m  if [ "$attempt" -lt 3 ]; then^[[0m
release-candidate-full-proof	UNKNOWN STEP	2026-09-18T08:24:29.4923889Z ^[[36;1m    echo "::warning::mix deps.get failed (attempt ${attempt}/3) — retrying in $((attempt * 10))s. This retries a hex.pm fetch only."^[[0m
release-candidate-full-proof	UNKNOWN STEP	2026-09-18T08:24:29.4924482Z ^[[36;1m    sleep $((attempt * 10))^[[0m
release-candidate-full-proof	UNKNOWN STEP	2026-09-18T08:24:29.4924745Z ^[[36;1m  fi^[[0m
release-candidate-full-proof	UNKNOWN STEP	2026-09-18T08:24:29.4924936Z ^[[36;1mdone^[[0m
release-candidate-full-proof	UNKNOWN STEP	2026-09-18T08:24:29.4925310Z ^[[36;1mecho "::error::mix deps.get failed 3 times. This is not a transient registry blip."^[[0m
release-candidate-full-proof	UNKNOWN STEP	2026-09-18T08:24:29.4925762Z ^[[36;1mexit 1^[[0m
release-candidate-full-proof	UNKNOWN STEP	2026-09-18T08:24:29.4961146Z shell: /usr/bin/bash --noprofile --norc -e -o pipefail {0}
release-candidate-full-proof	UNKNOWN STEP	2026-09-18T08:24:29.4961491Z env:
release-candidate-full-proof	UNKNOWN STEP	2026-09-18T08:24:29.4961684Z   MIX_ENV: test
release-candidate-full-proof	UNKNOWN STEP	2026-09-18T08:24:29.4961963Z   CANDIDATE_REF: bcb8acaa1bdbbd81610af2a672da64bfe561de9e
release-candidate-full-proof	UNKNOWN STEP	2026-09-18T08:24:29.4962394Z   CANDIDATE_ROOT: /tmp/crosswake-release-candidate-35324177344-1
release-candidate-full-proof	UNKNOWN STEP	2026-09-18T08:24:29.4963075Z   INSTALL_DIR_FOR_OTP: /home/runner/work/_temp/.setup-beam/otp
release-candidate-full-proof	UNKNOWN STEP	2026-09-18T08:24:29.4963649Z   INSTALL_DIR_FOR_ELIXIR: /home/runner/work/_temp/.setup-beam/elixir
release-candidate-full-proof	UNKNOWN STEP	2026-09-18T08:24:29.4964003Z ##[endgroup]
release-candidate-full-proof	UNKNOWN STEP	2026-09-18T08:24:30.5195565Z Resolving Hex dependencies...
release-candidate-full-proof	UNKNOWN STEP	2026-09-18T08:24:30.6042497Z Resolution completed in 0.082s
release-candidate-full-proof	UNKNOWN STEP	2026-09-18T08:24:30.6124487Z Unchanged:
release-candidate-full-proof	UNKNOWN STEP	2026-09-18T08:24:30.6124991Z   cc_precompiler 0.1.11
release-candidate-full-proof	UNKNOWN STEP	2026-09-18T08:24:30.6140082Z   earmark_parser 1.4.44
release-candidate-full-proof	UNKNOWN STEP	2026-09-18T08:24:30.6141457Z   elixir_make 0.10.0
release-candidate-full-proof	UNKNOWN STEP	2026-09-18T08:24:30.6142348Z   ex_doc 0.40.3
release-candidate-full-proof	UNKNOWN STEP	2026-09-18T08:24:30.6143136Z   fine 0.1.6
release-candidate-full-proof	UNKNOWN STEP	2026-09-18T08:24:30.6144232Z   jason 1.4.5
release-candidate-full-proof	UNKNOWN STEP	2026-09-18T08:24:30.6144759Z   lazy_html 0.1.12
release-candidate-full-proof	UNKNOWN STEP	2026-09-18T08:24:30.6145219Z   makeup 1.2.1
release-candidate-full-proof	UNKNOWN STEP	2026-09-18T08:24:30.6145665Z   makeup_elixir 1.0.1
release-candidate-full-proof	UNKNOWN STEP	2026-09-18T08:24:30.6146136Z   makeup_erlang 1.1.0
release-candidate-full-proof	UNKNOWN STEP	2026-09-18T08:24:30.6146582Z   mime 2.0.7
release-candidate-full-proof	UNKNOWN STEP	2026-09-18T08:24:30.6147001Z   nimble_options 1.1.1
release-candidate-full-proof	UNKNOWN STEP	2026-09-18T08:24:30.6147480Z   nimble_parsec 1.4.2
release-candidate-full-proof	UNKNOWN STEP	2026-09-18T08:24:30.6147947Z   phoenix 1.8.13
release-candidate-full-proof	UNKNOWN STEP	2026-09-18T08:24:30.6148392Z   phoenix_html 4.3.0
release-candidate-full-proof	UNKNOWN STEP	2026-09-18T08:24:30.6148862Z   phoenix_live_view 1.1.33
release-candidate-full-proof	UNKNOWN STEP	2026-09-18T08:24:30.6149356Z   phoenix_pubsub 2.2.0
release-candidate-full-proof	UNKNOWN STEP	2026-09-18T08:24:30.6149813Z   phoenix_template 1.0.4
release-candidate-full-proof	UNKNOWN STEP	2026-09-18T08:24:30.6150420Z   plug 1.19.5
release-candidate-full-proof	UNKNOWN STEP	2026-09-18T08:24:30.6150955Z   plug_crypto 2.2.0
release-candidate-full-proof	UNKNOWN STEP	2026-09-18T08:24:30.6151296Z   telemetry 1.4.2
release-candidate-full-proof	UNKNOWN STEP	2026-09-18T08:24:30.6151611Z   websock 0.5.3
release-candidate-full-proof	UNKNOWN STEP	2026-09-18T08:24:30.6151924Z   websock_adapter 0.5.9
release-candidate-full-proof	UNKNOWN STEP	2026-09-18T08:24:30.6236346Z * Getting jason (Hex package)
release-candidate-full-proof	UNKNOWN STEP	2026-09-18T08:24:30.6469444Z * Getting nimble_options (Hex package)
release-candidate-full-proof	UNKNOWN STEP	2026-09-18T08:24:30.6517711Z * Getting phoenix (Hex package)
release-candidate-full-proof	UNKNOWN STEP	2026-09-18T08:24:30.7159006Z * Getting phoenix_live_view (Hex package)
release-candidate-full-proof	UNKNOWN STEP	2026-09-18T08:24:30.7563824Z * Getting telemetry (Hex package)
release-candidate-full-proof	UNKNOWN STEP	2026-09-18T08:24:30.7642245Z * Getting ex_doc (Hex package)
release-candidate-full-proof	UNKNOWN STEP	2026-09-18T08:24:30.7916662Z * Getting lazy_html (Hex package)
release-candidate-full-proof	UNKNOWN STEP	2026-09-18T08:24:30.7977542Z * Getting cc_precompiler (Hex package)
release-candidate-full-proof	UNKNOWN STEP	2026-09-18T08:24:30.8018390Z * Getting elixir_make (Hex package)
release-candidate-full-proof	UNKNOWN STEP	2026-09-18T08:24:30.8068018Z * Getting fine (Hex package)
release-candidate-full-proof	UNKNOWN STEP	2026-09-18T08:24:30.8108880Z * Getting earmark_parser (Hex package)
release-candidate-full-proof	UNKNOWN STEP	2026-09-18T08:24:30.8258412Z * Getting makeup_elixir (Hex package)
release-candidate-full-proof	UNKNOWN STEP	2026-09-18T08:24:30.8315926Z * Getting makeup_erlang (Hex package)
release-candidate-full-proof	UNKNOWN STEP	2026-09-18T08:24:30.8360722Z * Getting makeup (Hex package)
release-candidate-full-proof	UNKNOWN STEP	2026-09-18T08:24:30.8467991Z * Getting nimble_parsec (Hex package)
release-candidate-full-proof	UNKNOWN STEP	2026-09-18T08:24:30.8485256Z * Getting phoenix_html (Hex package)
release-candidate-full-proof	UNKNOWN STEP	2026-09-18T08:24:30.8531874Z * Getting phoenix_template (Hex package)
release-candidate-full-proof	UNKNOWN STEP	2026-09-18T08:24:30.8573428Z * Getting plug (Hex package)
release-candidate-full-proof	UNKNOWN STEP	2026-09-18T08:24:30.8727871Z * Getting mime (Hex package)
release-candidate-full-proof	UNKNOWN STEP	2026-09-18T08:24:30.8758342Z * Getting plug_crypto (Hex package)
release-candidate-full-proof	UNKNOWN STEP	2026-09-18T08:24:30.8802560Z * Getting phoenix_pubsub (Hex package)
release-candidate-full-proof	UNKNOWN STEP	2026-09-18T08:24:30.8865698Z * Getting websock_adapter (Hex package)
release-candidate-full-proof	UNKNOWN STEP	2026-09-18T08:24:30.8907685Z * Getting websock (Hex package)
release-candidate-full-proof	UNKNOWN STEP	2026-09-18T08:24:30.9580792Z ##[end-action id=__self.__run;outcome=success;conclusion=success;duration_ms=1467]
release-candidate-full-proof	UNKNOWN STEP	2026-09-18T08:24:30.9641961Z ##[group]Run elixir script/check_release_version_truth.exs
release-candidate-full-proof	UNKNOWN STEP	2026-09-18T08:24:30.9642422Z ^[[36;1melixir script/check_release_version_truth.exs^[[0m
release-candidate-full-proof	UNKNOWN STEP	2026-09-18T08:24:30.9679145Z shell: /usr/bin/bash -e {0}
release-candidate-full-proof	UNKNOWN STEP	2026-09-18T08:24:30.9679410Z env:
release-candidate-full-proof	UNKNOWN STEP	2026-09-18T08:24:30.9679607Z   MIX_ENV: test
release-candidate-full-proof	UNKNOWN STEP	2026-09-18T08:24:30.9679889Z   CANDIDATE_REF: bcb8acaa1bdbbd81610af2a672da64bfe561de9e
release-candidate-full-proof	UNKNOWN STEP	2026-09-18T08:24:30.9680342Z   CANDIDATE_ROOT: /tmp/crosswake-release-candidate-35324177344-1
release-candidate-full-proof	UNKNOWN STEP	2026-09-18T08:24:30.9680834Z   INSTALL_DIR_FOR_OTP: /home/runner/work/_temp/.setup-beam/otp
release-candidate-full-proof	UNKNOWN STEP	2026-09-18T08:24:30.9681272Z   INSTALL_DIR_FOR_ELIXIR: /home/runner/work/_temp/.setup-beam/elixir
release-candidate-full-proof	UNKNOWN STEP	2026-09-18T08:24:30.9681632Z ##[endgroup]
release-candidate-full-proof	UNKNOWN STEP	2026-09-18T08:24:31.4934710Z [crosswake] OK: . - declared 0.2.1, newest published 0.2.1
release-candidate-full-proof	UNKNOWN STEP	2026-09-18T08:24:31.4936281Z [crosswake] OK: packages/crosswake-shell-core-ios - declared 0.2.1, newest published 0.2.1
release-candidate-full-proof	UNKNOWN STEP	2026-09-18T08:24:31.4938002Z [crosswake] OK: packages/crosswake-shell-core-android - declared 0.2.1, newest published 0.2.1
release-candidate-full-proof	UNKNOWN STEP	2026-09-18T08:24:31.4939349Z [crosswake] summary: OK - all 3 linked core components declare a version at or ahead of published truth
release-candidate-full-proof	UNKNOWN STEP	2026-09-18T08:24:31.5027329Z ##[group]Run set -euo pipefail
release-candidate-full-proof	UNKNOWN STEP	2026-09-18T08:24:31.5027754Z ^[[36;1mset -euo pipefail^[[0m
release-candidate-full-proof	UNKNOWN STEP	2026-09-18T08:24:31.5028115Z ^[[36;1mtest "$CANDIDATE_REF" = "$(git rev-parse HEAD)"^[[0m
release-candidate-full-proof	UNKNOWN STEP	2026-09-18T08:24:31.5028488Z ^[[36;1mtest "${#CANDIDATE_REF}" -eq 40^[[0m
release-candidate-full-proof	UNKNOWN STEP	2026-09-18T08:24:31.5028836Z ^[[36;1mgit cat-file -e "$CANDIDATE_REF^{commit}"^[[0m
release-candidate-full-proof	UNKNOWN STEP	2026-09-18T08:24:31.5029192Z ^[[36;1mmkdir -p "$CANDIDATE_ROOT"^[[0m
release-candidate-full-proof	UNKNOWN STEP	2026-09-18T08:24:31.5029594Z ^[[36;1mgit rev-parse "$CANDIDATE_REF^{tree}" > "$CANDIDATE_ROOT/tree.txt"^[[0m
release-candidate-full-proof	UNKNOWN STEP	2026-09-18T08:24:31.5030246Z ^[[36;1mgit merge-base "$CANDIDATE_REF" "8bc77c35157e78da0a6a8b06301cfac48f5dc301" > "$CANDIDATE_ROOT/base.txt"^[[0m
release-candidate-full-proof	UNKNOWN STEP	2026-09-18T08:24:31.5066294Z shell: /usr/bin/bash -e {0}
release-candidate-full-proof	UNKNOWN STEP	2026-09-18T08:24:31.5066566Z env:
release-candidate-full-proof	UNKNOWN STEP	2026-09-18T08:24:31.5066770Z   MIX_ENV: test
release-candidate-full-proof	UNKNOWN STEP	2026-09-18T08:24:31.5067078Z   CANDIDATE_REF: bcb8acaa1bdbbd81610af2a672da64bfe561de9e
release-candidate-full-proof	UNKNOWN STEP	2026-09-18T08:24:31.5067551Z   CANDIDATE_ROOT: /tmp/crosswake-release-candidate-35324177344-1
release-candidate-full-proof	UNKNOWN STEP	2026-09-18T08:24:31.5068075Z   INSTALL_DIR_FOR_OTP: /home/runner/work/_temp/.setup-beam/otp
release-candidate-full-proof	UNKNOWN STEP	2026-09-18T08:24:31.5068543Z   INSTALL_DIR_FOR_ELIXIR: /home/runner/work/_temp/.setup-beam/elixir
release-candidate-full-proof	UNKNOWN STEP	2026-09-18T08:24:31.5068934Z ##[endgroup]
release-candidate-full-proof	UNKNOWN STEP	2026-09-18T08:24:31.5246989Z ##[group]Run bash script/release_candidate/hex_artifacts.sh --ref "$CANDIDATE_REF" --output-dir "$CANDIDATE_ROOT/artifacts" --manifest "$CANDIDATE_ROOT/artifacts/artifacts.json"
release-candidate-full-proof	UNKNOWN STEP	2026-09-18T08:24:31.5248233Z ^[[36;1mbash script/release_candidate/hex_artifacts.sh --ref "$CANDIDATE_REF" --output-dir "$CANDIDATE_ROOT/artifacts" --manifest "$CANDIDATE_ROOT/artifacts/artifacts.json"^[[0m
release-candidate-full-proof	UNKNOWN STEP	2026-09-18T08:24:31.5284572Z shell: /usr/bin/bash -e {0}
release-candidate-full-proof	UNKNOWN STEP	2026-09-18T08:24:31.5284931Z env:
release-candidate-full-proof	UNKNOWN STEP	2026-09-18T08:24:31.5285121Z   MIX_ENV: test
release-candidate-full-proof	UNKNOWN STEP	2026-09-18T08:24:31.5285402Z   CANDIDATE_REF: bcb8acaa1bdbbd81610af2a672da64bfe561de9e
release-candidate-full-proof	UNKNOWN STEP	2026-09-18T08:24:31.5285858Z   CANDIDATE_ROOT: /tmp/crosswake-release-candidate-35324177344-1
release-candidate-full-proof	UNKNOWN STEP	2026-09-18T08:24:31.5286296Z   INSTALL_DIR_FOR_OTP: /home/runner/work/_temp/.setup-beam/otp
release-candidate-full-proof	UNKNOWN STEP	2026-09-18T08:24:31.5286726Z   INSTALL_DIR_FOR_ELIXIR: /home/runner/work/_temp/.setup-beam/elixir
release-candidate-full-proof	UNKNOWN STEP	2026-09-18T08:24:31.5287077Z ##[endgroup]
release-candidate-full-proof	UNKNOWN STEP	2026-09-18T08:24:32.7048250Z [crosswake] package=crosswake version=0.2.1 step=dry-run
release-candidate-full-proof	UNKNOWN STEP	2026-09-18T08:24:33.8041196Z [crosswake] package=crosswake version=0.2.1 step=build
release-candidate-full-proof	UNKNOWN STEP	2026-09-18T08:24:34.5977754Z [crosswake] package=crosswake version=0.2.1 step=official-unpack
release-candidate-full-proof	UNKNOWN STEP	2026-09-18T08:24:37.0500722Z Found retired packages, see above for details
release-candidate-full-proof	UNKNOWN STEP	2026-09-18T08:24:37.0501871Z Found packages with security advisories, see above for details
release-candidate-full-proof	UNKNOWN STEP	2026-09-18T08:24:37.7347038Z [crosswake] package=crosswake_rulestead version=0.1.0 step=dry-run
release-candidate-full-proof	UNKNOWN STEP	2026-09-18T08:24:38.5701145Z [crosswake] package=crosswake_rulestead version=0.1.0 step=build
release-candidate-full-proof	UNKNOWN STEP	2026-09-18T08:24:39.1508901Z [crosswake] package=crosswake_rulestead version=0.1.0 step=official-unpack
release-candidate-full-proof	UNKNOWN STEP	2026-09-18T08:24:41.3991192Z Found retired packages, see above for details
release-candidate-full-proof	UNKNOWN STEP	2026-09-18T08:24:41.3992424Z Found packages with security advisories, see above for details
release-candidate-full-proof	UNKNOWN STEP	2026-09-18T08:24:42.1124711Z [crosswake] package=crosswake_rindle version=0.1.0 step=dry-run
release-candidate-full-proof	UNKNOWN STEP	2026-09-18T08:24:42.9823130Z [crosswake] package=crosswake_rindle version=0.1.0 step=build
release-candidate-full-proof	UNKNOWN STEP	2026-09-18T08:24:43.5479429Z [crosswake] package=crosswake_rindle version=0.1.0 step=official-unpack
release-candidate-full-proof	UNKNOWN STEP	2026-09-18T08:24:45.5038013Z Found packages with security advisories, see above for details
release-candidate-full-proof	UNKNOWN STEP	2026-09-18T08:24:46.1779384Z [crosswake] package=crosswake_sigra version=0.1.3 step=dry-run
release-candidate-full-proof	UNKNOWN STEP	2026-09-18T08:24:47.0386975Z [crosswake] package=crosswake_sigra version=0.1.3 step=build
release-candidate-full-proof	UNKNOWN STEP	2026-09-18T08:24:47.5958327Z [crosswake] package=crosswake_sigra version=0.1.3 step=official-unpack
release-candidate-full-proof	UNKNOWN STEP	2026-09-18T08:24:49.4356249Z Found packages with security advisories, see above for details
release-candidate-full-proof	UNKNOWN STEP	2026-09-18T08:24:50.1322016Z [crosswake] package=crosswake_chimeway version=0.1.0 step=dry-run
release-candidate-full-proof	UNKNOWN STEP	2026-09-18T08:24:50.9914093Z [crosswake] package=crosswake_chimeway version=0.1.0 step=build
release-candidate-full-proof	UNKNOWN STEP	2026-09-18T08:24:51.5420938Z [crosswake] package=crosswake_chimeway version=0.1.0 step=official-unpack
release-candidate-full-proof	UNKNOWN STEP	2026-09-18T08:24:53.3458144Z Found packages with security advisories, see above for details
release-candidate-full-proof	UNKNOWN STEP	2026-09-18T08:24:54.0298213Z [crosswake] package=crosswake_threadline version=0.1.0 step=dry-run
release-candidate-full-proof	UNKNOWN STEP	2026-09-18T08:24:54.8702658Z [crosswake] package=crosswake_threadline version=0.1.0 step=build
release-candidate-full-proof	UNKNOWN STEP	2026-09-18T08:24:55.4173084Z [crosswake] package=crosswake_threadline version=0.1.0 step=official-unpack
release-candidate-full-proof	UNKNOWN STEP	2026-09-18T08:24:55.7309736Z [crosswake] package_family=6 step=normalize
release-candidate-full-proof	UNKNOWN STEP	2026-09-18T08:25:14.9806438Z [crosswake] OK: six candidate Hex artifacts were dry-run, built, officially unpacked, and normalized without publication authority.
release-candidate-full-proof	UNKNOWN STEP	2026-09-18T08:25:14.9807976Z [crosswake] manifest=/tmp/crosswake-release-candidate-35324177344-1/artifacts/artifacts.json external_state_changed=false
release-candidate-full-proof	UNKNOWN STEP	2026-09-18T08:25:15.2287870Z ##[group]Run bash script/verify_companion_cleanroom.sh --source-mode candidate-local --artifact-manifest "$CANDIDATE_ROOT/artifacts/artifacts.json" --result "$CANDIDATE_ROOT/cleanroom.json"
release-candidate-full-proof	UNKNOWN STEP	2026-09-18T08:25:15.2289293Z ^[[36;1mbash script/verify_companion_cleanroom.sh --source-mode candidate-local --artifact-manifest "$CANDIDATE_ROOT/artifacts/artifacts.json" --result "$CANDIDATE_ROOT/cleanroom.json"^[[0m
release-candidate-full-proof	UNKNOWN STEP	2026-09-18T08:25:15.2326762Z shell: /usr/bin/bash -e {0}
release-candidate-full-proof	UNKNOWN STEP	2026-09-18T08:25:15.2327048Z env:
release-candidate-full-proof	UNKNOWN STEP	2026-09-18T08:25:15.2327258Z   MIX_ENV: test
release-candidate-full-proof	UNKNOWN STEP	2026-09-18T08:25:15.2327549Z   CANDIDATE_REF: bcb8acaa1bdbbd81610af2a672da64bfe561de9e
release-candidate-full-proof	UNKNOWN STEP	2026-09-18T08:25:15.2328005Z   CANDIDATE_ROOT: /tmp/crosswake-release-candidate-35324177344-1
release-candidate-full-proof	UNKNOWN STEP	2026-09-18T08:25:15.2328451Z   INSTALL_DIR_FOR_OTP: /home/runner/work/_temp/.setup-beam/otp
release-candidate-full-proof	UNKNOWN STEP	2026-09-18T08:25:15.2328905Z   INSTALL_DIR_FOR_ELIXIR: /home/runner/work/_temp/.setup-beam/elixir
release-candidate-full-proof	UNKNOWN STEP	2026-09-18T08:25:15.2329278Z ##[endgroup]
release-candidate-full-proof	UNKNOWN STEP	2026-09-18T08:25:15.5689472Z [crosswake] source_mode=candidate-local generator=phx_new 1.8.13 step=install-generator
release-candidate-full-proof	UNKNOWN STEP	2026-09-18T08:25:18.3260662Z [crosswake] source_mode=candidate-local profile=rulestead install=1 step=generate
release-candidate-full-proof	UNKNOWN STEP	2026-09-18T08:25:18.7970005Z hint: Using 'master' as the name for the initial branch. This default branch name
release-candidate-full-proof	UNKNOWN STEP	2026-09-18T08:25:18.7971028Z hint: will change to "main" in Git 3.0. To configure the initial branch name
release-candidate-full-proof	UNKNOWN STEP	2026-09-18T08:25:18.7971972Z hint: to use in all of your new repositories, which will suppress this warning,
release-candidate-full-proof	UNKNOWN STEP	2026-09-18T08:25:18.7972673Z hint: call:
release-candidate-full-proof	UNKNOWN STEP	2026-09-18T08:25:18.7973012Z hint:
release-candidate-full-proof	UNKNOWN STEP	2026-09-18T08:25:18.7973719Z hint: 	git config --global init.defaultBranch <name>
release-candidate-full-proof	UNKNOWN STEP	2026-09-18T08:25:18.7974289Z hint:
release-candidate-full-proof	UNKNOWN STEP	2026-09-18T08:25:18.7974899Z hint: Names commonly chosen instead of 'master' are 'main', 'trunk' and
release-candidate-full-proof	UNKNOWN STEP	2026-09-18T08:25:18.7975788Z hint: 'development'. The just-created branch can be renamed via this command:
release-candidate-full-proof	UNKNOWN STEP	2026-09-18T08:25:18.7976379Z hint:
release-candidate-full-proof	UNKNOWN STEP	2026-09-18T08:25:18.7976718Z hint: 	git branch -m <name>
release-candidate-full-proof	UNKNOWN STEP	2026-09-18T08:25:18.7977147Z hint:
release-candidate-full-proof	UNKNOWN STEP	2026-09-18T08:25:18.7977728Z hint: Disable this message with "git config set advice.defaultBranchName false"
release-candidate-full-proof	UNKNOWN STEP	2026-09-18T08:25:25.5777012Z      warning: CAStore.file_path/0 is undefined (module CAStore is not available or is yet to be defined). Make sure the module name is correct and has been specified in full (or that an alias has been defined)
release-candidate-full-proof	UNKNOWN STEP	2026-09-18T08:25:25.5778513Z      │
release-candidate-full-proof	UNKNOWN STEP	2026-09-18T08:25:25.5779759Z  426 │               [cacertfile: ca_store_mod.file_path()]
release-candidate-full-proof	UNKNOWN STEP	2026-09-18T08:25:25.5782350Z      │                                         ~
release-candidate-full-proof	UNKNOWN STEP	2026-09-18T08:25:25.5783156Z      │
release-candidate-full-proof	UNKNOWN STEP	2026-09-18T08:25:25.5784094Z      └─ lib/redix/connector.ex:426:41: Redix.Connector.build_socket_opts/3
release-candidate-full-proof	UNKNOWN STEP	2026-09-18T08:25:25.5784658Z 
release-candidate-full-proof	UNKNOWN STEP	2026-09-18T08:26:13.4664242Z     warning: found quoted keyword "bandit" but the quotes are not required. Note that keywords are always atoms, even when quoted. Similar to atoms, keywords made exclusively of ASCII letters, numbers, and underscores and not beginning with a number do not require quotes
release-candidate-full-proof	UNKNOWN STEP	2026-09-18T08:26:13.4667287Z     │
release-candidate-full-proof	UNKNOWN STEP	2026-09-18T08:26:13.4671625Z   2 │   "bandit": {:hex, :bandit, "1.12.5", "af205a8e550f304caae09a97d29fd3c79a7f337526ea7cd772d2ff11d2f7c800", [:mix], [{:hpax, "~> 1.0", [hex: :hpax, repo: "hexpm", optional: false]}, {:plug, "~> 1.18", [hex: :plug, repo: "hexpm", optional: false]}, {:telemetry, "~> 0.4 or ~> 1.0", [hex: :telemetry, repo: "hexpm", optional: false]}, {:thousand_island, "~> 1.5", [hex: :thousand_island, repo: "hexpm", optional: false]}, {:websock, "~> 0.5", [hex: :websock, repo: "hexpm", optional: false]}], "hexpm", "c5684ca062fa407cac115aec3256383f3e2ec9fdced7904d59cf5a7bb7ed6181"},
release-candidate-full-proof	UNKNOWN STEP	2026-09-18T08:26:13.4674793Z     │   ~
release-candidate-full-proof	UNKNOWN STEP	2026-09-18T08:26:13.4675317Z     │
release-candidate-full-proof	UNKNOWN STEP	2026-09-18T08:26:13.4675733Z     └─ mix.lock:2:3
release-candidate-full-proof	UNKNOWN STEP	2026-09-18T08:26:13.4675966Z 
release-candidate-full-proof	UNKNOWN STEP	2026-09-18T08:26:13.4677924Z     warning: found quoted keyword "cc_precompiler" but the quotes are not required. Note that keywords are always atoms, even when quoted. Similar to atoms, keywords made exclusively of ASCII letters, numbers, and underscores and not beginning with a number do not require quotes
release-candidate-full-proof	UNKNOWN STEP	2026-09-18T08:26:13.4679865Z     │
release-candidate-full-proof	UNKNOWN STEP	2026-09-18T08:26:13.4681514Z   3 │   "cc_precompiler": {:hex, :cc_precompiler, "0.1.11", "8c844d0b9fb98a3edea067f94f616b3f6b29b959b6b3bf25fee94ffe34364768", [:mix], [{:elixir_make, "~> 0.7", [hex: :elixir_make, repo: "hexpm", optional: false]}], "hexpm", "3427232caf0835f94680e5bcf082408a70b48ad68a5f5c0b02a3bea9f3a075b9"},
release-candidate-full-proof	UNKNOWN STEP	2026-09-18T08:26:13.4683207Z     │   ~
release-candidate-full-proof	UNKNOWN STEP	2026-09-18T08:26:13.4683758Z     │
release-candidate-full-proof	UNKNOWN STEP	2026-09-18T08:26:13.4683992Z     └─ mix.lock:3:3
release-candidate-full-proof	UNKNOWN STEP	2026-09-18T08:26:13.4684131Z 
release-candidate-full-proof	UNKNOWN STEP	2026-09-18T08:26:13.4685032Z     warning: found quoted keyword "db_connection" but the quotes are not required. Note that keywords are always atoms, even when quoted. Similar to atoms, keywords made exclusively of ASCII letters, numbers, and underscores and not beginning with a number do not require quotes
release-candidate-full-proof	UNKNOWN STEP	2026-09-18T08:26:13.4686747Z     │
release-candidate-full-proof	UNKNOWN STEP	2026-09-18T08:26:13.4688065Z   4 │   "db_connection": {:hex, :db_connection, "2.10.2", "ae391e803a5adff104da913c2fc1c0c14a37f8b10001dcef568796e1fb7bf95c", [:mix], [{:telemetry, "~> 0.4 or ~> 1.0", [hex: :telemetry, repo: "hexpm", optional: false]}], "hexpm", "510b14482330f1af6490a2fa0efd8d4f1435d1529b165647df22ac0f2df0fa93"},
release-candidate-full-proof	UNKNOWN STEP	2026-09-18T08:26:13.4689862Z     │   ~
release-candidate-full-proof	UNKNOWN STEP	2026-09-18T08:26:13.4690070Z     │
release-candidate-full-proof	UNKNOWN STEP	2026-09-18T08:26:13.4690294Z     └─ mix.lock:4:3
release-candidate-full-proof	UNKNOWN STEP	2026-09-18T08:26:13.4690428Z 
release-candidate-full-proof	UNKNOWN STEP	2026-09-18T08:26:13.4691478Z     warning: found quoted keyword "decimal" but the quotes are not required. Note that keywords are always atoms, even when quoted. Similar to atoms, keywords made exclusively of ASCII letters, numbers, and underscores and not beginning with a number do not require quotes
release-candidate-full-proof	UNKNOWN STEP	2026-09-18T08:26:13.4693010Z     │
release-candidate-full-proof	UNKNOWN STEP	2026-09-18T08:26:13.4694254Z   5 │   "decimal": {:hex, :decimal, "3.1.1", "430d87b04011ce6cbd4fd205be758311a81f87d552d40904abd00f015935b1d0", [:mix], [], "hexpm", "c5f25f2ced74a0587d03e6023f595db8e924c9d3922c8c8ffd9edfc4498cf1f6"},
release-candidate-full-proof	UNKNOWN STEP	2026-09-18T08:26:13.4695642Z     │   ~
release-candidate-full-proof	UNKNOWN STEP	2026-09-18T08:26:13.4695873Z     │
release-candidate-full-proof	UNKNOWN STEP	2026-09-18T08:26:13.4696092Z     └─ mix.lock:5:3
release-candidate-full-proof	UNKNOWN STEP	2026-09-18T08:26:13.4696225Z 
release-candidate-full-proof	UNKNOWN STEP	2026-09-18T08:26:13.4697104Z     warning: found quoted keyword "dns_cluster" but the quotes are not required. Note that keywords are always atoms, even when quoted. Similar to atoms, keywords made exclusively of ASCII letters, numbers, and underscores and not beginning with a number do not require quotes
release-candidate-full-proof	UNKNOWN STEP	2026-09-18T08:26:13.4698819Z     │
release-candidate-full-proof	UNKNOWN STEP	2026-09-18T08:26:13.4699730Z   6 │   "dns_cluster": {:hex, :dns_cluster, "0.2.0", "aa8eb46e3bd0326bd67b84790c561733b25c5ba2fe3c7e36f28e88f384ebcb33", [:mix], [], "hexpm", "ba6f1893411c69c01b9e8e8f772062535a4cf70f3f35bcc964a324078d8c8240"},
release-candidate-full-proof	UNKNOWN STEP	2026-09-18T08:26:13.4701066Z     │   ~
release-candidate-full-proof	UNKNOWN STEP	2026-09-18T08:26:13.4701367Z     │
release-candidate-full-proof	UNKNOWN STEP	2026-09-18T08:26:13.4701591Z     └─ mix.lock:6:3
release-candidate-full-proof	UNKNOWN STEP	2026-09-18T08:26:13.4701718Z 
release-candidate-full-proof	UNKNOWN STEP	2026-09-18T08:26:13.4702639Z     warning: found quoted keyword "ecto" but the quotes are not required. Note that keywords are always atoms, even when quoted. Similar to atoms, keywords made exclusively of ASCII letters, numbers, and underscores and not beginning with a number do not require quotes
release-candidate-full-proof	UNKNOWN STEP	2026-09-18T08:26:13.4704781Z     │
release-candidate-full-proof	UNKNOWN STEP	2026-09-18T08:26:13.4706385Z   7 │   "ecto": {:hex, :ecto, "3.14.2", "99db28a864293a789c970651de711e3cae184291e0e7ea1166c54055ac41c1f3", [:mix], [{:decimal, "~> 3.0", [hex: :decimal, repo: "hexpm", optional: false]}, {:jason, "~> 1.0", [hex: :jason, repo: "hexpm", optional: true]}, {:telemetry, "~> 0.4 or ~> 1.0", [hex: :telemetry, repo: "hexpm", optional: false]}], "hexpm", "25d60b8c816a07d19d85b80bdf60978bd8b102209dda198d768cd7c6745339a6"},
release-candidate-full-proof	UNKNOWN STEP	2026-09-18T08:26:13.4708810Z     │   ~
release-candidate-full-proof	UNKNOWN STEP	2026-09-18T08:26:13.4709143Z     │
release-candidate-full-proof	UNKNOWN STEP	2026-09-18T08:26:13.4709494Z     └─ mix.lock:7:3
release-candidate-full-proof	UNKNOWN STEP	2026-09-18T08:26:13.4709711Z 
release-candidate-full-proof	UNKNOWN STEP	2026-09-18T08:26:13.4711537Z     warning: found quoted keyword "ecto_sql" but the quotes are not required. Note that keywords are always atoms, even when quoted. Similar to atoms, keywords made exclusively of ASCII letters, numbers, and underscores and not beginning with a number do not require quotes
release-candidate-full-proof	UNKNOWN STEP	2026-09-18T08:26:13.4713786Z     │
release-candidate-full-proof	UNKNOWN STEP	2026-09-18T08:26:13.4718432Z   8 │   "ecto_sql": {:hex, :ecto_sql, "3.14.0", "06446ab8410d2f85bfbb80857ee224ab3b693700cbb38f6535d507449a627b2e", [:mix], [{:db_connection, "~> 2.9", [hex: :db_connection, repo: "hexpm", optional: false]}, {:decimal, "~> 3.0", [hex: :decimal, repo: "hexpm", optional: false]}, {:ecto, "~> 3.14.0", [hex: :ecto, repo: "hexpm", optional: false]}, {:myxql, "~> 0.8", [hex: :myxql, repo: "hexpm", optional: true]}, {:postgrex, "~> 0.19 or ~> 1.0", [hex: :postgrex, repo: "hexpm", optional: true]}, {:tds, "~> 2.1.1 or ~> 2.2", [hex: :tds, repo: "hexpm", optional: true]}, {:telemetry, "~> 0.4.0 or ~> 1.0", [hex: :telemetry, repo: "hexpm", optional: false]}], "hexpm", "f4d8d36faf294c9417b5a37ec7ac8217ee2abdef5fcf197ba690f361548d3949"},
release-candidate-full-proof	UNKNOWN STEP	2026-09-18T08:26:13.4722388Z     │   ~
release-candidate-full-proof	UNKNOWN STEP	2026-09-18T08:26:13.4722712Z     │
release-candidate-full-proof	UNKNOWN STEP	2026-09-18T08:26:13.4723097Z     └─ mix.lock:8:3
release-candidate-full-proof	UNKNOWN STEP	2026-09-18T08:26:13.4723572Z 
release-candidate-full-proof	UNKNOWN STEP	2026-09-18T08:26:13.4725153Z     warning: found quoted keyword "elixir_make" but the quotes are not required. Note that keywords are always atoms, even when quoted. Similar to atoms, keywords made exclusively of ASCII letters, numbers, and underscores and not beginning with a number do not require quotes
release-candidate-full-proof	UNKNOWN STEP	2026-09-18T08:26:13.4727054Z     │
release-candidate-full-proof	UNKNOWN STEP	2026-09-18T08:26:13.4728653Z   9 │   "elixir_make": {:hex, :elixir_make, "0.10.0", "16577e2583a79bb79237bbff349619ef5d80afffc07eac6e4faf0d00e2ddaf7d", [:mix], [], "hexpm", "dc1f09fb7fa68866b886abd5f0f3c83553b1a19a52359a899e92af1bb3b31982"},
release-candidate-full-proof	UNKNOWN STEP	2026-09-18T08:26:13.4730161Z     │   ~
release-candidate-full-proof	UNKNOWN STEP	2026-09-18T08:26:13.4730480Z     │
release-candidate-full-proof	UNKNOWN STEP	2026-09-18T08:26:13.4730842Z     └─ mix.lock:9:3
release-candidate-full-proof	UNKNOWN STEP	2026-09-18T08:26:13.4731059Z 
release-candidate-full-proof	UNKNOWN STEP	2026-09-18T08:26:13.4732590Z     warning: found quoted keyword "file_system" but the quotes are not required. Note that keywords are always atoms, even when quoted. Similar to atoms, keywords made exclusively of ASCII letters, numbers, and underscores and not beginning with a number do not require quotes
release-candidate-full-proof	UNKNOWN STEP	2026-09-18T08:26:13.4734844Z     │
release-candidate-full-proof	UNKNOWN STEP	2026-09-18T08:26:13.4736434Z  10 │   "file_system": {:hex, :file_system, "1.1.1", "31864f4685b0148f25bd3fbef2b1228457c0c89024ad67f7a81a3ffbc0bbad3a", [:mix], [], "hexpm", "7a15ff97dfe526aeefb090a7a9d3d03aa907e100e262a0f8f7746b78f8f87a5d"},
release-candidate-full-proof	UNKNOWN STEP	2026-09-18T08:26:13.4737926Z     │   ~
release-candidate-full-proof	UNKNOWN STEP	2026-09-18T08:26:13.4738242Z     │
release-candidate-full-proof	UNKNOWN STEP	2026-09-18T08:26:13.4738606Z     └─ mix.lock:10:3
release-candidate-full-proof	UNKNOWN STEP	2026-09-18T08:26:13.4738838Z 
release-candidate-full-proof	UNKNOWN STEP	2026-09-18T08:26:13.4740337Z     warning: found quoted keyword "fine" but the quotes are not required. Note that keywords are always atoms, even when quoted. Similar to atoms, keywords made exclusively of ASCII letters, numbers, and underscores and not beginning with a number do not require quotes
release-candidate-full-proof	UNKNOWN STEP	2026-09-18T08:26:13.4742140Z     │
release-candidate-full-proof	UNKNOWN STEP	2026-09-18T08:26:13.4743802Z  11 │   "fine": {:hex, :fine, "0.1.6", "4bf7151493443c454aac9f2fa2f34f5fefd0346a83fb5586a016c4a135c63247", [:mix], [], "hexpm", "5638eb4495488e885ebec167fa57973e5c35e1a50c344eb7666c90ec1c4e3b12"},
release-candidate-full-proof	UNKNOWN STEP	2026-09-18T08:26:13.4745209Z     │   ~
release-candidate-full-proof	UNKNOWN STEP	2026-09-18T08:26:13.4745857Z     │
release-candidate-full-proof	UNKNOWN STEP	2026-09-18T08:26:13.4746240Z     └─ mix.lock:11:3
release-candidate-full-proof	UNKNOWN STEP	2026-09-18T08:26:13.4746476Z 
release-candidate-full-proof	UNKNOWN STEP	2026-09-18T08:26:13.4747978Z     warning: found quoted keyword "hpax" but the quotes are not required. Note that keywords are always atoms, even when quoted. Similar to atoms, keywords made exclusively of ASCII letters, numbers, and underscores and not beginning with a number do not require quotes
release-candidate-full-proof	UNKNOWN STEP	2026-09-18T08:26:13.4749793Z     │
release-candidate-full-proof	UNKNOWN STEP	2026-09-18T08:26:13.4751273Z  12 │   "hpax": {:hex, :hpax, "1.0.4", "777de5d433b0fbdc7c418159c8055910faa8047ffdb3d6b31098d2a46cd7685c", [:mix], [], "hexpm", "afc7cb142ebcc2d01ce7816190b98ce5dd49e799111b24249f3443d730f377ca"},
release-candidate-full-proof	UNKNOWN STEP	2026-09-18T08:26:13.4752642Z     │   ~
release-candidate-full-proof	UNKNOWN STEP	2026-09-18T08:26:13.4752969Z     │
release-candidate-full-proof	UNKNOWN STEP	2026-09-18T08:26:13.4753539Z     └─ mix.lock:12:3
release-candidate-full-proof	UNKNOWN STEP	2026-09-18T08:26:13.4753783Z 
release-candidate-full-proof	UNKNOWN STEP	2026-09-18T08:26:13.4755498Z     warning: found quoted keyword "jason" but the quotes are not required. Note that keywords are always atoms, even when quoted. Similar to atoms, keywords made exclusively of ASCII letters, numbers, and underscores and not beginning with a number do not require quotes
release-candidate-full-proof	UNKNOWN STEP	2026-09-18T08:26:13.4757358Z     │
release-candidate-full-proof	UNKNOWN STEP	2026-09-18T08:26:13.4759348Z  13 │   "jason": {:hex, :jason, "1.4.5", "2e3a008590b0b8d7388c20293e9dcc9cf3e5d642fd2a114e4cbbb52e595d940a", [:mix], [{:decimal, "~> 1.0 or ~> 2.0 or ~> 3.0", [hex: :decimal, repo: "hexpm", optional: true]}], "hexpm", "b0c823996102bcd0239b3c2444eb00409b72f6a140c1950bc8b457d836b30684"},
release-candidate-full-proof	UNKNOWN STEP	2026-09-18T08:26:13.4761147Z     │   ~
release-candidate-full-proof	UNKNOWN STEP	2026-09-18T08:26:13.4761472Z     │
release-candidate-full-proof	UNKNOWN STEP	2026-09-18T08:26:13.4761841Z     └─ mix.lock:13:3
release-candidate-full-proof	UNKNOWN STEP	2026-09-18T08:26:13.4762065Z 
release-candidate-full-proof	UNKNOWN STEP	2026-09-18T08:26:13.4763780Z     warning: found quoted keyword "lazy_html" but the quotes are not required. Note that keywords are always atoms, even when quoted. Similar to atoms, keywords made exclusively of ASCII letters, numbers, and underscores and not beginning with a number do not require quotes
release-candidate-full-proof	UNKNOWN STEP	2026-09-18T08:26:13.4765613Z     │
release-candidate-full-proof	UNKNOWN STEP	2026-09-18T08:26:13.4768621Z  14 │   "lazy_html": {:hex, :lazy_html, "0.1.12", "31a55ee622918fce988c94b06232227b42daa64e4eab14ac32081d0f3fd8db6f", [:make, :mix], [{:cc_precompiler, "~> 0.1", [hex: :cc_precompiler, repo: "hexpm", optional: false]}, {:elixir_make, "~> 0.9", [hex: :elixir_make, repo: "hexpm", optional: false]}, {:fine, "~> 0.1.0", [hex: :fine, repo: "hexpm", optional: false]}], "hexpm", "8a0da594776caee58782c6f93b2abaa5bdb809daf8d43351a561f7de9dc2e2a8"},
release-candidate-full-proof	UNKNOWN STEP	2026-09-18T08:26:13.4771190Z     │   ~
release-candidate-full-proof	UNKNOWN STEP	2026-09-18T08:26:13.4771392Z     │
release-candidate-full-proof	UNKNOWN STEP	2026-09-18T08:26:13.4771609Z     └─ mix.lock:14:3
release-candidate-full-proof	UNKNOWN STEP	2026-09-18T08:26:13.4771745Z 
release-candidate-full-proof	UNKNOWN STEP	2026-09-18T08:26:13.4772596Z     warning: found quoted keyword "mime" but the quotes are not required. Note that keywords are always atoms, even when quoted. Similar to atoms, keywords made exclusively of ASCII letters, numbers, and underscores and not beginning with a number do not require quotes
release-candidate-full-proof	UNKNOWN STEP	2026-09-18T08:26:13.4773801Z     │
release-candidate-full-proof	UNKNOWN STEP	2026-09-18T08:26:13.4774633Z  15 │   "mime": {:hex, :mime, "2.0.7", "b8d739037be7cd402aee1ba0306edfdef982687ee7e9859bee6198c1e7e2f128", [:mix], [], "hexpm", "6171188e399ee16023ffc5b76ce445eb6d9672e2e241d2df6050f3c771e80ccd"},
release-candidate-full-proof	UNKNOWN STEP	2026-09-18T08:26:13.4775404Z     │   ~
release-candidate-full-proof	UNKNOWN STEP	2026-09-18T08:26:13.4775599Z     │
release-candidate-full-proof	UNKNOWN STEP	2026-09-18T08:26:13.4775818Z     └─ mix.lock:15:3
release-candidate-full-proof	UNKNOWN STEP	2026-09-18T08:26:13.4775950Z 
release-candidate-full-proof	UNKNOWN STEP	2026-09-18T08:26:13.4776899Z     warning: found quoted keyword "nimble_options" but the quotes are not required. Note that keywords are always atoms, even when quoted. Similar to atoms, keywords made exclusively of ASCII letters, numbers, and underscores and not beginning with a number do not require quotes
release-candidate-full-proof	UNKNOWN STEP	2026-09-18T08:26:13.4777955Z     │
release-candidate-full-proof	UNKNOWN STEP	2026-09-18T08:26:13.4778856Z  16 │   "nimble_options": {:hex, :nimble_options, "1.1.1", "e3a492d54d85fc3fd7c5baf411d9d2852922f66e69476317787a7b2bb000a61b", [:mix], [], "hexpm", "821b2470ca9442c4b6984882fe9bb0389371b8ddec4d45a9504f00a66f650b44"},
release-candidate-full-proof	UNKNOWN STEP	2026-09-18T08:26:13.4780014Z     │   ~
release-candidate-full-proof	UNKNOWN STEP	2026-09-18T08:26:13.4780320Z     │
release-candidate-full-proof	UNKNOWN STEP	2026-09-18T08:26:13.4780669Z     └─ mix.lock:16:3
release-candidate-full-proof	UNKNOWN STEP	2026-09-18T08:26:13.4780882Z 
release-candidate-full-proof	UNKNOWN STEP	2026-09-18T08:26:13.4782353Z     warning: found quoted keyword "phoenix" but the quotes are not required. Note that keywords are always atoms, even when quoted. Similar to atoms, keywords made exclusively of ASCII letters, numbers, and underscores and not beginning with a number do not require quotes
release-candidate-full-proof	UNKNOWN STEP	2026-09-18T08:26:13.4784208Z     │
release-candidate-full-proof	UNKNOWN STEP	2026-09-18T08:26:13.4787874Z  17 │   "phoenix": {:hex, :phoenix, "1.8.14", "9279cbbcd755ac8d5f42d206915e7df13b9ab49096b98114f1c99ff908e5b42e", [:mix], [{:bandit, "~> 1.0", [hex: :bandit, repo: "hexpm", optional: true]}, {:jason, "~> 1.0", [hex: :jason, repo: "hexpm", optional: true]}, {:phoenix_pubsub, "~> 2.1", [hex: :phoenix_pubsub, repo: "hexpm", optional: false]}, {:phoenix_template, "~> 1.0", [hex: :phoenix_template, repo: "hexpm", optional: false]}, {:phoenix_view, "~> 2.0", [hex: :phoenix_view, repo: "hexpm", optional: true]}, {:plug, "~> 1.14", [hex: :plug, repo: "hexpm", optional: false]}, {:plug_cowboy, "~> 2.7", [hex: :plug_cowboy, repo: "hexpm", optional: true]}, {:plug_crypto, "~> 2.2", [hex: :plug_crypto, repo: "hexpm", optional: false]}, {:telemetry, "~> 0.4 or ~> 1.0", [hex: :telemetry, repo: "hexpm", optional: false]}, {:websock_adapter, "~> 0.5", [hex: :websock_adapter, repo: "hexpm", optional: false]}], "hexpm", "2782ff375824b2b5e41561fbae4764ee7b875af6898483bca49f24a9d1e37816"},
release-candidate-full-proof	UNKNOWN STEP	2026-09-18T08:26:13.4791679Z     │   ~
release-candidate-full-proof	UNKNOWN STEP	2026-09-18T08:26:13.4791990Z     │
release-candidate-full-proof	UNKNOWN STEP	2026-09-18T08:26:13.4792354Z     └─ mix.lock:17:3
release-candidate-full-proof	UNKNOWN STEP	2026-09-18T08:26:13.4792566Z 
release-candidate-full-proof	UNKNOWN STEP	2026-09-18T08:26:13.4794265Z     warning: found quoted keyword "phoenix_html" but the quotes are not required. Note that keywords are always atoms, even when quoted. Similar to atoms, keywords made exclusively of ASCII letters, numbers, and underscores and not beginning with a number do not require quotes
release-candidate-full-proof	UNKNOWN STEP	2026-09-18T08:26:13.4795561Z     │
release-candidate-full-proof	UNKNOWN STEP	2026-09-18T08:26:13.4796476Z  18 │   "phoenix_html": {:hex, :phoenix_html, "4.3.0", "d3577a5df4b6954cd7890c84d955c470b5310bb49647f0a114a6eeecc850f7ad", [:mix], [], "hexpm", "3eaa290a78bab0f075f791a46a981bbe769d94bc776869f4f3063a14f30497ad"},
release-candidate-full-proof	UNKNOWN STEP	2026-09-18T08:26:13.4797322Z     │   ~
release-candidate-full-proof	UNKNOWN STEP	2026-09-18T08:26:13.4797512Z     │
release-candidate-full-proof	UNKNOWN STEP	2026-09-18T08:26:13.4797731Z     └─ mix.lock:18:3
release-candidate-full-proof	UNKNOWN STEP	2026-09-18T08:26:13.4797868Z 
release-candidate-full-proof	UNKNOWN STEP	2026-09-18T08:26:13.4798781Z     warning: found quoted keyword "phoenix_live_reload" but the quotes are not required. Note that keywords are always atoms, even when quoted. Similar to atoms, keywords made exclusively of ASCII letters, numbers, and underscores and not beginning with a number do not require quotes
release-candidate-full-proof	UNKNOWN STEP	2026-09-18T08:26:13.4799857Z     │
release-candidate-full-proof	UNKNOWN STEP	2026-09-18T08:26:13.4801354Z  19 │   "phoenix_live_reload": {:hex, :phoenix_live_reload, "1.7.0", "fb1e429f6d8778ce3a6962debdc5e555428a05a6e7b058d6dbad13d281a2c31f", [:mix], [{:file_system, "~> 0.2.10 or ~> 1.0", [hex: :file_system, repo: "hexpm", optional: false]}, {:phoenix, "~> 1.4", [hex: :phoenix, repo: "hexpm", optional: false]}], "hexpm", "dc9f44271aa6fc4ab7797f2aa374ba096ef2c87520586280eb095626b7387a68"},
release-candidate-full-proof	UNKNOWN STEP	2026-09-18T08:26:13.4802670Z     │   ~
release-candidate-full-proof	UNKNOWN STEP	2026-09-18T08:26:13.4802856Z     │
release-candidate-full-proof	UNKNOWN STEP	2026-09-18T08:26:13.4803080Z     └─ mix.lock:19:3
release-candidate-full-proof	UNKNOWN STEP	2026-09-18T08:26:13.4803223Z 
release-candidate-full-proof	UNKNOWN STEP	2026-09-18T08:26:13.4804317Z     warning: found quoted keyword "phoenix_live_view" but the quotes are not required. Note that keywords are always atoms, even when quoted. Similar to atoms, keywords made exclusively of ASCII letters, numbers, and underscores and not beginning with a number do not require quotes
release-candidate-full-proof	UNKNOWN STEP	2026-09-18T08:26:13.4806033Z     │
release-candidate-full-proof	UNKNOWN STEP	2026-09-18T08:26:13.4811978Z  20 │   "phoenix_live_view": {:hex, :phoenix_live_view, "1.2.12", "35848150bbab579e9d0aff79525269d7c0801a4f61232b84f635c11222cee88f", [:mix], [{:igniter, ">= 0.6.16 and < 1.0.0-0", [hex: :igniter, repo: "hexpm", optional: true]}, {:jason, "~> 1.0", [hex: :jason, repo: "hexpm", optional: true]}, {:lazy_html, "~> 0.1.0", [hex: :lazy_html, repo: "hexpm", optional: true]}, {:phoenix, "~> 1.6.15 or ~> 1.7.0 or ~> 1.8.0", [hex: :phoenix, repo: "hexpm", optional: false]}, {:phoenix_html, "~> 3.3 or ~> 4.0", [hex: :phoenix_html, repo: "hexpm", optional: false]}, {:phoenix_template, "~> 1.0", [hex: :phoenix_template, repo: "hexpm", optional: false]}, {:phoenix_view, "~> 2.0", [hex: :phoenix_view, repo: "hexpm", optional: true]}, {:plug, "~> 1.15", [hex: :plug, repo: "hexpm", optional: false]}, {:telemetry, "~> 0.4.2 or ~> 1.0", [hex: :telemetry, repo: "hexpm", optional: false]}], "hexpm", "656810d716e3369545dd63981196a5d68b77fdb253afe02ef0c6fa14cfd8dc2b"},
release-candidate-full-proof	UNKNOWN STEP	2026-09-18T08:26:13.4817583Z     │   ~
release-candidate-full-proof	UNKNOWN STEP	2026-09-18T08:26:13.4817909Z     │
release-candidate-full-proof	UNKNOWN STEP	2026-09-18T08:26:13.4818277Z     └─ mix.lock:20:3
release-candidate-full-proof	UNKNOWN STEP	2026-09-18T08:26:13.4818492Z 
release-candidate-full-proof	UNKNOWN STEP	2026-09-18T08:26:13.4820039Z     warning: found quoted keyword "phoenix_pubsub" but the quotes are not required. Note that keywords are always atoms, even when quoted. Similar to atoms, keywords made exclusively of ASCII letters, numbers, and underscores and not beginning with a number do not require quotes
release-candidate-full-proof	UNKNOWN STEP	2026-09-18T08:26:13.4821864Z     │
release-candidate-full-proof	UNKNOWN STEP	2026-09-18T08:26:13.4823963Z  21 │   "phoenix_pubsub": {:hex, :phoenix_pubsub, "2.3.0", "03916bfbc31a5121945b3cfffe5aec647a5c97fe1dc172a319b94428562359c9", [:mix], [], "hexpm", "eec7be6e9cf02e2551d389b558402d6c637cd3973796326e7ba4bb03c6b2e91d"},
release-candidate-full-proof	UNKNOWN STEP	2026-09-18T08:26:13.4825522Z     │   ~
release-candidate-full-proof	UNKNOWN STEP	2026-09-18T08:26:13.4825840Z     │
release-candidate-full-proof	UNKNOWN STEP	2026-09-18T08:26:13.4826205Z     └─ mix.lock:21:3
release-candidate-full-proof	UNKNOWN STEP	2026-09-18T08:26:13.4826426Z 
release-candidate-full-proof	UNKNOWN STEP	2026-09-18T08:26:13.4827992Z     warning: found quoted keyword "phoenix_template" but the quotes are not required. Note that keywords are always atoms, even when quoted. Similar to atoms, keywords made exclusively of ASCII letters, numbers, and underscores and not beginning with a number do not require quotes
release-candidate-full-proof	UNKNOWN STEP	2026-09-18T08:26:13.4829848Z     │
release-candidate-full-proof	UNKNOWN STEP	2026-09-18T08:26:13.4832059Z  22 │   "phoenix_template": {:hex, :phoenix_template, "1.0.4", "e2092c132f3b5e5b2d49c96695342eb36d0ed514c5b252a77048d5969330d639", [:mix], [{:phoenix_html, "~> 2.14.2 or ~> 3.0 or ~> 4.0", [hex: :phoenix_html, repo: "hexpm", optional: true]}], "hexpm", "2c0c81f0e5c6753faf5cca2f229c9709919aba34fab866d3bc05060c9c444206"},
release-candidate-full-proof	UNKNOWN STEP	2026-09-18T08:26:13.4835384Z     │   ~
release-candidate-full-proof	UNKNOWN STEP	2026-09-18T08:26:13.4835803Z     │
release-candidate-full-proof	UNKNOWN STEP	2026-09-18T08:26:13.4836060Z     └─ mix.lock:22:3
release-candidate-full-proof	UNKNOWN STEP	2026-09-18T08:26:13.4836205Z 
release-candidate-full-proof	UNKNOWN STEP	2026-09-18T08:26:13.4837074Z     warning: found quoted keyword "plug" but the quotes are not required. Note that keywords are always atoms, even when quoted. Similar to atoms, keywords made exclusively of ASCII letters, numbers, and underscores and not beginning with a number do not require quotes
release-candidate-full-proof	UNKNOWN STEP	2026-09-18T08:26:13.4838103Z     │
release-candidate-full-proof	UNKNOWN STEP	2026-09-18T08:26:13.4839799Z  23 │   "plug": {:hex, :plug, "1.20.3", "56c480c633ec2ce10140e236e15233bf576e1d323887d7c96711bd02ab5160db", [:mix], [{:mime, "~> 1.0 or ~> 2.0", [hex: :mime, repo: "hexpm", optional: false]}, {:plug_crypto, "~> 1.1.1 or ~> 1.2 or ~> 2.0", [hex: :plug_crypto, repo: "hexpm", optional: false]}, {:telemetry, "~> 0.4.3 or ~> 1.0", [hex: :telemetry, repo: "hexpm", optional: false]}], "hexpm", "be266aee1b8536ef6409d58cf39a3121319f0ec47cfa1b24024485aa0e76ad76"},
release-candidate-full-proof	UNKNOWN STEP	2026-09-18T08:26:13.4841472Z     │   ~
release-candidate-full-proof	UNKNOWN STEP	2026-09-18T08:26:13.4841694Z     │
release-candidate-full-proof	UNKNOWN STEP	2026-09-18T08:26:13.4841911Z     └─ mix.lock:23:3
release-candidate-full-proof	UNKNOWN STEP	2026-09-18T08:26:13.4842050Z 
release-candidate-full-proof	UNKNOWN STEP	2026-09-18T08:26:13.4842975Z     warning: found quoted keyword "plug_crypto" but the quotes are not required. Note that keywords are always atoms, even when quoted. Similar to atoms, keywords made exclusively of ASCII letters, numbers, and underscores and not beginning with a number do not require quotes
release-candidate-full-proof	UNKNOWN STEP	2026-09-18T08:26:13.4844371Z     │
release-candidate-full-proof	UNKNOWN STEP	2026-09-18T08:26:13.4845285Z  24 │   "plug_crypto": {:hex, :plug_crypto, "2.2.0", "144014737daaf485407f5ed77daeaad74d651b216a28c87543f8cc7043f8efc8", [:mix], [], "hexpm", "83a95744ab1c75876542b6fab135fcc176280e0f301a111c1f757fddcec95d2c"},
release-candidate-full-proof	UNKNOWN STEP	2026-09-18T08:26:13.4846122Z     │   ~
release-candidate-full-proof	UNKNOWN STEP	2026-09-18T08:26:13.4846313Z     │
release-candidate-full-proof	UNKNOWN STEP	2026-09-18T08:26:13.4846529Z     └─ mix.lock:24:3
release-candidate-full-proof	UNKNOWN STEP	2026-09-18T08:26:13.4846667Z 
release-candidate-full-proof	UNKNOWN STEP	2026-09-18T08:26:13.4847622Z     warning: found quoted keyword "postgrex" but the quotes are not required. Note that keywords are always atoms, even when quoted. Similar to atoms, keywords made exclusively of ASCII letters, numbers, and underscores and not beginning with a number do not require quotes
release-candidate-full-proof	UNKNOWN STEP	2026-09-18T08:26:13.4848931Z     │
release-candidate-full-proof	UNKNOWN STEP	2026-09-18T08:26:13.4850838Z  25 │   "postgrex": {:hex, :postgrex, "0.22.4", "d271f595dfd25230b6398354e19d17bb5e2d20130fd2d9bdca7e15f125d43552", [:mix], [{:db_connection, "~> 2.9", [hex: :db_connection, repo: "hexpm", optional: false]}, {:decimal, "~> 1.5 or ~> 2.0 or ~> 3.0", [hex: :decimal, repo: "hexpm", optional: false]}, {:jason, "~> 1.0", [hex: :jason, repo: "hexpm", optional: true]}, {:table, "~> 0.1.0", [hex: :table, repo: "hexpm", optional: true]}], "hexpm", "4aae45a2d60e35b04eea2602440be152fae332901f1fc7a60fc7cb7f0f9a9c5a"},
release-candidate-full-proof	UNKNOWN STEP	2026-09-18T08:26:13.4852490Z     │   ~
release-candidate-full-proof	UNKNOWN STEP	2026-09-18T08:26:13.4852681Z     │
release-candidate-full-proof	UNKNOWN STEP	2026-09-18T08:26:13.4852899Z     └─ mix.lock:25:3
release-candidate-full-proof	UNKNOWN STEP	2026-09-18T08:26:13.4853066Z 
release-candidate-full-proof	UNKNOWN STEP	2026-09-18T08:26:13.4854368Z     warning: found quoted keyword "redix" but the quotes are not required. Note that keywords are always atoms, even when quoted. Similar to atoms, keywords made exclusively of ASCII letters, numbers, and underscores and not beginning with a number do not require quotes
release-candidate-full-proof	UNKNOWN STEP	2026-09-18T08:26:13.4855443Z     │
release-candidate-full-proof	UNKNOWN STEP	2026-09-18T08:26:13.4857243Z  26 │   "redix": {:hex, :redix, "1.9.2", "a75b2b5f1facc06c79c6d2c5cf5bfcb5a49f84f46ede80aaa97b01c28c6cc8a6", [:mix], [{:castore, "~> 0.1.0 or ~> 1.0", [hex: :castore, repo: "hexpm", optional: true]}, {:nimble_options, "~> 0.5.0 or ~> 1.0", [hex: :nimble_options, repo: "hexpm", optional: false]}, {:telemetry, "~> 0.4.0 or ~> 1.0", [hex: :telemetry, repo: "hexpm", optional: false]}], "hexpm", "02b0b644de27d9f25d3664e6bb7c11ee150255930f08a362655dd8aba9b0a6a1"},
release-candidate-full-proof	UNKNOWN STEP	2026-09-18T08:26:13.4858823Z     │   ~
release-candidate-full-proof	UNKNOWN STEP	2026-09-18T08:26:13.4859020Z     │
release-candidate-full-proof	UNKNOWN STEP	2026-09-18T08:26:13.4859235Z     └─ mix.lock:26:3
release-candidate-full-proof	UNKNOWN STEP	2026-09-18T08:26:13.4859370Z 
release-candidate-full-proof	UNKNOWN STEP	2026-09-18T08:26:13.4860270Z     warning: found quoted keyword "rulestead" but the quotes are not required. Note that keywords are always atoms, even when quoted. Similar to atoms, keywords made exclusively of ASCII letters, numbers, and underscores and not beginning with a number do not require quotes
release-candidate-full-proof	UNKNOWN STEP	2026-09-18T08:26:13.4861329Z     │
release-candidate-full-proof	UNKNOWN STEP	2026-09-18T08:26:13.4864486Z  27 │   "rulestead": {:hex, :rulestead, "0.1.7", "c666a64703c38d5ded3118bfb3fc76ce75f29e4acd0e28868a252290159f844d", [:mix], [{:ecto_sql, "~> 3.14", [hex: :ecto_sql, repo: "hexpm", optional: false]}, {:jason, "~> 1.4", [hex: :jason, repo: "hexpm", optional: false]}, {:nimble_options, "~> 1.1", [hex: :nimble_options, repo: "hexpm", optional: false]}, {:phoenix_pubsub, "~> 2.1", [hex: :phoenix_pubsub, repo: "hexpm", optional: false]}, {:plug, "~> 1.16", [hex: :plug, repo: "hexpm", optional: false]}, {:postgrex, ">= 0.0.0", [hex: :postgrex, repo: "hexpm", optional: false]}, {:redix, "~> 1.5", [hex: :redix, repo: "hexpm", optional: false]}, {:telemetry, "~> 1.2", [hex: :telemetry, repo: "hexpm", optional: false]}], "hexpm", "5f8bf1e853f8b469a412cdcc279406a325566a58712784cb7dc32fdf34e85438"},
release-candidate-full-proof	UNKNOWN STEP	2026-09-18T08:26:13.4867007Z     │   ~
release-candidate-full-proof	UNKNOWN STEP	2026-09-18T08:26:13.4867200Z     │
release-candidate-full-proof	UNKNOWN STEP	2026-09-18T08:26:13.4867426Z     └─ mix.lock:27:3
release-candidate-full-proof	UNKNOWN STEP	2026-09-18T08:26:13.4867552Z 
release-candidate-full-proof	UNKNOWN STEP	2026-09-18T08:26:13.4868443Z     warning: found quoted keyword "telemetry" but the quotes are not required. Note that keywords are always atoms, even when quoted. Similar to atoms, keywords made exclusively of ASCII letters, numbers, and underscores and not beginning with a number do not require quotes
release-candidate-full-proof	UNKNOWN STEP	2026-09-18T08:26:13.4869493Z     │
release-candidate-full-proof	UNKNOWN STEP	2026-09-18T08:26:13.4870378Z  28 │   "telemetry": {:hex, :telemetry, "1.4.2", "a0cb522801dffb1c49fe6e30561badffc7b6d0e180db1300df759faa22062855", [:rebar3], [], "hexpm", "928f6495066506077862c0d1646609eed891a4326bee3126ba54b60af61febb1"},
release-candidate-full-proof	UNKNOWN STEP	2026-09-18T08:26:13.4871189Z     │   ~
release-candidate-full-proof	UNKNOWN STEP	2026-09-18T08:26:13.4871447Z     │
release-candidate-full-proof	UNKNOWN STEP	2026-09-18T08:26:13.4871816Z     └─ mix.lock:28:3
release-candidate-full-proof	UNKNOWN STEP	2026-09-18T08:26:13.4872055Z 
release-candidate-full-proof	UNKNOWN STEP	2026-09-18T08:26:13.4873797Z     warning: found quoted keyword "telemetry_metrics" but the quotes are not required. Note that keywords are always atoms, even when quoted. Similar to atoms, keywords made exclusively of ASCII letters, numbers, and underscores and not beginning with a number do not require quotes
release-candidate-full-proof	UNKNOWN STEP	2026-09-18T08:26:13.4875169Z     │
release-candidate-full-proof	UNKNOWN STEP	2026-09-18T08:26:13.4876427Z  29 │   "telemetry_metrics": {:hex, :telemetry_metrics, "1.2.0", "7632c19c01d88d8aaca5da1a0e8912f5af39b79e7c08a2c253aeb3c14c2c957e", [:mix], [{:telemetry, "~> 0.4 or ~> 1.0", [hex: :telemetry, repo: "hexpm", optional: false]}], "hexpm", "71dde12fc29b58b9c77ec17ec319109e5ca848d010fc1965ed4463bba1837c07"},
release-candidate-full-proof	UNKNOWN STEP	2026-09-18T08:26:13.4877541Z     │   ~
release-candidate-full-proof	UNKNOWN STEP	2026-09-18T08:26:13.4877729Z     │
release-candidate-full-proof	UNKNOWN STEP	2026-09-18T08:26:13.4877940Z     └─ mix.lock:29:3
release-candidate-full-proof	UNKNOWN STEP	2026-09-18T08:26:13.4878075Z 
release-candidate-full-proof	UNKNOWN STEP	2026-09-18T08:26:13.4878990Z     warning: found quoted keyword "telemetry_poller" but the quotes are not required. Note that keywords are always atoms, even when quoted. Similar to atoms, keywords made exclusively of ASCII letters, numbers, and underscores and not beginning with a number do not require quotes
release-candidate-full-proof	UNKNOWN STEP	2026-09-18T08:26:13.4880054Z     │
release-candidate-full-proof	UNKNOWN STEP	2026-09-18T08:26:13.4881383Z  30 │   "telemetry_poller": {:hex, :telemetry_poller, "1.3.0", "d5c46420126b5ac2d72bc6580fb4f537d35e851cc0f8dbd571acf6d6e10f5ec7", [:rebar3], [{:telemetry, "~> 1.0", [hex: :telemetry, repo: "hexpm", optional: false]}], "hexpm", "51f18bed7128544a50f75897db9974436ea9bfba560420b646af27a9a9b35211"},
release-candidate-full-proof	UNKNOWN STEP	2026-09-18T08:26:13.4882478Z     │   ~
release-candidate-full-proof	UNKNOWN STEP	2026-09-18T08:26:13.4882664Z     │
release-candidate-full-proof	UNKNOWN STEP	2026-09-18T08:26:13.4882874Z     └─ mix.lock:30:3
release-candidate-full-proof	UNKNOWN STEP	2026-09-18T08:26:13.4883007Z 
release-candidate-full-proof	UNKNOWN STEP	2026-09-18T08:26:13.4884205Z     warning: found quoted keyword "thousand_island" but the quotes are not required. Note that keywords are always atoms, even when quoted. Similar to atoms, keywords made exclusively of ASCII letters, numbers, and underscores and not beginning with a number do not require quotes
release-candidate-full-proof	UNKNOWN STEP	2026-09-18T08:26:13.4885297Z     │
release-candidate-full-proof	UNKNOWN STEP	2026-09-18T08:26:13.4886496Z  31 │   "thousand_island": {:hex, :thousand_island, "1.5.0", "f50a213cac97262b6d5ebb85745aa2c00fec1413191e6e66834788d45425cecb", [:mix], [{:telemetry, "~> 0.4 or ~> 1.0", [hex: :telemetry, repo: "hexpm", optional: false]}], "hexpm", "708923d40523e43cf99041ab37a0d4b0ec426ac6438fa3716ab23d919eaeb412"},
release-candidate-full-proof	UNKNOWN STEP	2026-09-18T08:26:13.4887602Z     │   ~
release-candidate-full-proof	UNKNOWN STEP	2026-09-18T08:26:13.4887955Z     │
release-candidate-full-proof	UNKNOWN STEP	2026-09-18T08:26:13.4888321Z     └─ mix.lock:31:3
release-candidate-full-proof	UNKNOWN STEP	2026-09-18T08:26:13.4888548Z 
release-candidate-full-proof	UNKNOWN STEP	2026-09-18T08:26:13.4890044Z     warning: found quoted keyword "websock" but the quotes are not required. Note that keywords are always atoms, even when quoted. Similar to atoms, keywords made exclusively of ASCII letters, numbers, and underscores and not beginning with a number do not require quotes
release-candidate-full-proof	UNKNOWN STEP	2026-09-18T08:26:13.4892032Z     │
release-candidate-full-proof	UNKNOWN STEP	2026-09-18T08:26:13.4892923Z  32 │   "websock": {:hex, :websock, "0.5.3", "2f69a6ebe810328555b6fe5c831a851f485e303a7c8ce6c5f675abeb20ebdadc", [:mix], [], "hexpm", "6105453d7fac22c712ad66fab1d45abdf049868f253cf719b625151460b8b453"},
release-candidate-full-proof	UNKNOWN STEP	2026-09-18T08:26:13.4894025Z     │   ~
release-candidate-full-proof	UNKNOWN STEP	2026-09-18T08:26:13.4894222Z     │
release-candidate-full-proof	UNKNOWN STEP	2026-09-18T08:26:13.4894440Z     └─ mix.lock:32:3
release-candidate-full-proof	UNKNOWN STEP	2026-09-18T08:26:13.4894577Z 
release-candidate-full-proof	UNKNOWN STEP	2026-09-18T08:26:13.4895485Z     warning: found quoted keyword "websock_adapter" but the quotes are not required. Note that keywords are always atoms, even when quoted. Similar to atoms, keywords made exclusively of ASCII letters, numbers, and underscores and not beginning with a number do not require quotes
release-candidate-full-proof	UNKNOWN STEP	2026-09-18T08:26:13.4896552Z     │
release-candidate-full-proof	UNKNOWN STEP	2026-09-18T08:26:13.4898434Z  33 │   "websock_adapter": {:hex, :websock_adapter, "0.6.0", "73db5ab8aaefd1a876a97ce3e6afc96562625de69ef17a4e04426e034849d0b8", [:mix], [{:bandit, ">= 0.6.0", [hex: :bandit, repo: "hexpm", optional: true]}, {:plug, "~> 1.14", [hex: :plug, repo: "hexpm", optional: false]}, {:plug_cowboy, "~> 2.6", [hex: :plug_cowboy, repo: "hexpm", optional: true]}, {:websock, "~> 0.5", [hex: :websock, repo: "hexpm", optional: false]}], "hexpm", "50021a85bce8f203b086705d9e0c5415e2c7eb05d319111b0428fe71f9934617"},
release-candidate-full-proof	UNKNOWN STEP	2026-09-18T08:26:13.4900079Z     │   ~
release-candidate-full-proof	UNKNOWN STEP	2026-09-18T08:26:13.4900269Z     │
release-candidate-full-proof	UNKNOWN STEP	2026-09-18T08:26:13.4900484Z     └─ mix.lock:33:3
release-candidate-full-proof	UNKNOWN STEP	2026-09-18T08:26:13.4900620Z 
release-candidate-full-proof	UNKNOWN STEP	2026-09-18T08:26:13.4995036Z [crosswake] source_mode=candidate-local profile=rulestead install=2 step=generate
release-candidate-full-proof	UNKNOWN STEP	2026-09-18T08:26:14.0101647Z hint: Using 'master' as the name for the initial branch. This default branch name
release-candidate-full-proof	UNKNOWN STEP	2026-09-18T08:26:14.0103606Z hint: will change to "main" in Git 3.0. To configure the initial branch name
release-candidate-full-proof	UNKNOWN STEP	2026-09-18T08:26:14.0104604Z hint: to use in all of your new repositories, which will suppress this warning,
release-candidate-full-proof	UNKNOWN STEP	2026-09-18T08:26:14.0105328Z hint: call:
release-candidate-full-proof	UNKNOWN STEP	2026-09-18T08:26:14.0105674Z hint:
release-candidate-full-proof	UNKNOWN STEP	2026-09-18T08:26:14.0106209Z hint: 	git config --global init.defaultBranch <name>
release-candidate-full-proof	UNKNOWN STEP	2026-09-18T08:26:14.0106551Z hint:
release-candidate-full-proof	UNKNOWN STEP	2026-09-18T08:26:14.0106904Z hint: Names commonly chosen instead of 'master' are 'main', 'trunk' and
release-candidate-full-proof	UNKNOWN STEP	2026-09-18T08:26:14.0107456Z hint: 'development'. The just-created branch can be renamed via this command:
release-candidate-full-proof	UNKNOWN STEP	2026-09-18T08:26:14.0108082Z hint:
release-candidate-full-proof	UNKNOWN STEP	2026-09-18T08:26:14.0108513Z hint: 	git branch -m <name>
release-candidate-full-proof	UNKNOWN STEP	2026-09-18T08:26:14.0108832Z hint:
release-candidate-full-proof	UNKNOWN STEP	2026-09-18T08:26:14.0109202Z hint: Disable this message with "git config set advice.defaultBranchName false"
release-candidate-full-proof	UNKNOWN STEP	2026-09-18T08:26:20.9500057Z      warning: CAStore.file_path/0 is undefined (module CAStore is not available or is yet to be defined). Make sure the module name is correct and has been specified in full (or that an alias has been defined)
release-candidate-full-proof	UNKNOWN STEP	2026-09-18T08:26:20.9501887Z      │
release-candidate-full-proof	UNKNOWN STEP	2026-09-18T08:26:20.9514128Z  426 │               [cacertfile: ca_store_mod.file_path()]
release-candidate-full-proof	UNKNOWN STEP	2026-09-18T08:26:20.9514861Z      │                                         ~
release-candidate-full-proof	UNKNOWN STEP	2026-09-18T08:26:20.9515381Z      │
release-candidate-full-proof	UNKNOWN STEP	2026-09-18T08:26:20.9516384Z      └─ lib/redix/connector.ex:426:41: Redix.Connector.build_socket_opts/3
release-candidate-full-proof	UNKNOWN STEP	2026-09-18T08:26:20.9516949Z 
release-candidate-full-proof	UNKNOWN STEP	2026-09-18T08:27:09.1653040Z     warning: found quoted keyword "bandit" but the quotes are not required. Note that keywords are always atoms, even when quoted. Similar to atoms, keywords made exclusively of ASCII letters, numbers, and underscores and not beginning with a number do not require quotes
release-candidate-full-proof	UNKNOWN STEP	2026-09-18T08:27:09.1656165Z     │
release-candidate-full-proof	UNKNOWN STEP	2026-09-18T08:27:09.1660977Z   2 │   "bandit": {:hex, :bandit, "1.12.5", "af205a8e550f304caae09a97d29fd3c79a7f337526ea7cd772d2ff11d2f7c800", [:mix], [{:hpax, "~> 1.0", [hex: :hpax, repo: "hexpm", optional: false]}, {:plug, "~> 1.18", [hex: :plug, repo: "hexpm", optional: false]}, {:telemetry, "~> 0.4 or ~> 1.0", [hex: :telemetry, repo: "hexpm", optional: false]}, {:thousand_island, "~> 1.5", [hex: :thousand_island, repo: "hexpm", optional: false]}, {:websock, "~> 0.5", [hex: :websock, repo: "hexpm", optional: false]}], "hexpm", "c5684ca062fa407cac115aec3256383f3e2ec9fdced7904d59cf5a7bb7ed6181"},
release-candidate-full-proof	UNKNOWN STEP	2026-09-18T08:27:09.1664381Z     │   ~
release-candidate-full-proof	UNKNOWN STEP	2026-09-18T08:27:09.1664751Z     │
release-candidate-full-proof	UNKNOWN STEP	2026-09-18T08:27:09.1665184Z     └─ mix.lock:2:3
release-candidate-full-proof	UNKNOWN STEP	2026-09-18T08:27:09.1665424Z 
release-candidate-full-proof	UNKNOWN STEP	2026-09-18T08:27:09.1667061Z     warning: found quoted keyword "cc_precompiler" but the quotes are not required. Note that keywords are always atoms, even when quoted. Similar to atoms, keywords made exclusively of ASCII letters, numbers, and underscores and not beginning with a number do not require quotes
release-candidate-full-proof	UNKNOWN STEP	2026-09-18T08:27:09.1669020Z     │
release-candidate-full-proof	UNKNOWN STEP	2026-09-18T08:27:09.1671198Z   3 │   "cc_precompiler": {:hex, :cc_precompiler, "0.1.11", "8c844d0b9fb98a3edea067f94f616b3f6b29b959b6b3bf25fee94ffe34364768", [:mix], [{:elixir_make, "~> 0.7", [hex: :elixir_make, repo: "hexpm", optional: false]}], "hexpm", "3427232caf0835f94680e5bcf082408a70b48ad68a5f5c0b02a3bea9f3a075b9"},
release-candidate-full-proof	UNKNOWN STEP	2026-09-18T08:27:09.1673208Z     │   ~
release-candidate-full-proof	UNKNOWN STEP	2026-09-18T08:27:09.1673786Z     │
release-candidate-full-proof	UNKNOWN STEP	2026-09-18T08:27:09.1674213Z     └─ mix.lock:3:3
release-candidate-full-proof	UNKNOWN STEP	2026-09-18T08:27:09.1674455Z 
release-candidate-full-proof	UNKNOWN STEP	2026-09-18T08:27:09.1676082Z     warning: found quoted keyword "db_connection" but the quotes are not required. Note that keywords are always atoms, even when quoted. Similar to atoms, keywords made exclusively of ASCII letters, numbers, and underscores and not beginning with a number do not require quotes
release-candidate-full-proof	UNKNOWN STEP	2026-09-18T08:27:09.1678021Z     │
release-candidate-full-proof	UNKNOWN STEP	2026-09-18T08:27:09.1680221Z   4 │   "db_connection": {:hex, :db_connection, "2.10.2", "ae391e803a5adff104da913c2fc1c0c14a37f8b10001dcef568796e1fb7bf95c", [:mix], [{:telemetry, "~> 0.4 or ~> 1.0", [hex: :telemetry, repo: "hexpm", optional: false]}], "hexpm", "510b14482330f1af6490a2fa0efd8d4f1435d1529b165647df22ac0f2df0fa93"},
release-candidate-full-proof	UNKNOWN STEP	2026-09-18T08:27:09.1682807Z     │   ~
release-candidate-full-proof	UNKNOWN STEP	2026-09-18T08:27:09.1683161Z     │
release-candidate-full-proof	UNKNOWN STEP	2026-09-18T08:27:09.1683768Z     └─ mix.lock:4:3
release-candidate-full-proof	UNKNOWN STEP	2026-09-18T08:27:09.1684005Z 
release-candidate-full-proof	UNKNOWN STEP	2026-09-18T08:27:09.1685573Z     warning: found quoted keyword "decimal" but the quotes are not required. Note that keywords are always atoms, even when quoted. Similar to atoms, keywords made exclusively of ASCII letters, numbers, and underscores and not beginning with a number do not require quotes
release-candidate-full-proof	UNKNOWN STEP	2026-09-18T08:27:09.1687596Z     │
release-candidate-full-proof	UNKNOWN STEP	2026-09-18T08:27:09.1688879Z   5 │   "decimal": {:hex, :decimal, "3.1.1", "430d87b04011ce6cbd4fd205be758311a81f87d552d40904abd00f015935b1d0", [:mix], [], "hexpm", "c5f25f2ced74a0587d03e6023f595db8e924c9d3922c8c8ffd9edfc4498cf1f6"},
release-candidate-full-proof	UNKNOWN STEP	2026-09-18T08:27:09.1690335Z     │   ~
release-candidate-full-proof	UNKNOWN STEP	2026-09-18T08:27:09.1690671Z     │
release-candidate-full-proof	UNKNOWN STEP	2026-09-18T08:27:09.1691041Z     └─ mix.lock:5:3
release-candidate-full-proof	UNKNOWN STEP	2026-09-18T08:27:09.1691255Z 
release-candidate-full-proof	UNKNOWN STEP	2026-09-18T08:27:09.1693178Z     warning: found quoted keyword "dns_cluster" but the quotes are not required. Note that keywords are always atoms, even when quoted. Similar to atoms, keywords made exclusively of ASCII letters, numbers, and underscores and not beginning with a number do not require quotes
release-candidate-full-proof	UNKNOWN STEP	2026-09-18T08:27:09.1695282Z     │
release-candidate-full-proof	UNKNOWN STEP	2026-09-18T08:27:09.1696934Z   6 │   "dns_cluster": {:hex, :dns_cluster, "0.2.0", "aa8eb46e3bd0326bd67b84790c561733b25c5ba2fe3c7e36f28e88f384ebcb33", [:mix], [], "hexpm", "ba6f1893411c69c01b9e8e8f772062535a4cf70f3f35bcc964a324078d8c8240"},
release-candidate-full-proof	UNKNOWN STEP	2026-09-18T08:27:09.1698447Z     │   ~
release-candidate-full-proof	UNKNOWN STEP	2026-09-18T08:27:09.1698802Z     │
release-candidate-full-proof	UNKNOWN STEP	2026-09-18T08:27:09.1699205Z     └─ mix.lock:6:3
release-candidate-full-proof	UNKNOWN STEP	2026-09-18T08:27:09.1699432Z 
release-candidate-full-proof	UNKNOWN STEP	2026-09-18T08:27:09.1700927Z     warning: found quoted keyword "ecto" but the quotes are not required. Note that keywords are always atoms, even when quoted. Similar to atoms, keywords made exclusively of ASCII letters, numbers, and underscores and not beginning with a number do not require quotes
release-candidate-full-proof	UNKNOWN STEP	2026-09-18T08:27:09.1702812Z     │
release-candidate-full-proof	UNKNOWN STEP	2026-09-18T08:27:09.1705798Z   7 │   "ecto": {:hex, :ecto, "3.14.2", "99db28a864293a789c970651de711e3cae184291e0e7ea1166c54055ac41c1f3", [:mix], [{:decimal, "~> 3.0", [hex: :decimal, repo: "hexpm", optional: false]}, {:jason, "~> 1.0", [hex: :jason, repo: "hexpm", optional: true]}, {:telemetry, "~> 0.4 or ~> 1.0", [hex: :telemetry, repo: "hexpm", optional: false]}], "hexpm", "25d60b8c816a07d19d85b80bdf60978bd8b102209dda198d768cd7c6745339a6"},
release-candidate-full-proof	UNKNOWN STEP	2026-09-18T08:27:09.1708129Z     │   ~
release-candidate-full-proof	UNKNOWN STEP	2026-09-18T08:27:09.1708473Z     │
release-candidate-full-proof	UNKNOWN STEP	2026-09-18T08:27:09.1708843Z     └─ mix.lock:7:3
release-candidate-full-proof	UNKNOWN STEP	2026-09-18T08:27:09.1709061Z 
release-candidate-full-proof	UNKNOWN STEP	2026-09-18T08:27:09.1710591Z     warning: found quoted keyword "ecto_sql" but the quotes are not required. Note that keywords are always atoms, even when quoted. Similar to atoms, keywords made exclusively of ASCII letters, numbers, and underscores and not beginning with a number do not require quotes
release-candidate-full-proof	UNKNOWN STEP	2026-09-18T08:27:09.1712371Z     │
release-candidate-full-proof	UNKNOWN STEP	2026-09-18T08:27:09.1717092Z   8 │   "ecto_sql": {:hex, :ecto_sql, "3.14.0", "06446ab8410d2f85bfbb80857ee224ab3b693700cbb38f6535d507449a627b2e", [:mix], [{:db_connection, "~> 2.9", [hex: :db_connection, repo: "hexpm", optional: false]}, {:decimal, "~> 3.0", [hex: :decimal, repo: "hexpm", optional: false]}, {:ecto, "~> 3.14.0", [hex: :ecto, repo: "hexpm", optional: false]}, {:myxql, "~> 0.8", [hex: :myxql, repo: "hexpm", optional: true]}, {:postgrex, "~> 0.19 or ~> 1.0", [hex: :postgrex, repo: "hexpm", optional: true]}, {:tds, "~> 2.1.1 or ~> 2.2", [hex: :tds, repo: "hexpm", optional: true]}, {:telemetry, "~> 0.4.0 or ~> 1.0", [hex: :telemetry, repo: "hexpm", optional: false]}], "hexpm", "f4d8d36faf294c9417b5a37ec7ac8217ee2abdef5fcf197ba690f361548d3949"},
release-candidate-full-proof	UNKNOWN STEP	2026-09-18T08:27:09.1720884Z     │   ~
release-candidate-full-proof	UNKNOWN STEP	2026-09-18T08:27:09.1721237Z     │
release-candidate-full-proof	UNKNOWN STEP	2026-09-18T08:27:09.1721627Z     └─ mix.lock:8:3
release-candidate-full-proof	UNKNOWN STEP	2026-09-18T08:27:09.1721849Z 
release-candidate-full-proof	UNKNOWN STEP	2026-09-18T08:27:09.1723423Z     warning: found quoted keyword "elixir_make" but the quotes are not required. Note that keywords are always atoms, even when quoted. Similar to atoms, keywords made exclusively of ASCII letters, numbers, and underscores and not beginning with a number do not require quotes
release-candidate-full-proof	UNKNOWN STEP	2026-09-18T08:27:09.1725669Z     │
release-candidate-full-proof	UNKNOWN STEP	2026-09-18T08:27:09.1727103Z   9 │   "elixir_make": {:hex, :elixir_make, "0.10.0", "16577e2583a79bb79237bbff349619ef5d80afffc07eac6e4faf0d00e2ddaf7d", [:mix], [], "hexpm", "dc1f09fb7fa68866b886abd5f0f3c83553b1a19a52359a899e92af1bb3b31982"},
release-candidate-full-proof	UNKNOWN STEP	2026-09-18T08:27:09.1728707Z     │   ~
release-candidate-full-proof	UNKNOWN STEP	2026-09-18T08:27:09.1729036Z     │
release-candidate-full-proof	UNKNOWN STEP	2026-09-18T08:27:09.1729426Z     └─ mix.lock:9:3
release-candidate-full-proof	UNKNOWN STEP	2026-09-18T08:27:09.1729711Z 
release-candidate-full-proof	UNKNOWN STEP	2026-09-18T08:27:09.1731103Z     warning: found quoted keyword "file_system" but the quotes are not required. Note that keywords are always atoms, even when quoted. Similar to atoms, keywords made exclusively of ASCII letters, numbers, and underscores and not beginning with a number do not require quotes
release-candidate-full-proof	UNKNOWN STEP	2026-09-18T08:27:09.1732989Z     │
release-candidate-full-proof	UNKNOWN STEP	2026-09-18T08:27:09.1734411Z  10 │   "file_system": {:hex, :file_system, "1.1.1", "31864f4685b0148f25bd3fbef2b1228457c0c89024ad67f7a81a3ffbc0bbad3a", [:mix], [], "hexpm", "7a15ff97dfe526aeefb090a7a9d3d03aa907e100e262a0f8f7746b78f8f87a5d"},
release-candidate-full-proof	UNKNOWN STEP	2026-09-18T08:27:09.1736201Z     │   ~
release-candidate-full-proof	UNKNOWN STEP	2026-09-18T08:27:09.1736546Z     │
release-candidate-full-proof	UNKNOWN STEP	2026-09-18T08:27:09.1737001Z     └─ mix.lock:10:3
release-candidate-full-proof	UNKNOWN STEP	2026-09-18T08:27:09.1737267Z 
release-candidate-full-proof	UNKNOWN STEP	2026-09-18T08:27:09.1738738Z     warning: found quoted keyword "fine" but the quotes are not required. Note that keywords are always atoms, even when quoted. Similar to atoms, keywords made exclusively of ASCII letters, numbers, and underscores and not beginning with a number do not require quotes
release-candidate-full-proof	UNKNOWN STEP	2026-09-18T08:27:09.1740564Z     │
release-candidate-full-proof	UNKNOWN STEP	2026-09-18T08:27:09.1741899Z  11 │   "fine": {:hex, :fine, "0.1.6", "4bf7151493443c454aac9f2fa2f34f5fefd0346a83fb5586a016c4a135c63247", [:mix], [], "hexpm", "5638eb4495488e885ebec167fa57973e5c35e1a50c344eb7666c90ec1c4e3b12"},
release-candidate-full-proof	UNKNOWN STEP	2026-09-18T08:27:09.1743164Z     │   ~
release-candidate-full-proof	UNKNOWN STEP	2026-09-18T08:27:09.1743651Z     │
release-candidate-full-proof	UNKNOWN STEP	2026-09-18T08:27:09.1743888Z     └─ mix.lock:11:3
release-candidate-full-proof	UNKNOWN STEP	2026-09-18T08:27:09.1744030Z 
release-candidate-full-proof	UNKNOWN STEP	2026-09-18T08:27:09.1745091Z     warning: found quoted keyword "hpax" but the quotes are not required. Note that keywords are always atoms, even when quoted. Similar to atoms, keywords made exclusively of ASCII letters, numbers, and underscores and not beginning with a number do not require quotes
release-candidate-full-proof	UNKNOWN STEP	2026-09-18T08:27:09.1746183Z     │
release-candidate-full-proof	UNKNOWN STEP	2026-09-18T08:27:09.1747032Z  12 │   "hpax": {:hex, :hpax, "1.0.4", "777de5d433b0fbdc7c418159c8055910faa8047ffdb3d6b31098d2a46cd7685c", [:mix], [], "hexpm", "afc7cb142ebcc2d01ce7816190b98ce5dd49e799111b24249f3443d730f377ca"},
release-candidate-full-proof	UNKNOWN STEP	2026-09-18T08:27:09.1747815Z     │   ~
release-candidate-full-proof	UNKNOWN STEP	2026-09-18T08:27:09.1748005Z     │
release-candidate-full-proof	UNKNOWN STEP	2026-09-18T08:27:09.1748225Z     └─ mix.lock:12:3
release-candidate-full-proof	UNKNOWN STEP	2026-09-18T08:27:09.1748364Z 
release-candidate-full-proof	UNKNOWN STEP	2026-09-18T08:27:09.1749220Z     warning: found quoted keyword "jason" but the quotes are not required. Note that keywords are always atoms, even when quoted. Similar to atoms, keywords made exclusively of ASCII letters, numbers, and underscores and not beginning with a number do not require quotes
release-candidate-full-proof	UNKNOWN STEP	2026-09-18T08:27:09.1750255Z     │
release-candidate-full-proof	UNKNOWN STEP	2026-09-18T08:27:09.1751372Z  13 │   "jason": {:hex, :jason, "1.4.5", "2e3a008590b0b8d7388c20293e9dcc9cf3e5d642fd2a114e4cbbb52e595d940a", [:mix], [{:decimal, "~> 1.0 or ~> 2.0 or ~> 3.0", [hex: :decimal, repo: "hexpm", optional: true]}], "hexpm", "b0c823996102bcd0239b3c2444eb00409b72f6a140c1950bc8b457d836b30684"},
release-candidate-full-proof	UNKNOWN STEP	2026-09-18T08:27:09.1752386Z     │   ~
release-candidate-full-proof	UNKNOWN STEP	2026-09-18T08:27:09.1752571Z     │
release-candidate-full-proof	UNKNOWN STEP	2026-09-18T08:27:09.1752781Z     └─ mix.lock:13:3
release-candidate-full-proof	UNKNOWN STEP	2026-09-18T08:27:09.1752913Z 
release-candidate-full-proof	UNKNOWN STEP	2026-09-18T08:27:09.1753987Z     warning: found quoted keyword "lazy_html" but the quotes are not required. Note that keywords are always atoms, even when quoted. Similar to atoms, keywords made exclusively of ASCII letters, numbers, and underscores and not beginning with a number do not require quotes
release-candidate-full-proof	UNKNOWN STEP	2026-09-18T08:27:09.1755045Z     │
release-candidate-full-proof	UNKNOWN STEP	2026-09-18T08:27:09.1756728Z  14 │   "lazy_html": {:hex, :lazy_html, "0.1.12", "31a55ee622918fce988c94b06232227b42daa64e4eab14ac32081d0f3fd8db6f", [:make, :mix], [{:cc_precompiler, "~> 0.1", [hex: :cc_precompiler, repo: "hexpm", optional: false]}, {:elixir_make, "~> 0.9", [hex: :elixir_make, repo: "hexpm", optional: false]}, {:fine, "~> 0.1.0", [hex: :fine, repo: "hexpm", optional: false]}], "hexpm", "8a0da594776caee58782c6f93b2abaa5bdb809daf8d43351a561f7de9dc2e2a8"},
release-candidate-full-proof	UNKNOWN STEP	2026-09-18T08:27:09.1759189Z     │   ~
release-candidate-full-proof	UNKNOWN STEP	2026-09-18T08:27:09.1759516Z     │
release-candidate-full-proof	UNKNOWN STEP	2026-09-18T08:27:09.1759877Z     └─ mix.lock:14:3
release-candidate-full-proof	UNKNOWN STEP	2026-09-18T08:27:09.1760095Z 
release-candidate-full-proof	UNKNOWN STEP	2026-09-18T08:27:09.1761550Z     warning: found quoted keyword "mime" but the quotes are not required. Note that keywords are always atoms, even when quoted. Similar to atoms, keywords made exclusively of ASCII letters, numbers, and underscores and not beginning with a number do not require quotes
release-candidate-full-proof	UNKNOWN STEP	2026-09-18T08:27:09.1763191Z     │
release-candidate-full-proof	UNKNOWN STEP	2026-09-18T08:27:09.1764245Z  15 │   "mime": {:hex, :mime, "2.0.7", "b8d739037be7cd402aee1ba0306edfdef982687ee7e9859bee6198c1e7e2f128", [:mix], [], "hexpm", "6171188e399ee16023ffc5b76ce445eb6d9672e2e241d2df6050f3c771e80ccd"},
release-candidate-full-proof	UNKNOWN STEP	2026-09-18T08:27:09.1765209Z     │   ~
release-candidate-full-proof	UNKNOWN STEP	2026-09-18T08:27:09.1765416Z     │
release-candidate-full-proof	UNKNOWN STEP	2026-09-18T08:27:09.1765636Z     └─ mix.lock:15:3
release-candidate-full-proof	UNKNOWN STEP	2026-09-18T08:27:09.1765772Z 
release-candidate-full-proof	UNKNOWN STEP	2026-09-18T08:27:09.1767024Z     warning: found quoted keyword "nimble_options" but the quotes are not required. Note that keywords are always atoms, even when quoted. Similar to atoms, keywords made exclusively of ASCII letters, numbers, and underscores and not beginning with a number do not require quotes
release-candidate-full-proof	UNKNOWN STEP	2026-09-18T08:27:09.1768136Z     │
release-candidate-full-proof	UNKNOWN STEP	2026-09-18T08:27:09.1769048Z  16 │   "nimble_options": {:hex, :nimble_options, "1.1.1", "e3a492d54d85fc3fd7c5baf411d9d2852922f66e69476317787a7b2bb000a61b", [:mix], [], "hexpm", "821b2470ca9442c4b6984882fe9bb0389371b8ddec4d45a9504f00a66f650b44"},
release-candidate-full-proof	UNKNOWN STEP	2026-09-18T08:27:09.1769881Z     │   ~
release-candidate-full-proof	UNKNOWN STEP	2026-09-18T08:27:09.1770068Z     │
release-candidate-full-proof	UNKNOWN STEP	2026-09-18T08:27:09.1770280Z     └─ mix.lock:16:3
release-candidate-full-proof	UNKNOWN STEP	2026-09-18T08:27:09.1770412Z 
release-candidate-full-proof	UNKNOWN STEP	2026-09-18T08:27:09.1771269Z     warning: found quoted keyword "phoenix" but the quotes are not required. Note that keywords are always atoms, even when quoted. Similar to atoms, keywords made exclusively of ASCII letters, numbers, and underscores and not beginning with a number do not require quotes
release-candidate-full-proof	UNKNOWN STEP	2026-09-18T08:27:09.1772315Z     │
release-candidate-full-proof	UNKNOWN STEP	2026-09-18T08:27:09.1775978Z  17 │   "phoenix": {:hex, :phoenix, "1.8.14", "9279cbbcd755ac8d5f42d206915e7df13b9ab49096b98114f1c99ff908e5b42e", [:mix], [{:bandit, "~> 1.0", [hex: :bandit, repo: "hexpm", optional: true]}, {:jason, "~> 1.0", [hex: :jason, repo: "hexpm", optional: true]}, {:phoenix_pubsub, "~> 2.1", [hex: :phoenix_pubsub, repo: "hexpm", optional: false]}, {:phoenix_template, "~> 1.0", [hex: :phoenix_template, repo: "hexpm", optional: false]}, {:phoenix_view, "~> 2.0", [hex: :phoenix_view, repo: "hexpm", optional: true]}, {:plug, "~> 1.14", [hex: :plug, repo: "hexpm", optional: false]}, {:plug_cowboy, "~> 2.7", [hex: :plug_cowboy, repo: "hexpm", optional: true]}, {:plug_crypto, "~> 2.2", [hex: :plug_crypto, repo: "hexpm", optional: false]}, {:telemetry, "~> 0.4 or ~> 1.0", [hex: :telemetry, repo: "hexpm", optional: false]}, {:websock_adapter, "~> 0.5", [hex: :websock_adapter, repo: "hexpm", optional: false]}], "hexpm", "2782ff375824b2b5e41561fbae4764ee7b875af6898483bca49f24a9d1e37816"},
release-candidate-full-proof	UNKNOWN STEP	2026-09-18T08:27:09.1778992Z     │   ~
release-candidate-full-proof	UNKNOWN STEP	2026-09-18T08:27:09.1779182Z     │
release-candidate-full-proof	UNKNOWN STEP	2026-09-18T08:27:09.1779396Z     └─ mix.lock:17:3
release-candidate-full-proof	UNKNOWN STEP	2026-09-18T08:27:09.1779533Z 
release-candidate-full-proof	UNKNOWN STEP	2026-09-18T08:27:09.1781071Z     warning: found quoted keyword "phoenix_html" but the quotes are not required. Note that keywords are always atoms, even when quoted. Similar to atoms, keywords made exclusively of ASCII letters, numbers, and underscores and not beginning with a number do not require quotes
release-candidate-full-proof	UNKNOWN STEP	2026-09-18T08:27:09.1782896Z     │
release-candidate-full-proof	UNKNOWN STEP	2026-09-18T08:27:09.1784635Z  18 │   "phoenix_html": {:hex, :phoenix_html, "4.3.0", "d3577a5df4b6954cd7890c84d955c470b5310bb49647f0a114a6eeecc850f7ad", [:mix], [], "hexpm", "3eaa290a78bab0f075f791a46a981bbe769d94bc776869f4f3063a14f30497ad"},
release-candidate-full-proof	UNKNOWN STEP	2026-09-18T08:27:09.1786076Z     │   ~
release-candidate-full-proof	UNKNOWN STEP	2026-09-18T08:27:09.1786460Z     │
release-candidate-full-proof	UNKNOWN STEP	2026-09-18T08:27:09.1786812Z     └─ mix.lock:18:3
release-candidate-full-proof	UNKNOWN STEP	2026-09-18T08:27:09.1787030Z 
release-candidate-full-proof	UNKNOWN STEP	2026-09-18T08:27:09.1788593Z     warning: found quoted keyword "phoenix_live_reload" but the quotes are not required. Note that keywords are always atoms, even when quoted. Similar to atoms, keywords made exclusively of ASCII letters, numbers, and underscores and not beginning with a number do not require quotes
release-candidate-full-proof	UNKNOWN STEP	2026-09-18T08:27:09.1790749Z     │
release-candidate-full-proof	UNKNOWN STEP	2026-09-18T08:27:09.1793547Z  19 │   "phoenix_live_reload": {:hex, :phoenix_live_reload, "1.7.0", "fb1e429f6d8778ce3a6962debdc5e555428a05a6e7b058d6dbad13d281a2c31f", [:mix], [{:file_system, "~> 0.2.10 or ~> 1.0", [hex: :file_system, repo: "hexpm", optional: false]}, {:phoenix, "~> 1.4", [hex: :phoenix, repo: "hexpm", optional: false]}], "hexpm", "dc9f44271aa6fc4ab7797f2aa374ba096ef2c87520586280eb095626b7387a68"},
release-candidate-full-proof	UNKNOWN STEP	2026-09-18T08:27:09.1795859Z     │   ~
release-candidate-full-proof	UNKNOWN STEP	2026-09-18T08:27:09.1796066Z     │
release-candidate-full-proof	UNKNOWN STEP	2026-09-18T08:27:09.1796285Z     └─ mix.lock:19:3
release-candidate-full-proof	UNKNOWN STEP	2026-09-18T08:27:09.1796425Z 
release-candidate-full-proof	UNKNOWN STEP	2026-09-18T08:27:09.1797756Z     warning: found quoted keyword "phoenix_live_view" but the quotes are not required. Note that keywords are always atoms, even when quoted. Similar to atoms, keywords made exclusively of ASCII letters, numbers, and underscores and not beginning with a number do not require quotes
release-candidate-full-proof	UNKNOWN STEP	2026-09-18T08:27:09.1799733Z     │
release-candidate-full-proof	UNKNOWN STEP	2026-09-18T08:27:09.1805936Z  20 │   "phoenix_live_view": {:hex, :phoenix_live_view, "1.2.12", "35848150bbab579e9d0aff79525269d7c0801a4f61232b84f635c11222cee88f", [:mix], [{:igniter, ">= 0.6.16 and < 1.0.0-0", [hex: :igniter, repo: "hexpm", optional: true]}, {:jason, "~> 1.0", [hex: :jason, repo: "hexpm", optional: true]}, {:lazy_html, "~> 0.1.0", [hex: :lazy_html, repo: "hexpm", optional: true]}, {:phoenix, "~> 1.6.15 or ~> 1.7.0 or ~> 1.8.0", [hex: :phoenix, repo: "hexpm", optional: false]}, {:phoenix_html, "~> 3.3 or ~> 4.0", [hex: :phoenix_html, repo: "hexpm", optional: false]}, {:phoenix_template, "~> 1.0", [hex: :phoenix_template, repo: "hexpm", optional: false]}, {:phoenix_view, "~> 2.0", [hex: :phoenix_view, repo: "hexpm", optional: true]}, {:plug, "~> 1.15", [hex: :plug, repo: "hexpm", optional: false]}, {:telemetry, "~> 0.4.2 or ~> 1.0", [hex: :telemetry, repo: "hexpm", optional: false]}], "hexpm", "656810d716e3369545dd63981196a5d68b77fdb253afe02ef0c6fa14cfd8dc2b"},
release-candidate-full-proof	UNKNOWN STEP	2026-09-18T08:27:09.1811149Z     │   ~
release-candidate-full-proof	UNKNOWN STEP	2026-09-18T08:27:09.1811470Z     │
release-candidate-full-proof	UNKNOWN STEP	2026-09-18T08:27:09.1811855Z     └─ mix.lock:20:3
release-candidate-full-proof	UNKNOWN STEP	2026-09-18T08:27:09.1812077Z 
release-candidate-full-proof	UNKNOWN STEP	2026-09-18T08:27:09.1813873Z     warning: found quoted keyword "phoenix_pubsub" but the quotes are not required. Note that keywords are always atoms, even when quoted. Similar to atoms, keywords made exclusively of ASCII letters, numbers, and underscores and not beginning with a number do not require quotes
release-candidate-full-proof	UNKNOWN STEP	2026-09-18T08:27:09.1815797Z     │
release-candidate-full-proof	UNKNOWN STEP	2026-09-18T08:27:09.1817448Z  21 │   "phoenix_pubsub": {:hex, :phoenix_pubsub, "2.3.0", "03916bfbc31a5121945b3cfffe5aec647a5c97fe1dc172a319b94428562359c9", [:mix], [], "hexpm", "eec7be6e9cf02e2551d389b558402d6c637cd3973796326e7ba4bb03c6b2e91d"},
release-candidate-full-proof	UNKNOWN STEP	2026-09-18T08:27:09.1818980Z     │   ~
release-candidate-full-proof	UNKNOWN STEP	2026-09-18T08:27:09.1819299Z     │
release-candidate-full-proof	UNKNOWN STEP	2026-09-18T08:27:09.1819670Z     └─ mix.lock:21:3
release-candidate-full-proof	UNKNOWN STEP	2026-09-18T08:27:09.1819890Z 
release-candidate-full-proof	UNKNOWN STEP	2026-09-18T08:27:09.1821509Z     warning: found quoted keyword "phoenix_template" but the quotes are not required. Note that keywords are always atoms, even when quoted. Similar to atoms, keywords made exclusively of ASCII letters, numbers, and underscores and not beginning with a number do not require quotes
release-candidate-full-proof	UNKNOWN STEP	2026-09-18T08:27:09.1823574Z     │
release-candidate-full-proof	UNKNOWN STEP	2026-09-18T08:27:09.1825864Z  22 │   "phoenix_template": {:hex, :phoenix_template, "1.0.4", "e2092c132f3b5e5b2d49c96695342eb36d0ed514c5b252a77048d5969330d639", [:mix], [{:phoenix_html, "~> 2.14.2 or ~> 3.0 or ~> 4.0", [hex: :phoenix_html, repo: "hexpm", optional: true]}], "hexpm", "2c0c81f0e5c6753faf5cca2f229c9709919aba34fab866d3bc05060c9c444206"},
release-candidate-full-proof	UNKNOWN STEP	2026-09-18T08:27:09.1827916Z     │   ~
release-candidate-full-proof	UNKNOWN STEP	2026-09-18T08:27:09.1828233Z     │
release-candidate-full-proof	UNKNOWN STEP	2026-09-18T08:27:09.1828604Z     └─ mix.lock:22:3
release-candidate-full-proof	UNKNOWN STEP	2026-09-18T08:27:09.1828826Z 
release-candidate-full-proof	UNKNOWN STEP	2026-09-18T08:27:09.1830361Z     warning: found quoted keyword "plug" but the quotes are not required. Note that keywords are always atoms, even when quoted. Similar to atoms, keywords made exclusively of ASCII letters, numbers, and underscores and not beginning with a number do not require quotes
release-candidate-full-proof	UNKNOWN STEP	2026-09-18T08:27:09.1832388Z     │
release-candidate-full-proof	UNKNOWN STEP	2026-09-18T08:27:09.1835625Z  23 │   "plug": {:hex, :plug, "1.20.3", "56c480c633ec2ce10140e236e15233bf576e1d323887d7c96711bd02ab5160db", [:mix], [{:mime, "~> 1.0 or ~> 2.0", [hex: :mime, repo: "hexpm", optional: false]}, {:plug_crypto, "~> 1.1.1 or ~> 1.2 or ~> 2.0", [hex: :plug_crypto, repo: "hexpm", optional: false]}, {:telemetry, "~> 0.4.3 or ~> 1.0", [hex: :telemetry, repo: "hexpm", optional: false]}], "hexpm", "be266aee1b8536ef6409d58cf39a3121319f0ec47cfa1b24024485aa0e76ad76"},
release-candidate-full-proof	UNKNOWN STEP	2026-09-18T08:27:09.1838866Z     │   ~
release-candidate-full-proof	UNKNOWN STEP	2026-09-18T08:27:09.1839071Z     │
release-candidate-full-proof	UNKNOWN STEP	2026-09-18T08:27:09.1839297Z     └─ mix.lock:23:3
release-candidate-full-proof	UNKNOWN STEP	2026-09-18T08:27:09.1839434Z 
release-candidate-full-proof	UNKNOWN STEP	2026-09-18T08:27:09.1840518Z     warning: found quoted keyword "plug_crypto" but the quotes are not required. Note that keywords are always atoms, even when quoted. Similar to atoms, keywords made exclusively of ASCII letters, numbers, and underscores and not beginning with a number do not require quotes
release-candidate-full-proof	UNKNOWN STEP	2026-09-18T08:27:09.1841597Z     │
release-candidate-full-proof	UNKNOWN STEP	2026-09-18T08:27:09.1842490Z  24 │   "plug_crypto": {:hex, :plug_crypto, "2.2.0", "144014737daaf485407f5ed77daeaad74d651b216a28c87543f8cc7043f8efc8", [:mix], [], "hexpm", "83a95744ab1c75876542b6fab135fcc176280e0f301a111c1f757fddcec95d2c"},
release-candidate-full-proof	UNKNOWN STEP	2026-09-18T08:27:09.1843662Z     │   ~
release-candidate-full-proof	UNKNOWN STEP	2026-09-18T08:27:09.1843963Z     │
release-candidate-full-proof	UNKNOWN STEP	2026-09-18T08:27:09.1844195Z     └─ mix.lock:24:3
release-candidate-full-proof	UNKNOWN STEP	2026-09-18T08:27:09.1844328Z 
release-candidate-full-proof	UNKNOWN STEP	2026-09-18T08:27:09.1845212Z     warning: found quoted keyword "postgrex" but the quotes are not required. Note that keywords are always atoms, even when quoted. Similar to atoms, keywords made exclusively of ASCII letters, numbers, and underscores and not beginning with a number do not require quotes
release-candidate-full-proof	UNKNOWN STEP	2026-09-18T08:27:09.1846267Z     │
release-candidate-full-proof	UNKNOWN STEP	2026-09-18T08:27:09.1848157Z  25 │   "postgrex": {:hex, :postgrex, "0.22.4", "d271f595dfd25230b6398354e19d17bb5e2d20130fd2d9bdca7e15f125d43552", [:mix], [{:db_connection, "~> 2.9", [hex: :db_connection, repo: "hexpm", optional: false]}, {:decimal, "~> 1.5 or ~> 2.0 or ~> 3.0", [hex: :decimal, repo: "hexpm", optional: false]}, {:jason, "~> 1.0", [hex: :jason, repo: "hexpm", optional: true]}, {:table, "~> 0.1.0", [hex: :table, repo: "hexpm", optional: true]}], "hexpm", "4aae45a2d60e35b04eea2602440be152fae332901f1fc7a60fc7cb7f0f9a9c5a"},
release-candidate-full-proof	UNKNOWN STEP	2026-09-18T08:27:09.1849901Z     │   ~
release-candidate-full-proof	UNKNOWN STEP	2026-09-18T08:27:09.1850092Z     │
release-candidate-full-proof	UNKNOWN STEP	2026-09-18T08:27:09.1850313Z     └─ mix.lock:25:3
release-candidate-full-proof	UNKNOWN STEP	2026-09-18T08:27:09.1850442Z 
release-candidate-full-proof	UNKNOWN STEP	2026-09-18T08:27:09.1851311Z     warning: found quoted keyword "redix" but the quotes are not required. Note that keywords are always atoms, even when quoted. Similar to atoms, keywords made exclusively of ASCII letters, numbers, and underscores and not beginning with a number do not require quotes
release-candidate-full-proof	UNKNOWN STEP	2026-09-18T08:27:09.1852333Z     │
release-candidate-full-proof	UNKNOWN STEP	2026-09-18T08:27:09.1854340Z  26 │   "redix": {:hex, :redix, "1.9.2", "a75b2b5f1facc06c79c6d2c5cf5bfcb5a49f84f46ede80aaa97b01c28c6cc8a6", [:mix], [{:castore, "~> 0.1.0 or ~> 1.0", [hex: :castore, repo: "hexpm", optional: true]}, {:nimble_options, "~> 0.5.0 or ~> 1.0", [hex: :nimble_options, repo: "hexpm", optional: false]}, {:telemetry, "~> 0.4.0 or ~> 1.0", [hex: :telemetry, repo: "hexpm", optional: false]}], "hexpm", "02b0b644de27d9f25d3664e6bb7c11ee150255930f08a362655dd8aba9b0a6a1"},
release-candidate-full-proof	UNKNOWN STEP	2026-09-18T08:27:09.1855884Z     │   ~
release-candidate-full-proof	UNKNOWN STEP	2026-09-18T08:27:09.1856081Z     │
release-candidate-full-proof	UNKNOWN STEP	2026-09-18T08:27:09.1856296Z     └─ mix.lock:26:3
release-candidate-full-proof	UNKNOWN STEP	2026-09-18T08:27:09.1856426Z 
release-candidate-full-proof	UNKNOWN STEP	2026-09-18T08:27:09.1857312Z     warning: found quoted keyword "rulestead" but the quotes are not required. Note that keywords are always atoms, even when quoted. Similar to atoms, keywords made exclusively of ASCII letters, numbers, and underscores and not beginning with a number do not require quotes
release-candidate-full-proof	UNKNOWN STEP	2026-09-18T08:27:09.1858358Z     │
release-candidate-full-proof	UNKNOWN STEP	2026-09-18T08:27:09.1861278Z  27 │   "rulestead": {:hex, :rulestead, "0.1.7", "c666a64703c38d5ded3118bfb3fc76ce75f29e4acd0e28868a252290159f844d", [:mix], [{:ecto_sql, "~> 3.14", [hex: :ecto_sql, repo: "hexpm", optional: false]}, {:jason, "~> 1.4", [hex: :jason, repo: "hexpm", optional: false]}, {:nimble_options, "~> 1.1", [hex: :nimble_options, repo: "hexpm", optional: false]}, {:phoenix_pubsub, "~> 2.1", [hex: :phoenix_pubsub, repo: "hexpm", optional: false]}, {:plug, "~> 1.16", [hex: :plug, repo: "hexpm", optional: false]}, {:postgrex, ">= 0.0.0", [hex: :postgrex, repo: "hexpm", optional: false]}, {:redix, "~> 1.5", [hex: :redix, repo: "hexpm", optional: false]}, {:telemetry, "~> 1.2", [hex: :telemetry, repo: "hexpm", optional: false]}], "hexpm", "5f8bf1e853f8b469a412cdcc279406a325566a58712784cb7dc32fdf34e85438"},
release-candidate-full-proof	UNKNOWN STEP	2026-09-18T08:27:09.1864241Z     │   ~
release-candidate-full-proof	UNKNOWN STEP	2026-09-18T08:27:09.1864437Z     │
release-candidate-full-proof	UNKNOWN STEP	2026-09-18T08:27:09.1864652Z     └─ mix.lock:27:3
release-candidate-full-proof	UNKNOWN STEP	2026-09-18T08:27:09.1864785Z 
release-candidate-full-proof	UNKNOWN STEP	2026-09-18T08:27:09.1865883Z     warning: found quoted keyword "telemetry" but the quotes are not required. Note that keywords are always atoms, even when quoted. Similar to atoms, keywords made exclusively of ASCII letters, numbers, and underscores and not beginning with a number do not require quotes
release-candidate-full-proof	UNKNOWN STEP	2026-09-18T08:27:09.1866948Z     │
release-candidate-full-proof	UNKNOWN STEP	2026-09-18T08:27:09.1867824Z  28 │   "telemetry": {:hex, :telemetry, "1.4.2", "a0cb522801dffb1c49fe6e30561badffc7b6d0e180db1300df759faa22062855", [:rebar3], [], "hexpm", "928f6495066506077862c0d1646609eed891a4326bee3126ba54b60af61febb1"},
release-candidate-full-proof	UNKNOWN STEP	2026-09-18T08:27:09.1868643Z     │   ~
release-candidate-full-proof	UNKNOWN STEP	2026-09-18T08:27:09.1868831Z     │
release-candidate-full-proof	UNKNOWN STEP	2026-09-18T08:27:09.1869043Z     └─ mix.lock:28:3
release-candidate-full-proof	UNKNOWN STEP	2026-09-18T08:27:09.1869177Z 
release-candidate-full-proof	UNKNOWN STEP	2026-09-18T08:27:09.1870119Z     warning: found quoted keyword "telemetry_metrics" but the quotes are not required. Note that keywords are always atoms, even when quoted. Similar to atoms, keywords made exclusively of ASCII letters, numbers, and underscores and not beginning with a number do not require quotes
release-candidate-full-proof	UNKNOWN STEP	2026-09-18T08:27:09.1871200Z     │
release-candidate-full-proof	UNKNOWN STEP	2026-09-18T08:27:09.1872424Z  29 │   "telemetry_metrics": {:hex, :telemetry_metrics, "1.2.0", "7632c19c01d88d8aaca5da1a0e8912f5af39b79e7c08a2c253aeb3c14c2c957e", [:mix], [{:telemetry, "~> 0.4 or ~> 1.0", [hex: :telemetry, repo: "hexpm", optional: false]}], "hexpm", "71dde12fc29b58b9c77ec17ec319109e5ca848d010fc1965ed4463bba1837c07"},
release-candidate-full-proof	UNKNOWN STEP	2026-09-18T08:27:09.1874545Z     │   ~
release-candidate-full-proof	UNKNOWN STEP	2026-09-18T08:27:09.1874838Z     │
release-candidate-full-proof	UNKNOWN STEP	2026-09-18T08:27:09.1875071Z     └─ mix.lock:29:3
release-candidate-full-proof	UNKNOWN STEP	2026-09-18T08:27:09.1875213Z 
release-candidate-full-proof	UNKNOWN STEP	2026-09-18T08:27:09.1876123Z     warning: found quoted keyword "telemetry_poller" but the quotes are not required. Note that keywords are always atoms, even when quoted. Similar to atoms, keywords made exclusively of ASCII letters, numbers, and underscores and not beginning with a number do not require quotes
release-candidate-full-proof	UNKNOWN STEP	2026-09-18T08:27:09.1877198Z     │
release-candidate-full-proof	UNKNOWN STEP	2026-09-18T08:27:09.1878398Z  30 │   "telemetry_poller": {:hex, :telemetry_poller, "1.3.0", "d5c46420126b5ac2d72bc6580fb4f537d35e851cc0f8dbd571acf6d6e10f5ec7", [:rebar3], [{:telemetry, "~> 1.0", [hex: :telemetry, repo: "hexpm", optional: false]}], "hexpm", "51f18bed7128544a50f75897db9974436ea9bfba560420b646af27a9a9b35211"},
release-candidate-full-proof	UNKNOWN STEP	2026-09-18T08:27:09.1879477Z     │   ~
release-candidate-full-proof	UNKNOWN STEP	2026-09-18T08:27:09.1879665Z     │
release-candidate-full-proof	UNKNOWN STEP	2026-09-18T08:27:09.1879898Z     └─ mix.lock:30:3
release-candidate-full-proof	UNKNOWN STEP	2026-09-18T08:27:09.1880030Z 
release-candidate-full-proof	UNKNOWN STEP	2026-09-18T08:27:09.1880919Z     warning: found quoted keyword "thousand_island" but the quotes are not required. Note that keywords are always atoms, even when quoted. Similar to atoms, keywords made exclusively of ASCII letters, numbers, and underscores and not beginning with a number do not require quotes
release-candidate-full-proof	UNKNOWN STEP	2026-09-18T08:27:09.1881966Z     │
release-candidate-full-proof	UNKNOWN STEP	2026-09-18T08:27:09.1899632Z  31 │   "thousand_island": {:hex, :thousand_island, "1.5.0", "f50a213cac97262b6d5ebb85745aa2c00fec1413191e6e66834788d45425cecb", [:mix], [{:telemetry, "~> 0.4 or ~> 1.0", [hex: :telemetry, repo: "hexpm", optional: false]}], "hexpm", "708923d40523e43cf99041ab37a0d4b0ec426ac6438fa3716ab23d919eaeb412"},
release-candidate-full-proof	UNKNOWN STEP	2026-09-18T08:27:09.1901419Z     │   ~
release-candidate-full-proof	UNKNOWN STEP	2026-09-18T08:27:09.1901785Z     │
release-candidate-full-proof	UNKNOWN STEP	2026-09-18T08:27:09.1902161Z     └─ mix.lock:31:3
release-candidate-full-proof	UNKNOWN STEP	2026-09-18T08:27:09.1902385Z 
release-candidate-full-proof	UNKNOWN STEP	2026-09-18T08:27:09.1904081Z     warning: found quoted keyword "websock" but the quotes are not required. Note that keywords are always atoms, even when quoted. Similar to atoms, keywords made exclusively of ASCII letters, numbers, and underscores and not beginning with a number do not require quotes
release-candidate-full-proof	UNKNOWN STEP	2026-09-18T08:27:09.1905479Z     │
release-candidate-full-proof	UNKNOWN STEP	2026-09-18T08:27:09.1906384Z  32 │   "websock": {:hex, :websock, "0.5.3", "2f69a6ebe810328555b6fe5c831a851f485e303a7c8ce6c5f675abeb20ebdadc", [:mix], [], "hexpm", "6105453d7fac22c712ad66fab1d45abdf049868f253cf719b625151460b8b453"},
release-candidate-full-proof	UNKNOWN STEP	2026-09-18T08:27:09.1907192Z     │   ~
release-candidate-full-proof	UNKNOWN STEP	2026-09-18T08:27:09.1907391Z     │
release-candidate-full-proof	UNKNOWN STEP	2026-09-18T08:27:09.1907616Z     └─ mix.lock:32:3
release-candidate-full-proof	UNKNOWN STEP	2026-09-18T08:27:09.1907757Z 
release-candidate-full-proof	UNKNOWN STEP	2026-09-18T08:27:09.1909374Z     warning: found quoted keyword "websock_adapter" but the quotes are not required. Note that keywords are always atoms, even when quoted. Similar to atoms, keywords made exclusively of ASCII letters, numbers, and underscores and not beginning with a number do not require quotes
release-candidate-full-proof	UNKNOWN STEP	2026-09-18T08:27:09.1911248Z     │
release-candidate-full-proof	UNKNOWN STEP	2026-09-18T08:27:09.1913818Z  33 │   "websock_adapter": {:hex, :websock_adapter, "0.6.0", "73db5ab8aaefd1a876a97ce3e6afc96562625de69ef17a4e04426e034849d0b8", [:mix], [{:bandit, ">= 0.6.0", [hex: :bandit, repo: "hexpm", optional: true]}, {:plug, "~> 1.14", [hex: :plug, repo: "hexpm", optional: false]}, {:plug_cowboy, "~> 2.6", [hex: :plug_cowboy, repo: "hexpm", optional: true]}, {:websock, "~> 0.5", [hex: :websock, repo: "hexpm", optional: false]}], "hexpm", "50021a85bce8f203b086705d9e0c5415e2c7eb05d319111b0428fe71f9934617"},
release-candidate-full-proof	UNKNOWN STEP	2026-09-18T08:27:09.1915570Z     │   ~
release-candidate-full-proof	UNKNOWN STEP	2026-09-18T08:27:09.1915774Z     │
release-candidate-full-proof	UNKNOWN STEP	2026-09-18T08:27:09.1916004Z     └─ mix.lock:33:3
release-candidate-full-proof	UNKNOWN STEP	2026-09-18T08:27:09.1916151Z 
release-candidate-full-proof	UNKNOWN STEP	2026-09-18T08:27:09.1994685Z [crosswake] source_mode=candidate-local profile=rindle install=1 step=generate
release-candidate-full-proof	UNKNOWN STEP	2026-09-18T08:27:09.7004915Z hint: Using 'master' as the name for the initial branch. This default branch name
release-candidate-full-proof	UNKNOWN STEP	2026-09-18T08:27:09.7005965Z hint: will change to "main" in Git 3.0. To configure the initial branch name
release-candidate-full-proof	UNKNOWN STEP	2026-09-18T08:27:09.7006950Z hint: to use in all of your new repositories, which will suppress this warning,
release-candidate-full-proof	UNKNOWN STEP	2026-09-18T08:27:09.7007670Z hint: call:
release-candidate-full-proof	UNKNOWN STEP	2026-09-18T08:27:09.7007982Z hint:
release-candidate-full-proof	UNKNOWN STEP	2026-09-18T08:27:09.7008443Z hint: 	git config --global init.defaultBranch <name>
release-candidate-full-proof	UNKNOWN STEP	2026-09-18T08:27:09.7008963Z hint:
release-candidate-full-proof	UNKNOWN STEP	2026-09-18T08:27:09.7009527Z hint: Names commonly chosen instead of 'master' are 'main', 'trunk' and
release-candidate-full-proof	UNKNOWN STEP	2026-09-18T08:27:09.7010457Z hint: 'development'. The just-created branch can be renamed via this command:
release-candidate-full-proof	UNKNOWN STEP	2026-09-18T08:27:09.7011142Z hint:
release-candidate-full-proof	UNKNOWN STEP	2026-09-18T08:27:09.7011506Z hint: 	git branch -m <name>
release-candidate-full-proof	UNKNOWN STEP	2026-09-18T08:27:09.7011893Z hint:
release-candidate-full-proof	UNKNOWN STEP	2026-09-18T08:27:09.7012479Z hint: Disable this message with "git config set advice.defaultBranchName false"
release-candidate-full-proof	UNKNOWN STEP	2026-09-18T08:27:52.9064784Z      warning: a struct for SweetXpath is expected on struct update:
release-candidate-full-proof	UNKNOWN STEP	2026-09-18T08:27:52.9065567Z 
release-candidate-full-proof	UNKNOWN STEP	2026-09-18T08:27:52.9066716Z          %SweetXpath{xpath | namespaces: [{to_charlist(prefix), to_charlist(uri)} | xpath.namespaces]}
release-candidate-full-proof	UNKNOWN STEP	2026-09-18T08:27:52.9067806Z 
release-candidate-full-proof	UNKNOWN STEP	2026-09-18T08:27:52.9068296Z      but got type:
release-candidate-full-proof	UNKNOWN STEP	2026-09-18T08:27:52.9068876Z 
release-candidate-full-proof	UNKNOWN STEP	2026-09-18T08:27:52.9069460Z          dynamic()
release-candidate-full-proof	UNKNOWN STEP	2026-09-18T08:27:52.9070012Z 
release-candidate-full-proof	UNKNOWN STEP	2026-09-18T08:27:52.9070521Z      where "xpath" was given the type:
release-candidate-full-proof	UNKNOWN STEP	2026-09-18T08:27:52.9071157Z 
release-candidate-full-proof	UNKNOWN STEP	2026-09-18T08:27:52.9071646Z          # type: dynamic()
release-candidate-full-proof	UNKNOWN STEP	2026-09-18T08:27:52.9072392Z          # from: lib/sweet_xml.ex:245:21
release-candidate-full-proof	UNKNOWN STEP	2026-09-18T08:27:52.9073210Z          xpath
release-candidate-full-proof	UNKNOWN STEP	2026-09-18T08:27:52.9073958Z 
release-candidate-full-proof	UNKNOWN STEP	2026-09-18T08:27:52.9074776Z      when defining the variable "xpath", you must also pattern match on "%SweetXpath{}".
release-candidate-full-proof	UNKNOWN STEP	2026-09-18T08:27:52.9075713Z 
release-candidate-full-proof	UNKNOWN STEP	2026-09-18T08:27:52.9076910Z      hint: given pattern matching is enough to catch typing errors, you may optionally convert the struct update into a map update. For example, instead of:
release-candidate-full-proof	UNKNOWN STEP	2026-09-18T08:27:52.9078243Z 
release-candidate-full-proof	UNKNOWN STEP	2026-09-18T08:27:52.9078753Z          user = some_function()
release-candidate-full-proof	UNKNOWN STEP	2026-09-18T08:27:52.9079519Z          %User{user | name: "John Doe"}
release-candidate-full-proof	UNKNOWN STEP	2026-09-18T08:27:52.9080195Z 
release-candidate-full-proof	UNKNOWN STEP	2026-09-18T08:27:52.9080656Z      it is enough to write:
release-candidate-full-proof	UNKNOWN STEP	2026-09-18T08:27:52.9081144Z 
release-candidate-full-proof	UNKNOWN STEP	2026-09-18T08:27:52.9081559Z          %User{} = user = some_function()
release-candidate-full-proof	UNKNOWN STEP	2026-09-18T08:27:52.9082716Z          %{user | name: "John Doe"}
release-candidate-full-proof	UNKNOWN STEP	2026-09-18T08:27:52.9083228Z 
release-candidate-full-proof	UNKNOWN STEP	2026-09-18T08:27:52.9083819Z      typing violation found at:
release-candidate-full-proof	UNKNOWN STEP	2026-09-18T08:27:52.9084645Z      │
release-candidate-full-proof	UNKNOWN STEP	2026-09-18T08:27:52.9085572Z  246 │     %SweetXpath{xpath | namespaces: [{to_charlist(prefix), to_charlist(uri)}
release-candidate-full-proof	UNKNOWN STEP	2026-09-18T08:27:52.9086554Z      │     ~
release-candidate-full-proof	UNKNOWN STEP	2026-09-18T08:27:52.9087113Z      │
release-candidate-full-proof	UNKNOWN STEP	2026-09-18T08:27:52.9087840Z      └─ lib/sweet_xml.ex:246:5: SweetXml.add_namespace/3
release-candidate-full-proof	UNKNOWN STEP	2026-09-18T08:27:52.9088461Z 
release-candidate-full-proof	UNKNOWN STEP	2026-09-18T08:28:12.5266510Z     warning: comparison between distinct types found:
release-candidate-full-proof	UNKNOWN STEP	2026-09-18T08:28:12.5267033Z 
release-candidate-full-proof	UNKNOWN STEP	2026-09-18T08:28:12.5267232Z         left != right
release-candidate-full-proof	UNKNOWN STEP	2026-09-18T08:28:12.5267492Z 
release-candidate-full-proof	UNKNOWN STEP	2026-09-18T08:28:12.5267660Z     given types:
release-candidate-full-proof	UNKNOWN STEP	2026-09-18T08:28:12.5267902Z 
release-candidate-full-proof	UNKNOWN STEP	2026-09-18T08:28:12.5268665Z         dynamic(non_empty_list(:available or :queued or :rejected or :scanning or :uploaded)) !=
release-candidate-full-proof	UNKNOWN STEP	2026-09-18T08:28:12.5269497Z           empty_list()
release-candidate-full-proof	UNKNOWN STEP	2026-09-18T08:28:12.5269757Z 
release-candidate-full-proof	UNKNOWN STEP	2026-09-18T08:28:12.5270851Z     where "left" (context ExUnit.Assertions) was given the type:
release-candidate-full-proof	UNKNOWN STEP	2026-09-18T08:28:12.5271333Z 
release-candidate-full-proof	UNKNOWN STEP	2026-09-18T08:28:12.5271816Z         # type: dynamic(non_empty_list(:available or :queued or :rejected or :scanning or :uploaded))
release-candidate-full-proof	UNKNOWN STEP	2026-09-18T08:28:12.5272686Z         # from: test/crosswake_cleanroom_smoke_test.exs:22
release-candidate-full-proof	UNKNOWN STEP	2026-09-18T08:28:12.5275457Z         left = Crosswake.Companions.Rindle.Contracts.media_state_vocabulary()
release-candidate-full-proof	UNKNOWN STEP	2026-09-18T08:28:12.5276000Z 
release-candidate-full-proof	UNKNOWN STEP	2026-09-18T08:28:12.5276294Z     where "right" (context ExUnit.Assertions) was given the type:
release-candidate-full-proof	UNKNOWN STEP	2026-09-18T08:28:12.5276726Z 
release-candidate-full-proof	UNKNOWN STEP	2026-09-18T08:28:12.5276883Z         # type: empty_list()
release-candidate-full-proof	UNKNOWN STEP	2026-09-18T08:28:12.5277342Z         # from: test/crosswake_cleanroom_smoke_test.exs:22
release-candidate-full-proof	UNKNOWN STEP	2026-09-18T08:28:12.5277845Z         right = []
release-candidate-full-proof	UNKNOWN STEP	2026-09-18T08:28:12.5278041Z 
release-candidate-full-proof	UNKNOWN STEP	2026-09-18T08:28:12.5278798Z     While Elixir can compare across all types, you are comparing across types which are always disjoint, and the result is either always true or always false
release-candidate-full-proof	UNKNOWN STEP	2026-09-18T08:28:12.5279673Z 
release-candidate-full-proof	UNKNOWN STEP	2026-09-18T08:28:12.5279849Z     typing violation found at:
release-candidate-full-proof	UNKNOWN STEP	2026-09-18T08:28:12.5280398Z     │
release-candidate-full-proof	UNKNOWN STEP	2026-09-18T08:28:12.5281061Z  22 │     assert Crosswake.Companions.Rindle.Contracts.media_state_vocabulary() != []
release-candidate-full-proof	UNKNOWN STEP	2026-09-18T08:28:12.5281880Z     │                                                                           ~
release-candidate-full-proof	UNKNOWN STEP	2026-09-18T08:28:12.5282361Z     │
release-candidate-full-proof	UNKNOWN STEP	2026-09-18T08:28:12.5283771Z     └─ test/crosswake_cleanroom_smoke_test.exs:22:75: CleanRoomHost.CrosswakeSmokeTest."test Rindle engine, dependency, and contracts behavior are non-vacuous"/1
release-candidate-full-proof	UNKNOWN STEP	2026-09-18T08:28:12.5284714Z 
release-candidate-full-proof	UNKNOWN STEP	2026-09-18T08:28:21.1787245Z     warning: found quoted keyword "bandit" but the quotes are not required. Note that keywords are always atoms, even when quoted. Similar to atoms, keywords made exclusively of ASCII letters, numbers, and underscores and not beginning with a number do not require quotes
release-candidate-full-proof	UNKNOWN STEP	2026-09-18T08:28:21.1790307Z     │
release-candidate-full-proof	UNKNOWN STEP	2026-09-18T08:28:21.1794861Z   2 │   "bandit": {:hex, :bandit, "1.12.5", "af205a8e550f304caae09a97d29fd3c79a7f337526ea7cd772d2ff11d2f7c800", [:mix], [{:hpax, "~> 1.0", [hex: :hpax, repo: "hexpm", optional: false]}, {:plug, "~> 1.18", [hex: :plug, repo: "hexpm", optional: false]}, {:telemetry, "~> 0.4 or ~> 1.0", [hex: :telemetry, repo: "hexpm", optional: false]}, {:thousand_island, "~> 1.5", [hex: :thousand_island, repo: "hexpm", optional: false]}, {:websock, "~> 0.5", [hex: :websock, repo: "hexpm", optional: false]}], "hexpm", "c5684ca062fa407cac115aec3256383f3e2ec9fdced7904d59cf5a7bb7ed6181"},
release-candidate-full-proof	UNKNOWN STEP	2026-09-18T08:28:21.1798983Z     │   ~
release-candidate-full-proof	UNKNOWN STEP	2026-09-18T08:28:21.1799611Z     │
release-candidate-full-proof	UNKNOWN STEP	2026-09-18T08:28:21.1800070Z     └─ mix.lock:2:3
release-candidate-full-proof	UNKNOWN STEP	2026-09-18T08:28:21.1800307Z 
release-candidate-full-proof	UNKNOWN STEP	2026-09-18T08:28:21.1802007Z     warning: found quoted keyword "cc_precompiler" but the quotes are not required. Note that keywords are always atoms, even when quoted. Similar to atoms, keywords made exclusively of ASCII letters, numbers, and underscores and not beginning with a number do not require quotes
release-candidate-full-proof	UNKNOWN STEP	2026-09-18T08:28:21.1804323Z     │
release-candidate-full-proof	UNKNOWN STEP	2026-09-18T08:28:21.1806528Z   3 │   "cc_precompiler": {:hex, :cc_precompiler, "0.1.11", "8c844d0b9fb98a3edea067f94f616b3f6b29b959b6b3bf25fee94ffe34364768", [:mix], [{:elixir_make, "~> 0.7", [hex: :elixir_make, repo: "hexpm", optional: false]}], "hexpm", "3427232caf0835f94680e5bcf082408a70b48ad68a5f5c0b02a3bea9f3a075b9"},
release-candidate-full-proof	UNKNOWN STEP	2026-09-18T08:28:21.1808958Z     │   ~
release-candidate-full-proof	UNKNOWN STEP	2026-09-18T08:28:21.1809312Z     │
release-candidate-full-proof	UNKNOWN STEP	2026-09-18T08:28:21.1809693Z     └─ mix.lock:3:3
release-candidate-full-proof	UNKNOWN STEP	2026-09-18T08:28:21.1809923Z 
release-candidate-full-proof	UNKNOWN STEP	2026-09-18T08:28:21.1811469Z     warning: found quoted keyword "color" but the quotes are not required. Note that keywords are always atoms, even when quoted. Similar to atoms, keywords made exclusively of ASCII letters, numbers, and underscores and not beginning with a number do not require quotes
release-candidate-full-proof	UNKNOWN STEP	2026-09-18T08:28:21.1813279Z     │
release-candidate-full-proof	UNKNOWN STEP	2026-09-18T08:28:21.1816125Z   4 │   "color": {:hex, :color, "0.13.0", "068110e5397ac5d3c9f97658282e0f4ab9a32468be6d7a2a91a8804e67b228d7", [:mix], [{:bandit, "~> 1.5", [hex: :bandit, repo: "hexpm", optional: true]}, {:plug, "~> 1.15", [hex: :plug, repo: "hexpm", optional: true]}], "hexpm", "de127946869931d418bac2d82dc29feae1a8f5f729f135922fbccf0059a58ab2"},
release-candidate-full-proof	UNKNOWN STEP	2026-09-18T08:28:21.1818258Z     │   ~
release-candidate-full-proof	UNKNOWN STEP	2026-09-18T08:28:21.1818599Z     │
release-candidate-full-proof	UNKNOWN STEP	2026-09-18T08:28:21.1818971Z     └─ mix.lock:4:3
release-candidate-full-proof	UNKNOWN STEP	2026-09-18T08:28:21.1819201Z 
release-candidate-full-proof	UNKNOWN STEP	2026-09-18T08:28:21.1820800Z     warning: found quoted keyword "db_connection" but the quotes are not required. Note that keywords are always atoms, even when quoted. Similar to atoms, keywords made exclusively of ASCII letters, numbers, and underscores and not beginning with a number do not require quotes
release-candidate-full-proof	UNKNOWN STEP	2026-09-18T08:28:21.1822726Z     │
release-candidate-full-proof	UNKNOWN STEP	2026-09-18T08:28:21.1825170Z   5 │   "db_connection": {:hex, :db_connection, "2.10.2", "ae391e803a5adff104da913c2fc1c0c14a37f8b10001dcef568796e1fb7bf95c", [:mix], [{:telemetry, "~> 0.4 or ~> 1.0", [hex: :telemetry, repo: "hexpm", optional: false]}], "hexpm", "510b14482330f1af6490a2fa0efd8d4f1435d1529b165647df22ac0f2df0fa93"},
release-candidate-full-proof	UNKNOWN STEP	2026-09-18T08:28:21.1827168Z     │   ~
release-candidate-full-proof	UNKNOWN STEP	2026-09-18T08:28:21.1827507Z     │
release-candidate-full-proof	UNKNOWN STEP	2026-09-18T08:28:21.1827912Z     └─ mix.lock:5:3
release-candidate-full-proof	UNKNOWN STEP	2026-09-18T08:28:21.1828138Z 
release-candidate-full-proof	UNKNOWN STEP	2026-09-18T08:28:21.1829472Z     warning: found quoted keyword "decimal" but the quotes are not required. Note that keywords are always atoms, even when quoted. Similar to atoms, keywords made exclusively of ASCII letters, numbers, and underscores and not beginning with a number do not require quotes
release-candidate-full-proof	UNKNOWN STEP	2026-09-18T08:28:21.1831399Z     │
release-candidate-full-proof	UNKNOWN STEP	2026-09-18T08:28:21.1832974Z   6 │   "decimal": {:hex, :decimal, "3.1.1", "430d87b04011ce6cbd4fd205be758311a81f87d552d40904abd00f015935b1d0", [:mix], [], "hexpm", "c5f25f2ced74a0587d03e6023f595db8e924c9d3922c8c8ffd9edfc4498cf1f6"},
release-candidate-full-proof	UNKNOWN STEP	2026-09-18T08:28:21.1834691Z     │   ~
release-candidate-full-proof	UNKNOWN STEP	2026-09-18T08:28:21.1835025Z     │
release-candidate-full-proof	UNKNOWN STEP	2026-09-18T08:28:21.1835407Z     └─ mix.lock:6:3
release-candidate-full-proof	UNKNOWN STEP	2026-09-18T08:28:21.1835630Z 
release-candidate-full-proof	UNKNOWN STEP	2026-09-18T08:28:21.1837251Z     warning: found quoted keyword "dns_cluster" but the quotes are not required. Note that keywords are always atoms, even when quoted. Similar to atoms, keywords made exclusively of ASCII letters, numbers, and underscores and not beginning with a number do not require quotes
release-candidate-full-proof	UNKNOWN STEP	2026-09-18T08:28:21.1838692Z     │
release-candidate-full-proof	UNKNOWN STEP	2026-09-18T08:28:21.1840335Z   7 │   "dns_cluster": {:hex, :dns_cluster, "0.2.0", "aa8eb46e3bd0326bd67b84790c561733b25c5ba2fe3c7e36f28e88f384ebcb33", [:mix], [], "hexpm", "ba6f1893411c69c01b9e8e8f772062535a4cf70f3f35bcc964a324078d8c8240"},
release-candidate-full-proof	UNKNOWN STEP	2026-09-18T08:28:21.1841814Z     │   ~
release-candidate-full-proof	UNKNOWN STEP	2026-09-18T08:28:21.1842164Z     │
release-candidate-full-proof	UNKNOWN STEP	2026-09-18T08:28:21.1842460Z     └─ mix.lock:7:3
release-candidate-full-proof	UNKNOWN STEP	2026-09-18T08:28:21.1842600Z 
release-candidate-full-proof	UNKNOWN STEP	2026-09-18T08:28:21.1844415Z     warning: found quoted keyword "ecto" but the quotes are not required. Note that keywords are always atoms, even when quoted. Similar to atoms, keywords made exclusively of ASCII letters, numbers, and underscores and not beginning with a number do not require quotes
release-candidate-full-proof	UNKNOWN STEP	2026-09-18T08:28:21.1846311Z     │
release-candidate-full-proof	UNKNOWN STEP	2026-09-18T08:28:21.1849210Z   8 │   "ecto": {:hex, :ecto, "3.14.2", "99db28a864293a789c970651de711e3cae184291e0e7ea1166c54055ac41c1f3", [:mix], [{:decimal, "~> 3.0", [hex: :decimal, repo: "hexpm", optional: false]}, {:jason, "~> 1.0", [hex: :jason, repo: "hexpm", optional: true]}, {:telemetry, "~> 0.4 or ~> 1.0", [hex: :telemetry, repo: "hexpm", optional: false]}], "hexpm", "25d60b8c816a07d19d85b80bdf60978bd8b102209dda198d768cd7c6745339a6"},
release-candidate-full-proof	UNKNOWN STEP	2026-09-18T08:28:21.1852009Z     │   ~
release-candidate-full-proof	UNKNOWN STEP	2026-09-18T08:28:21.1852347Z     │
release-candidate-full-proof	UNKNOWN STEP	2026-09-18T08:28:21.1852738Z     └─ mix.lock:8:3
release-candidate-full-proof	UNKNOWN STEP	2026-09-18T08:28:21.1852961Z 
release-candidate-full-proof	UNKNOWN STEP	2026-09-18T08:28:21.1854847Z     warning: found quoted keyword "ecto_sql" but the quotes are not required. Note that keywords are always atoms, even when quoted. Similar to atoms, keywords made exclusively of ASCII letters, numbers, and underscores and not beginning with a number do not require quotes
release-candidate-full-proof	UNKNOWN STEP	2026-09-18T08:28:21.1856743Z     │
release-candidate-full-proof	UNKNOWN STEP	2026-09-18T08:28:21.1861737Z   9 │   "ecto_sql": {:hex, :ecto_sql, "3.14.0", "06446ab8410d2f85bfbb80857ee224ab3b693700cbb38f6535d507449a627b2e", [:mix], [{:db_connection, "~> 2.9", [hex: :db_connection, repo: "hexpm", optional: false]}, {:decimal, "~> 3.0", [hex: :decimal, repo: "hexpm", optional: false]}, {:ecto, "~> 3.14.0", [hex: :ecto, repo: "hexpm", optional: false]}, {:myxql, "~> 0.8", [hex: :myxql, repo: "hexpm", optional: true]}, {:postgrex, "~> 0.19 or ~> 1.0", [hex: :postgrex, repo: "hexpm", optional: true]}, {:tds, "~> 2.1.1 or ~> 2.2", [hex: :tds, repo: "hexpm", optional: true]}, {:telemetry, "~> 0.4.0 or ~> 1.0", [hex: :telemetry, repo: "hexpm", optional: false]}], "hexpm", "f4d8d36faf294c9417b5a37ec7ac8217ee2abdef5fcf197ba690f361548d3949"},
release-candidate-full-proof	UNKNOWN STEP	2026-09-18T08:28:21.1866018Z     │   ~
release-candidate-full-proof	UNKNOWN STEP	2026-09-18T08:28:21.1866348Z     │
release-candidate-full-proof	UNKNOWN STEP	2026-09-18T08:28:21.1866730Z     └─ mix.lock:9:3
release-candidate-full-proof	UNKNOWN STEP	2026-09-18T08:28:21.1866956Z 
release-candidate-full-proof	UNKNOWN STEP	2026-09-18T08:28:21.1868557Z     warning: found quoted keyword "elixir_make" but the quotes are not required. Note that keywords are always atoms, even when quoted. Similar to atoms, keywords made exclusively of ASCII letters, numbers, and underscores and not beginning with a number do not require quotes
release-candidate-full-proof	UNKNOWN STEP	2026-09-18T08:28:21.1870453Z     │
release-candidate-full-proof	UNKNOWN STEP	2026-09-18T08:28:21.1872098Z  10 │   "elixir_make": {:hex, :elixir_make, "0.10.0", "16577e2583a79bb79237bbff349619ef5d80afffc07eac6e4faf0d00e2ddaf7d", [:mix], [], "hexpm", "dc1f09fb7fa68866b886abd5f0f3c83553b1a19a52359a899e92af1bb3b31982"},
release-candidate-full-proof	UNKNOWN STEP	2026-09-18T08:28:21.1873835Z     │   ~
release-candidate-full-proof	UNKNOWN STEP	2026-09-18T08:28:21.1874166Z     │
release-candidate-full-proof	UNKNOWN STEP	2026-09-18T08:28:21.1874551Z     └─ mix.lock:10:3
release-candidate-full-proof	UNKNOWN STEP	2026-09-18T08:28:21.1874790Z 
release-candidate-full-proof	UNKNOWN STEP	2026-09-18T08:28:21.1876351Z     warning: found quoted keyword "ex_aws" but the quotes are not required. Note that keywords are always atoms, even when quoted. Similar to atoms, keywords made exclusively of ASCII letters, numbers, and underscores and not beginning with a number do not require quotes
release-candidate-full-proof	UNKNOWN STEP	2026-09-18T08:28:21.1878178Z     │
release-candidate-full-proof	UNKNOWN STEP	2026-09-18T08:28:21.1883220Z  11 │   "ex_aws": {:hex, :ex_aws, "2.7.0", "e6bfd4b5fb8c791aa6c7d57fc7c45f050bb89de9576f1f6104aa974b234c01ec", [:mix], [{:configparser_ex, "~> 5.0", [hex: :configparser_ex, repo: "hexpm", optional: true]}, {:hackney, "~> 4.0", [hex: :hackney, repo: "hexpm", optional: true]}, {:jason, "~> 1.1", [hex: :jason, repo: "hexpm", optional: true]}, {:jsx, "~> 2.8 or ~> 3.0", [hex: :jsx, repo: "hexpm", optional: true]}, {:mime, "~> 1.2 or ~> 2.0", [hex: :mime, repo: "hexpm", optional: false]}, {:req, "~> 0.5.10 or ~> 0.6 or ~> 1.0", [hex: :req, repo: "hexpm", optional: true]}, {:sweet_xml, "~> 0.7", [hex: :sweet_xml, repo: "hexpm", optional: true]}, {:telemetry, "~> 0.4.3 or ~> 1.0", [hex: :telemetry, repo: "hexpm", optional: false]}], "hexpm", "bfe9d744d4fd4c1f40314ee7fab504d5547d1f01cd377fff1568cbe630b06d65"},
release-candidate-full-proof	UNKNOWN STEP	2026-09-18T08:28:21.1888015Z     │   ~
release-candidate-full-proof	UNKNOWN STEP	2026-09-18T08:28:21.1888358Z     │
release-candidate-full-proof	UNKNOWN STEP	2026-09-18T08:28:21.1888743Z     └─ mix.lock:11:3
release-candidate-full-proof	UNKNOWN STEP	2026-09-18T08:28:21.1888972Z 
release-candidate-full-proof	UNKNOWN STEP	2026-09-18T08:28:21.1890552Z     warning: found quoted keyword "ex_aws_s3" but the quotes are not required. Note that keywords are always atoms, even when quoted. Similar to atoms, keywords made exclusively of ASCII letters, numbers, and underscores and not beginning with a number do not require quotes
release-candidate-full-proof	UNKNOWN STEP	2026-09-18T08:28:21.1892445Z     │
release-candidate-full-proof	UNKNOWN STEP	2026-09-18T08:28:21.1895236Z  12 │   "ex_aws_s3": {:hex, :ex_aws_s3, "2.5.9", "862b7792f2e60d7010e2920d79964e3fab289bc0fd951b0ba8457a3f7f9d1199", [:mix], [{:ex_aws, "~> 2.0", [hex: :ex_aws, repo: "hexpm", optional: false]}, {:sweet_xml, ">= 0.0.0", [hex: :sweet_xml, repo: "hexpm", optional: true]}], "hexpm", "a480d2bb2da64610014021629800e1e9457ca5e4a62f6775bffd963360c2bf90"},
release-candidate-full-proof	UNKNOWN STEP	2026-09-18T08:28:21.1897419Z     │   ~
release-candidate-full-proof	UNKNOWN STEP	2026-09-18T08:28:21.1897759Z     │
release-candidate-full-proof	UNKNOWN STEP	2026-09-18T08:28:21.1898140Z     └─ mix.lock:12:3
release-candidate-full-proof	UNKNOWN STEP	2026-09-18T08:28:21.1898358Z 
release-candidate-full-proof	UNKNOWN STEP	2026-09-18T08:28:21.1899876Z     warning: found quoted keyword "ex_marcel" but the quotes are not required. Note that keywords are always atoms, even when quoted. Similar to atoms, keywords made exclusively of ASCII letters, numbers, and underscores and not beginning with a number do not require quotes
release-candidate-full-proof	UNKNOWN STEP	2026-09-18T08:28:21.1901746Z     │
release-candidate-full-proof	UNKNOWN STEP	2026-09-18T08:28:21.1903650Z  13 │   "ex_marcel": {:hex, :ex_marcel, "0.2.0", "0aae641f4144ff9d3c37f36dc62e1ee94c4a4e8d34683be8321f9c2c7e459ada", [:mix], [], "hexpm", "fecf90bfe1cb4097d58ac7d444249afc9e8a314413f82cfb29a8a758ec65fcd5"},
release-candidate-full-proof	UNKNOWN STEP	2026-09-18T08:28:21.1905263Z     │   ~
release-candidate-full-proof	UNKNOWN STEP	2026-09-18T08:28:21.1905607Z     │
release-candidate-full-proof	UNKNOWN STEP	2026-09-18T08:28:21.1905991Z     └─ mix.lock:13:3
release-candidate-full-proof	UNKNOWN STEP	2026-09-18T08:28:21.1906231Z 
release-candidate-full-proof	UNKNOWN STEP	2026-09-18T08:28:21.1907832Z     warning: found quoted keyword "file_system" but the quotes are not required. Note that keywords are always atoms, even when quoted. Similar to atoms, keywords made exclusively of ASCII letters, numbers, and underscores and not beginning with a number do not require quotes
release-candidate-full-proof	UNKNOWN STEP	2026-09-18T08:28:21.1909763Z     │
release-candidate-full-proof	UNKNOWN STEP	2026-09-18T08:28:21.1911406Z  14 │   "file_system": {:hex, :file_system, "1.1.1", "31864f4685b0148f25bd3fbef2b1228457c0c89024ad67f7a81a3ffbc0bbad3a", [:mix], [], "hexpm", "7a15ff97dfe526aeefb090a7a9d3d03aa907e100e262a0f8f7746b78f8f87a5d"},
release-candidate-full-proof	UNKNOWN STEP	2026-09-18T08:28:21.1912941Z     │   ~
release-candidate-full-proof	UNKNOWN STEP	2026-09-18T08:28:21.1913441Z     │
release-candidate-full-proof	UNKNOWN STEP	2026-09-18T08:28:21.1913842Z     └─ mix.lock:14:3
release-candidate-full-proof	UNKNOWN STEP	2026-09-18T08:28:21.1914084Z 
release-candidate-full-proof	UNKNOWN STEP	2026-09-18T08:28:21.1915662Z     warning: found quoted keyword "fine" but the quotes are not required. Note that keywords are always atoms, even when quoted. Similar to atoms, keywords made exclusively of ASCII letters, numbers, and underscores and not beginning with a number do not require quotes
release-candidate-full-proof	UNKNOWN STEP	2026-09-18T08:28:21.1917527Z     │
release-candidate-full-proof	UNKNOWN STEP	2026-09-18T08:28:21.1919040Z  15 │   "fine": {:hex, :fine, "0.1.6", "4bf7151493443c454aac9f2fa2f34f5fefd0346a83fb5586a016c4a135c63247", [:mix], [], "hexpm", "5638eb4495488e885ebec167fa57973e5c35e1a50c344eb7666c90ec1c4e3b12"},
release-candidate-full-proof	UNKNOWN STEP	2026-09-18T08:28:21.1920455Z     │   ~
release-candidate-full-proof	UNKNOWN STEP	2026-09-18T08:28:21.1920789Z     │
release-candidate-full-proof	UNKNOWN STEP	2026-09-18T08:28:21.1921172Z     └─ mix.lock:15:3
release-candidate-full-proof	UNKNOWN STEP	2026-09-18T08:28:21.1921410Z 
release-candidate-full-proof	UNKNOWN STEP	2026-09-18T08:28:21.1922953Z     warning: found quoted keyword "hpax" but the quotes are not required. Note that keywords are always atoms, even when quoted. Similar to atoms, keywords made exclusively of ASCII letters, numbers, and underscores and not beginning with a number do not require quotes
release-candidate-full-proof	UNKNOWN STEP	2026-09-18T08:28:21.1924980Z     │
release-candidate-full-proof	UNKNOWN STEP	2026-09-18T08:28:21.1926501Z  16 │   "hpax": {:hex, :hpax, "1.0.4", "777de5d433b0fbdc7c418159c8055910faa8047ffdb3d6b31098d2a46cd7685c", [:mix], [], "hexpm", "afc7cb142ebcc2d01ce7816190b98ce5dd49e799111b24249f3443d730f377ca"},
release-candidate-full-proof	UNKNOWN STEP	2026-09-18T08:28:21.1927935Z     │   ~
release-candidate-full-proof	UNKNOWN STEP	2026-09-18T08:28:21.1928268Z     │
release-candidate-full-proof	UNKNOWN STEP	2026-09-18T08:28:21.1928653Z     └─ mix.lock:16:3
release-candidate-full-proof	UNKNOWN STEP	2026-09-18T08:28:21.1928883Z 
release-candidate-full-proof	UNKNOWN STEP	2026-09-18T08:28:21.1930429Z     warning: found quoted keyword "image" but the quotes are not required. Note that keywords are always atoms, even when quoted. Similar to atoms, keywords made exclusively of ASCII letters, numbers, and underscores and not beginning with a number do not require quotes
release-candidate-full-proof	UNKNOWN STEP	2026-09-18T08:28:21.1932298Z     │
release-candidate-full-proof	UNKNOWN STEP	2026-09-18T08:28:21.1939782Z  17 │   "image": {:hex, :image, "0.72.0", "d7ceb8d67fddb396b1d0262857551c92692499cce9e9cd40156e322616e53b25", [:mix], [{:color, "~> 0.13", [hex: :color, repo: "hexpm", optional: false]}, {:evision, "~> 0.1.33 or ~> 0.2", [hex: :evision, repo: "hexpm", optional: true]}, {:exla, "~> 0.12", [hex: :exla, repo: "hexpm", optional: true]}, {:kino, "~> 0.13", [hex: :kino, repo: "hexpm", optional: true]}, {:nx, "~> 0.12", [hex: :nx, repo: "hexpm", optional: true]}, {:nx_image, "~> 0.1", [hex: :nx_image, repo: "hexpm", optional: true]}, {:phoenix_html, "~> 2.1 or ~> 3.2 or ~> 4.0", [hex: :phoenix_html, repo: "hexpm", optional: false]}, {:plug, "~> 1.13", [hex: :plug, repo: "hexpm", optional: true]}, {:req, "~> 0.4", [hex: :req, repo: "hexpm", optional: true]}, {:rustler, "> 0.0.0", [hex: :rustler, repo: "hexpm", optional: true]}, {:scholar, "~> 0.3", [hex: :scholar, repo: "hexpm", optional: true]}, {:sweet_xml, "~> 0.7", [hex: :sweet_xml, repo: "hexpm", optional: false]}, {:vix, "~> 0.33", [hex: :vix, repo: "hexpm", optional: false]}, {:xav, "~> 0.10", [hex: :xav, repo: "hexpm", optional: true]}], "hexpm", "d55a6c3c90fe76e96265b655d85d6f2fafc439f66c6e792a4925f2d84378f3b0"},
release-candidate-full-proof	UNKNOWN STEP	2026-09-18T08:28:21.1946424Z     │   ~
release-candidate-full-proof	UNKNOWN STEP	2026-09-18T08:28:21.1946744Z     │
release-candidate-full-proof	UNKNOWN STEP	2026-09-18T08:28:21.1946976Z     └─ mix.lock:17:3
release-candidate-full-proof	UNKNOWN STEP	2026-09-18T08:28:21.1947118Z 
release-candidate-full-proof	UNKNOWN STEP	2026-09-18T08:28:21.1948190Z     warning: found quoted keyword "jason" but the quotes are not required. Note that keywords are always atoms, even when quoted. Similar to atoms, keywords made exclusively of ASCII letters, numbers, and underscores and not beginning with a number do not require quotes
release-candidate-full-proof	UNKNOWN STEP	2026-09-18T08:28:21.1949249Z     │
release-candidate-full-proof	UNKNOWN STEP	2026-09-18T08:28:21.1950377Z  18 │   "jason": {:hex, :jason, "1.4.5", "2e3a008590b0b8d7388c20293e9dcc9cf3e5d642fd2a114e4cbbb52e595d940a", [:mix], [{:decimal, "~> 1.0 or ~> 2.0 or ~> 3.0", [hex: :decimal, repo: "hexpm", optional: true]}], "hexpm", "b0c823996102bcd0239b3c2444eb00409b72f6a140c1950bc8b457d836b30684"},
release-candidate-full-proof	UNKNOWN STEP	2026-09-18T08:28:21.1951381Z     │   ~
release-candidate-full-proof	UNKNOWN STEP	2026-09-18T08:28:21.1951576Z     │
release-candidate-full-proof	UNKNOWN STEP	2026-09-18T08:28:21.1951796Z     └─ mix.lock:18:3
release-candidate-full-proof	UNKNOWN STEP	2026-09-18T08:28:21.1951928Z 
release-candidate-full-proof	UNKNOWN STEP	2026-09-18T08:28:21.1952815Z     warning: found quoted keyword "lazy_html" but the quotes are not required. Note that keywords are always atoms, even when quoted. Similar to atoms, keywords made exclusively of ASCII letters, numbers, and underscores and not beginning with a number do not require quotes
release-candidate-full-proof	UNKNOWN STEP	2026-09-18T08:28:21.1954547Z     │
release-candidate-full-proof	UNKNOWN STEP	2026-09-18T08:28:21.1957406Z  19 │   "lazy_html": {:hex, :lazy_html, "0.1.12", "31a55ee622918fce988c94b06232227b42daa64e4eab14ac32081d0f3fd8db6f", [:make, :mix], [{:cc_precompiler, "~> 0.1", [hex: :cc_precompiler, repo: "hexpm", optional: false]}, {:elixir_make, "~> 0.9", [hex: :elixir_make, repo: "hexpm", optional: false]}, {:fine, "~> 0.1.0", [hex: :fine, repo: "hexpm", optional: false]}], "hexpm", "8a0da594776caee58782c6f93b2abaa5bdb809daf8d43351a561f7de9dc2e2a8"},
release-candidate-full-proof	UNKNOWN STEP	2026-09-18T08:28:21.1959111Z     │   ~
release-candidate-full-proof	UNKNOWN STEP	2026-09-18T08:28:21.1959306Z     │
release-candidate-full-proof	UNKNOWN STEP	2026-09-18T08:28:21.1959517Z     └─ mix.lock:19:3
release-candidate-full-proof	UNKNOWN STEP	2026-09-18T08:28:21.1959653Z 
release-candidate-full-proof	UNKNOWN STEP	2026-09-18T08:28:21.1960792Z     warning: found quoted keyword "mime" but the quotes are not required. Note that keywords are always atoms, even when quoted. Similar to atoms, keywords made exclusively of ASCII letters, numbers, and underscores and not beginning with a number do not require quotes
release-candidate-full-proof	UNKNOWN STEP	2026-09-18T08:28:21.1962057Z     │
release-candidate-full-proof	UNKNOWN STEP	2026-09-18T08:28:21.1962914Z  20 │   "mime": {:hex, :mime, "2.0.7", "b8d739037be7cd402aee1ba0306edfdef982687ee7e9859bee6198c1e7e2f128", [:mix], [], "hexpm", "6171188e399ee16023ffc5b76ce445eb6d9672e2e241d2df6050f3c771e80ccd"},
release-candidate-full-proof	UNKNOWN STEP	2026-09-18T08:28:21.1963951Z     │   ~
release-candidate-full-proof	UNKNOWN STEP	2026-09-18T08:28:21.1964251Z     │
release-candidate-full-proof	UNKNOWN STEP	2026-09-18T08:28:21.1964629Z     └─ mix.lock:20:3
release-candidate-full-proof	UNKNOWN STEP	2026-09-18T08:28:21.1964843Z 
release-candidate-full-proof	UNKNOWN STEP	2026-09-18T08:28:21.1966320Z     warning: found quoted keyword "muontrap" but the quotes are not required. Note that keywords are always atoms, even when quoted. Similar to atoms, keywords made exclusively of ASCII letters, numbers, and underscores and not beginning with a number do not require quotes
release-candidate-full-proof	UNKNOWN STEP	2026-09-18T08:28:21.1968085Z     │
release-candidate-full-proof	UNKNOWN STEP	2026-09-18T08:28:21.1970250Z  21 │   "muontrap": {:hex, :muontrap, "1.8.0", "3c5dab5bc91d5a16d14cd85b130ae7d35a9c469564a11ba4b2ebbcd7ccf5bc05", [:make, :mix], [{:elixir_make, "~> 0.6", [hex: :elixir_make, repo: "hexpm", optional: false]}], "hexpm", "45ff36451303cbdefe1c66da3681b5aff078ee5737348f554f0017daa66284af"},
release-candidate-full-proof	UNKNOWN STEP	2026-09-18T08:28:21.1972050Z     │   ~
release-candidate-full-proof	UNKNOWN STEP	2026-09-18T08:28:21.1972353Z     │
release-candidate-full-proof	UNKNOWN STEP	2026-09-18T08:28:21.1972699Z     └─ mix.lock:21:3
release-candidate-full-proof	UNKNOWN STEP	2026-09-18T08:28:21.1972907Z 
release-candidate-full-proof	UNKNOWN STEP	2026-09-18T08:28:21.1974620Z     warning: found quoted keyword "nimble_options" but the quotes are not required. Note that keywords are always atoms, even when quoted. Similar to atoms, keywords made exclusively of ASCII letters, numbers, and underscores and not beginning with a number do not require quotes
release-candidate-full-proof	UNKNOWN STEP	2026-09-18T08:28:21.1976408Z     │
release-candidate-full-proof	UNKNOWN STEP	2026-09-18T08:28:21.1977921Z  22 │   "nimble_options": {:hex, :nimble_options, "1.1.1", "e3a492d54d85fc3fd7c5baf411d9d2852922f66e69476317787a7b2bb000a61b", [:mix], [], "hexpm", "821b2470ca9442c4b6984882fe9bb0389371b8ddec4d45a9504f00a66f650b44"},
release-candidate-full-proof	UNKNOWN STEP	2026-09-18T08:28:21.1978769Z     │   ~
release-candidate-full-proof	UNKNOWN STEP	2026-09-18T08:28:21.1978956Z     │
release-candidate-full-proof	UNKNOWN STEP	2026-09-18T08:28:21.1979174Z     └─ mix.lock:22:3
release-candidate-full-proof	UNKNOWN STEP	2026-09-18T08:28:21.1979301Z 
release-candidate-full-proof	UNKNOWN STEP	2026-09-18T08:28:21.1980169Z     warning: found quoted keyword "oban" but the quotes are not required. Note that keywords are always atoms, even when quoted. Similar to atoms, keywords made exclusively of ASCII letters, numbers, and underscores and not beginning with a number do not require quotes
release-candidate-full-proof	UNKNOWN STEP	2026-09-18T08:28:21.1981192Z     │
release-candidate-full-proof	UNKNOWN STEP	2026-09-18T08:28:21.1983968Z  23 │   "oban": {:hex, :oban, "2.24.1", "2a609c54697ad2c44ba339df30491df2a40eda0758c95b5b879426e4e478bd1f", [:mix], [{:ecto_sql, "~> 3.10", [hex: :ecto_sql, repo: "hexpm", optional: false]}, {:ecto_sqlite3, "~> 0.9", [hex: :ecto_sqlite3, repo: "hexpm", optional: true]}, {:igniter, "~> 0.5", [hex: :igniter, repo: "hexpm", optional: true]}, {:jason, "~> 1.1", [hex: :jason, repo: "hexpm", optional: true]}, {:myxql, "~> 0.7", [hex: :myxql, repo: "hexpm", optional: true]}, {:postgrex, "~> 0.20", [hex: :postgrex, repo: "hexpm", optional: true]}, {:telemetry, "~> 1.3", [hex: :telemetry, repo: "hexpm", optional: false]}], "hexpm", "ef8482472cf198554400b7f8e36a0ffee75c3a64de425d5c7ee625d271925ac7"},
release-candidate-full-proof	UNKNOWN STEP	2026-09-18T08:28:21.1986647Z     │   ~
release-candidate-full-proof	UNKNOWN STEP	2026-09-18T08:28:21.1986981Z     │
release-candidate-full-proof	UNKNOWN STEP	2026-09-18T08:28:21.1987342Z     └─ mix.lock:23:3
release-candidate-full-proof	UNKNOWN STEP	2026-09-18T08:28:21.1987569Z 
release-candidate-full-proof	UNKNOWN STEP	2026-09-18T08:28:21.1989118Z     warning: found quoted keyword "phoenix" but the quotes are not required. Note that keywords are always atoms, even when quoted. Similar to atoms, keywords made exclusively of ASCII letters, numbers, and underscores and not beginning with a number do not require quotes
release-candidate-full-proof	UNKNOWN STEP	2026-09-18T08:28:21.1990921Z     │
release-candidate-full-proof	UNKNOWN STEP	2026-09-18T08:28:21.1995752Z  24 │   "phoenix": {:hex, :phoenix, "1.8.14", "9279cbbcd755ac8d5f42d206915e7df13b9ab49096b98114f1c99ff908e5b42e", [:mix], [{:bandit, "~> 1.0", [hex: :bandit, repo: "hexpm", optional: true]}, {:jason, "~> 1.0", [hex: :jason, repo: "hexpm", optional: true]}, {:phoenix_pubsub, "~> 2.1", [hex: :phoenix_pubsub, repo: "hexpm", optional: false]}, {:phoenix_template, "~> 1.0", [hex: :phoenix_template, repo: "hexpm", optional: false]}, {:phoenix_view, "~> 2.0", [hex: :phoenix_view, repo: "hexpm", optional: true]}, {:plug, "~> 1.14", [hex: :plug, repo: "hexpm", optional: false]}, {:plug_cowboy, "~> 2.7", [hex: :plug_cowboy, repo: "hexpm", optional: true]}, {:plug_crypto, "~> 2.2", [hex: :plug_crypto, repo: "hexpm", optional: false]}, {:telemetry, "~> 0.4 or ~> 1.0", [hex: :telemetry, repo: "hexpm", optional: false]}, {:websock_adapter, "~> 0.5", [hex: :websock_adapter, repo: "hexpm", optional: false]}], "hexpm", "2782ff375824b2b5e41561fbae4764ee7b875af6898483bca49f24a9d1e37816"},
release-candidate-full-proof	UNKNOWN STEP	2026-09-18T08:28:21.1999067Z     │   ~
release-candidate-full-proof	UNKNOWN STEP	2026-09-18T08:28:21.1999434Z     │
release-candidate-full-proof	UNKNOWN STEP	2026-09-18T08:28:21.1999806Z     └─ mix.lock:24:3
release-candidate-full-proof	UNKNOWN STEP	2026-09-18T08:28:21.2000025Z 
release-candidate-full-proof	UNKNOWN STEP	2026-09-18T08:28:21.2001597Z     warning: found quoted keyword "phoenix_html" but the quotes are not required. Note that keywords are always atoms, even when quoted. Similar to atoms, keywords made exclusively of ASCII letters, numbers, and underscores and not beginning with a number do not require quotes
release-candidate-full-proof	UNKNOWN STEP	2026-09-18T08:28:21.2003584Z     │
release-candidate-full-proof	UNKNOWN STEP	2026-09-18T08:28:21.2005316Z  25 │   "phoenix_html": {:hex, :phoenix_html, "4.3.0", "d3577a5df4b6954cd7890c84d955c470b5310bb49647f0a114a6eeecc850f7ad", [:mix], [], "hexpm", "3eaa290a78bab0f075f791a46a981bbe769d94bc776869f4f3063a14f30497ad"},
release-candidate-full-proof	UNKNOWN STEP	2026-09-18T08:28:21.2006393Z     │   ~
release-candidate-full-proof	UNKNOWN STEP	2026-09-18T08:28:21.2006590Z     │
release-candidate-full-proof	UNKNOWN STEP	2026-09-18T08:28:21.2006804Z     └─ mix.lock:25:3
release-candidate-full-proof	UNKNOWN STEP	2026-09-18T08:28:21.2006940Z 
release-candidate-full-proof	UNKNOWN STEP	2026-09-18T08:28:21.2007855Z     warning: found quoted keyword "phoenix_live_reload" but the quotes are not required. Note that keywords are always atoms, even when quoted. Similar to atoms, keywords made exclusively of ASCII letters, numbers, and underscores and not beginning with a number do not require quotes
release-candidate-full-proof	UNKNOWN STEP	2026-09-18T08:28:21.2008932Z     │
release-candidate-full-proof	UNKNOWN STEP	2026-09-18T08:28:21.2011102Z  26 │   "phoenix_live_reload": {:hex, :phoenix_live_reload, "1.7.0", "fb1e429f6d8778ce3a6962debdc5e555428a05a6e7b058d6dbad13d281a2c31f", [:mix], [{:file_system, "~> 0.2.10 or ~> 1.0", [hex: :file_system, repo: "hexpm", optional: false]}, {:phoenix, "~> 1.4", [hex: :phoenix, repo: "hexpm", optional: false]}], "hexpm", "dc9f44271aa6fc4ab7797f2aa374ba096ef2c87520586280eb095626b7387a68"},
release-candidate-full-proof	UNKNOWN STEP	2026-09-18T08:28:21.2013573Z     │   ~
release-candidate-full-proof	UNKNOWN STEP	2026-09-18T08:28:21.2013894Z     │
release-candidate-full-proof	UNKNOWN STEP	2026-09-18T08:28:21.2014253Z     └─ mix.lock:26:3
release-candidate-full-proof	UNKNOWN STEP	2026-09-18T08:28:21.2014500Z 
release-candidate-full-proof	UNKNOWN STEP	2026-09-18T08:28:21.2016071Z     warning: found quoted keyword "phoenix_live_view" but the quotes are not required. Note that keywords are always atoms, even when quoted. Similar to atoms, keywords made exclusively of ASCII letters, numbers, and underscores and not beginning with a number do not require quotes
release-candidate-full-proof	UNKNOWN STEP	2026-09-18T08:28:21.2018009Z     │
release-candidate-full-proof	UNKNOWN STEP	2026-09-18T08:28:21.2024702Z  27 │   "phoenix_live_view": {:hex, :phoenix_live_view, "1.2.12", "35848150bbab579e9d0aff79525269d7c0801a4f61232b84f635c11222cee88f", [:mix], [{:igniter, ">= 0.6.16 and < 1.0.0-0", [hex: :igniter, repo: "hexpm", optional: true]}, {:jason, "~> 1.0", [hex: :jason, repo: "hexpm", optional: true]}, {:lazy_html, "~> 0.1.0", [hex: :lazy_html, repo: "hexpm", optional: true]}, {:phoenix, "~> 1.6.15 or ~> 1.7.0 or ~> 1.8.0", [hex: :phoenix, repo: "hexpm", optional: false]}, {:phoenix_html, "~> 3.3 or ~> 4.0", [hex: :phoenix_html, repo: "hexpm", optional: false]}, {:phoenix_template, "~> 1.0", [hex: :phoenix_template, repo: "hexpm", optional: false]}, {:phoenix_view, "~> 2.0", [hex: :phoenix_view, repo: "hexpm", optional: true]}, {:plug, "~> 1.15", [hex: :plug, repo: "hexpm", optional: false]}, {:telemetry, "~> 0.4.2 or ~> 1.0", [hex: :telemetry, repo: "hexpm", optional: false]}], "hexpm", "656810d716e3369545dd63981196a5d68b77fdb253afe02ef0c6fa14cfd8dc2b"},
release-candidate-full-proof	UNKNOWN STEP	2026-09-18T08:28:21.2030001Z     │   ~
release-candidate-full-proof	UNKNOWN STEP	2026-09-18T08:28:21.2030329Z     │
release-candidate-full-proof	UNKNOWN STEP	2026-09-18T08:28:21.2030712Z     └─ mix.lock:27:3
release-candidate-full-proof	UNKNOWN STEP	2026-09-18T08:28:21.2030943Z 
release-candidate-full-proof	UNKNOWN STEP	2026-09-18T08:28:21.2032564Z     warning: found quoted keyword "phoenix_pubsub" but the quotes are not required. Note that keywords are always atoms, even when quoted. Similar to atoms, keywords made exclusively of ASCII letters, numbers, and underscores and not beginning with a number do not require quotes
release-candidate-full-proof	UNKNOWN STEP	2026-09-18T08:28:21.2034696Z     │
release-candidate-full-proof	UNKNOWN STEP	2026-09-18T08:28:21.2036602Z  28 │   "phoenix_pubsub": {:hex, :phoenix_pubsub, "2.3.0", "03916bfbc31a5121945b3cfffe5aec647a5c97fe1dc172a319b94428562359c9", [:mix], [], "hexpm", "eec7be6e9cf02e2551d389b558402d6c637cd3973796326e7ba4bb03c6b2e91d"},
release-candidate-full-proof	UNKNOWN STEP	2026-09-18T08:28:21.2038150Z     │   ~
release-candidate-full-proof	UNKNOWN STEP	2026-09-18T08:28:21.2038468Z     │
release-candidate-full-proof	UNKNOWN STEP	2026-09-18T08:28:21.2038842Z     └─ mix.lock:28:3
release-candidate-full-proof	UNKNOWN STEP	2026-09-18T08:28:21.2039064Z 
release-candidate-full-proof	UNKNOWN STEP	2026-09-18T08:28:21.2040682Z     warning: found quoted keyword "phoenix_template" but the quotes are not required. Note that keywords are always atoms, even when quoted. Similar to atoms, keywords made exclusively of ASCII letters, numbers, and underscores and not beginning with a number do not require quotes
release-candidate-full-proof	UNKNOWN STEP	2026-09-18T08:28:21.2042591Z     │
release-candidate-full-proof	UNKNOWN STEP	2026-09-18T08:28:21.2045301Z  29 │   "phoenix_template": {:hex, :phoenix_template, "1.0.4", "e2092c132f3b5e5b2d49c96695342eb36d0ed514c5b252a77048d5969330d639", [:mix], [{:phoenix_html, "~> 2.14.2 or ~> 3.0 or ~> 4.0", [hex: :phoenix_html, repo: "hexpm", optional: true]}], "hexpm", "2c0c81f0e5c6753faf5cca2f229c9709919aba34fab866d3bc05060c9c444206"},
release-candidate-full-proof	UNKNOWN STEP	2026-09-18T08:28:21.2048541Z     │   ~
release-candidate-full-proof	UNKNOWN STEP	2026-09-18T08:28:21.2048862Z     │
release-candidate-full-proof	UNKNOWN STEP	2026-09-18T08:28:21.2049214Z     └─ mix.lock:29:3
release-candidate-full-proof	UNKNOWN STEP	2026-09-18T08:28:21.2049425Z 
release-candidate-full-proof	UNKNOWN STEP	2026-09-18T08:28:21.2050903Z     warning: found quoted keyword "plug" but the quotes are not required. Note that keywords are always atoms, even when quoted. Similar to atoms, keywords made exclusively of ASCII letters, numbers, and underscores and not beginning with a number do not require quotes
release-candidate-full-proof	UNKNOWN STEP	2026-09-18T08:28:21.2052594Z     │
release-candidate-full-proof	UNKNOWN STEP	2026-09-18T08:28:21.2055607Z  30 │   "plug": {:hex, :plug, "1.20.3", "56c480c633ec2ce10140e236e15233bf576e1d323887d7c96711bd02ab5160db", [:mix], [{:mime, "~> 1.0 or ~> 2.0", [hex: :mime, repo: "hexpm", optional: false]}, {:plug_crypto, "~> 1.1.1 or ~> 1.2 or ~> 2.0", [hex: :plug_crypto, repo: "hexpm", optional: false]}, {:telemetry, "~> 0.4.3 or ~> 1.0", [hex: :telemetry, repo: "hexpm", optional: false]}], "hexpm", "be266aee1b8536ef6409d58cf39a3121319f0ec47cfa1b24024485aa0e76ad76"},
release-candidate-full-proof	UNKNOWN STEP	2026-09-18T08:28:21.2058070Z     │   ~
release-candidate-full-proof	UNKNOWN STEP	2026-09-18T08:28:21.2058360Z     │
release-candidate-full-proof	UNKNOWN STEP	2026-09-18T08:28:21.2058707Z     └─ mix.lock:30:3
release-candidate-full-proof	UNKNOWN STEP	2026-09-18T08:28:21.2058915Z 
release-candidate-full-proof	UNKNOWN STEP	2026-09-18T08:28:21.2060363Z     warning: found quoted keyword "plug_crypto" but the quotes are not required. Note that keywords are always atoms, even when quoted. Similar to atoms, keywords made exclusively of ASCII letters, numbers, and underscores and not beginning with a number do not require quotes
release-candidate-full-proof	UNKNOWN STEP	2026-09-18T08:28:21.2062188Z     │
release-candidate-full-proof	UNKNOWN STEP	2026-09-18T08:28:21.2063936Z  31 │   "plug_crypto": {:hex, :plug_crypto, "2.2.0", "144014737daaf485407f5ed77daeaad74d651b216a28c87543f8cc7043f8efc8", [:mix], [], "hexpm", "83a95744ab1c75876542b6fab135fcc176280e0f301a111c1f757fddcec95d2c"},
release-candidate-full-proof	UNKNOWN STEP	2026-09-18T08:28:21.2065417Z     │   ~
release-candidate-full-proof	UNKNOWN STEP	2026-09-18T08:28:21.2065733Z     │
release-candidate-full-proof	UNKNOWN STEP	2026-09-18T08:28:21.2066095Z     └─ mix.lock:31:3
release-candidate-full-proof	UNKNOWN STEP	2026-09-18T08:28:21.2066311Z 
release-candidate-full-proof	UNKNOWN STEP	2026-09-18T08:28:21.2067883Z     warning: found quoted keyword "postgrex" but the quotes are not required. Note that keywords are always atoms, even when quoted. Similar to atoms, keywords made exclusively of ASCII letters, numbers, and underscores and not beginning with a number do not require quotes
release-candidate-full-proof	UNKNOWN STEP	2026-09-18T08:28:21.2069659Z     │
release-candidate-full-proof	UNKNOWN STEP	2026-09-18T08:28:21.2072912Z  32 │   "postgrex": {:hex, :postgrex, "0.22.4", "d271f595dfd25230b6398354e19d17bb5e2d20130fd2d9bdca7e15f125d43552", [:mix], [{:db_connection, "~> 2.9", [hex: :db_connection, repo: "hexpm", optional: false]}, {:decimal, "~> 1.5 or ~> 2.0 or ~> 3.0", [hex: :decimal, repo: "hexpm", optional: false]}, {:jason, "~> 1.0", [hex: :jason, repo: "hexpm", optional: true]}, {:table, "~> 0.1.0", [hex: :table, repo: "hexpm", optional: true]}], "hexpm", "4aae45a2d60e35b04eea2602440be152fae332901f1fc7a60fc7cb7f0f9a9c5a"},
release-candidate-full-proof	UNKNOWN STEP	2026-09-18T08:28:21.2075854Z     │   ~
release-candidate-full-proof	UNKNOWN STEP	2026-09-18T08:28:21.2076176Z     │
release-candidate-full-proof	UNKNOWN STEP	2026-09-18T08:28:21.2076534Z     └─ mix.lock:32:3
release-candidate-full-proof	UNKNOWN STEP	2026-09-18T08:28:21.2076751Z 
release-candidate-full-proof	UNKNOWN STEP	2026-09-18T08:28:21.2078306Z     warning: found quoted keyword "rindle" but the quotes are not required. Note that keywords are always atoms, even when quoted. Similar to atoms, keywords made exclusively of ASCII letters, numbers, and underscores and not beginning with a number do not require quotes
release-candidate-full-proof	UNKNOWN STEP	2026-09-18T08:28:21.2080369Z     │
release-candidate-full-proof	UNKNOWN STEP	2026-09-18T08:28:21.2090340Z  33 │   "rindle": {:hex, :rindle, "0.4.6", "35bea401dc09aac08d5c36bedc8ea9c096e92b03c6aec03698a8dced24bafc67", [:mix], [{:ecto_sql, "~> 3.11", [hex: :ecto_sql, repo: "hexpm", optional: false]}, {:ex_aws, "~> 2.5", [hex: :ex_aws, repo: "hexpm", optional: false]}, {:ex_aws_s3, "~> 2.5", [hex: :ex_aws_s3, repo: "hexpm", optional: false]}, {:ex_marcel, "~> 0.2", [hex: :ex_marcel, repo: "hexpm", optional: false]}, {:finch, "~> 0.21", [hex: :finch, repo: "hexpm", optional: true]}, {:gcs_signed_url, "~> 0.6", [hex: :gcs_signed_url, repo: "hexpm", optional: true]}, {:goth, "~> 1.4", [hex: :goth, repo: "hexpm", optional: true]}, {:image, "~> 0.65", [hex: :image, repo: "hexpm", optional: false]}, {:jason, "~> 1.4", [hex: :jason, repo: "hexpm", optional: false]}, {:jose, "~> 1.11", [hex: :jose, repo: "hexpm", optional: true]}, {:muontrap, "~> 1.7", [hex: :muontrap, repo: "hexpm", optional: false]}, {:mux, "~> 3.2", [hex: :mux, repo: "hexpm", optional: true]}, {:nimble_options, "~> 1.1", [hex: :nimble_options, repo: "hexpm", optional: false]}, {:oban, "~> 2.21", [hex: :oban, repo: "hexpm", optional: false]}, {:phoenix_live_view, "~> 1.0", [hex: :phoenix_live_view, repo: "hexpm", optional: true]}, {:plug, "~> 1.16", [hex: :plug, repo: "hexpm", optional: false]}, {:postgrex, "~> 0.18", [hex: :postgrex, repo: "hexpm", optional: false]}, {:req, "~> 0.6", [hex: :req, repo: "hexpm", optional: true]}, {:telemetry, "~> 1.2", [hex: :telemetry, repo: "hexpm", optional: false]}], "hexpm", "61cf11552ba726fcee979524fd7b50b3a2c40a40a8719cd7ce6c0d913a397362"},
release-candidate-full-proof	UNKNOWN STEP	2026-09-18T08:28:21.2098728Z     │   ~
release-candidate-full-proof	UNKNOWN STEP	2026-09-18T08:28:21.2099054Z     │
release-candidate-full-proof	UNKNOWN STEP	2026-09-18T08:28:21.2099431Z     └─ mix.lock:33:3
release-candidate-full-proof	UNKNOWN STEP	2026-09-18T08:28:21.2099660Z 
release-candidate-full-proof	UNKNOWN STEP	2026-09-18T08:28:21.2101235Z     warning: found quoted keyword "sweet_xml" but the quotes are not required. Note that keywords are always atoms, even when quoted. Similar to atoms, keywords made exclusively of ASCII letters, numbers, and underscores and not beginning with a number do not require quotes
release-candidate-full-proof	UNKNOWN STEP	2026-09-18T08:28:21.2103194Z     │
release-candidate-full-proof	UNKNOWN STEP	2026-09-18T08:28:21.2104985Z  34 │   "sweet_xml": {:hex, :sweet_xml, "0.7.5", "803a563113981aaac202a1dbd39771562d0ad31004ddbfc9b5090bdcd5605277", [:mix], [], "hexpm", "193b28a9b12891cae351d81a0cead165ffe67df1b73fe5866d10629f4faefb12"},
release-candidate-full-proof	UNKNOWN STEP	2026-09-18T08:28:21.2106460Z     │   ~
release-candidate-full-proof	UNKNOWN STEP	2026-09-18T08:28:21.2106781Z     │
release-candidate-full-proof	UNKNOWN STEP	2026-09-18T08:28:21.2107151Z     └─ mix.lock:34:3
release-candidate-full-proof	UNKNOWN STEP	2026-09-18T08:28:21.2107380Z 
release-candidate-full-proof	UNKNOWN STEP	2026-09-18T08:28:21.2108967Z     warning: found quoted keyword "telemetry" but the quotes are not required. Note that keywords are always atoms, even when quoted. Similar to atoms, keywords made exclusively of ASCII letters, numbers, and underscores and not beginning with a number do not require quotes
release-candidate-full-proof	UNKNOWN STEP	2026-09-18T08:28:21.2110849Z     │
release-candidate-full-proof	UNKNOWN STEP	2026-09-18T08:28:21.2112450Z  35 │   "telemetry": {:hex, :telemetry, "1.4.2", "a0cb522801dffb1c49fe6e30561badffc7b6d0e180db1300df759faa22062855", [:rebar3], [], "hexpm", "928f6495066506077862c0d1646609eed891a4326bee3126ba54b60af61febb1"},
release-candidate-full-proof	UNKNOWN STEP	2026-09-18T08:28:21.2114087Z     │   ~
release-candidate-full-proof	UNKNOWN STEP	2026-09-18T08:28:21.2114385Z     │
release-candidate-full-proof	UNKNOWN STEP	2026-09-18T08:28:21.2114722Z     └─ mix.lock:35:3
release-candidate-full-proof	UNKNOWN STEP	2026-09-18T08:28:21.2114938Z 
release-candidate-full-proof	UNKNOWN STEP	2026-09-18T08:28:21.2116475Z     warning: found quoted keyword "telemetry_metrics" but the quotes are not required. Note that keywords are always atoms, even when quoted. Similar to atoms, keywords made exclusively of ASCII letters, numbers, and underscores and not beginning with a number do not require quotes
release-candidate-full-proof	UNKNOWN STEP	2026-09-18T08:28:21.2117621Z     │
release-candidate-full-proof	UNKNOWN STEP	2026-09-18T08:28:21.2118889Z  36 │   "telemetry_metrics": {:hex, :telemetry_metrics, "1.2.0", "7632c19c01d88d8aaca5da1a0e8912f5af39b79e7c08a2c253aeb3c14c2c957e", [:mix], [{:telemetry, "~> 0.4 or ~> 1.0", [hex: :telemetry, repo: "hexpm", optional: false]}], "hexpm", "71dde12fc29b58b9c77ec17ec319109e5ca848d010fc1965ed4463bba1837c07"},
release-candidate-full-proof	UNKNOWN STEP	2026-09-18T08:28:21.2120554Z     │   ~
release-candidate-full-proof	UNKNOWN STEP	2026-09-18T08:28:21.2120873Z     │
release-candidate-full-proof	UNKNOWN STEP	2026-09-18T08:28:21.2121249Z     └─ mix.lock:36:3
release-candidate-full-proof	UNKNOWN STEP	2026-09-18T08:28:21.2121532Z 
release-candidate-full-proof	UNKNOWN STEP	2026-09-18T08:28:21.2123487Z     warning: found quoted keyword "telemetry_poller" but the quotes are not required. Note that keywords are always atoms, even when quoted. Similar to atoms, keywords made exclusively of ASCII letters, numbers, and underscores and not beginning with a number do not require quotes
release-candidate-full-proof	UNKNOWN STEP	2026-09-18T08:28:21.2125370Z     │
release-candidate-full-proof	UNKNOWN STEP	2026-09-18T08:28:21.2126606Z  37 │   "telemetry_poller": {:hex, :telemetry_poller, "1.3.0", "d5c46420126b5ac2d72bc6580fb4f537d35e851cc0f8dbd571acf6d6e10f5ec7", [:rebar3], [{:telemetry, "~> 1.0", [hex: :telemetry, repo: "hexpm", optional: false]}], "hexpm", "51f18bed7128544a50f75897db9974436ea9bfba560420b646af27a9a9b35211"},
release-candidate-full-proof	UNKNOWN STEP	2026-09-18T08:28:21.2127695Z     │   ~
release-candidate-full-proof	UNKNOWN STEP	2026-09-18T08:28:21.2127892Z     │
release-candidate-full-proof	UNKNOWN STEP	2026-09-18T08:28:21.2128109Z     └─ mix.lock:37:3
release-candidate-full-proof	UNKNOWN STEP	2026-09-18T08:28:21.2128242Z 
release-candidate-full-proof	UNKNOWN STEP	2026-09-18T08:28:21.2129325Z     warning: found quoted keyword "thousand_island" but the quotes are not required. Note that keywords are always atoms, even when quoted. Similar to atoms, keywords made exclusively of ASCII letters, numbers, and underscores and not beginning with a number do not require quotes
release-candidate-full-proof	UNKNOWN STEP	2026-09-18T08:28:21.2130393Z     │
release-candidate-full-proof	UNKNOWN STEP	2026-09-18T08:28:21.2131579Z  38 │   "thousand_island": {:hex, :thousand_island, "1.5.0", "f50a213cac97262b6d5ebb85745aa2c00fec1413191e6e66834788d45425cecb", [:mix], [{:telemetry, "~> 0.4 or ~> 1.0", [hex: :telemetry, repo: "hexpm", optional: false]}], "hexpm", "708923d40523e43cf99041ab37a0d4b0ec426ac6438fa3716ab23d919eaeb412"},
release-candidate-full-proof	UNKNOWN STEP	2026-09-18T08:28:21.2132664Z     │   ~
release-candidate-full-proof	UNKNOWN STEP	2026-09-18T08:28:21.2132853Z     │
release-candidate-full-proof	UNKNOWN STEP	2026-09-18T08:28:21.2133062Z     └─ mix.lock:38:3
release-candidate-full-proof	UNKNOWN STEP	2026-09-18T08:28:21.2133194Z 
release-candidate-full-proof	UNKNOWN STEP	2026-09-18T08:28:21.2134780Z     warning: found quoted keyword "vix" but the quotes are not required. Note that keywords are always atoms, even when quoted. Similar to atoms, keywords made exclusively of ASCII letters, numbers, and underscores and not beginning with a number do not require quotes
release-candidate-full-proof	UNKNOWN STEP	2026-09-18T08:28:21.2135850Z     │
release-candidate-full-proof	UNKNOWN STEP	2026-09-18T08:28:21.2137537Z  39 │   "vix": {:hex, :vix, "0.41.0", "a17e233d57170d8f25a960d28c87194ca4ebd28100c2620ba91ecc8bede96234", [:make, :mix], [{:cc_precompiler, "~> 0.1.4 or ~> 0.2", [hex: :cc_precompiler, repo: "hexpm", optional: false]}, {:elixir_make, "~> 0.7.3 or ~> 0.8", [hex: :elixir_make, repo: "hexpm", optional: false]}, {:kino, "~> 0.7", [hex: :kino, repo: "hexpm", optional: true]}], "hexpm", "9a16b5acd9989630cae44333fcf9de11a54609a7596bba59a0c424593b3f9570"},
release-candidate-full-proof	UNKNOWN STEP	2026-09-18T08:28:21.2139292Z     │   ~
release-candidate-full-proof	UNKNOWN STEP	2026-09-18T08:28:21.2139647Z     │
release-candidate-full-proof	UNKNOWN STEP	2026-09-18T08:28:21.2140023Z     └─ mix.lock:39:3
release-candidate-full-proof	UNKNOWN STEP	2026-09-18T08:28:21.2140304Z 
release-candidate-full-proof	UNKNOWN STEP	2026-09-18T08:28:21.2142136Z     warning: found quoted keyword "websock" but the quotes are not required. Note that keywords are always atoms, even when quoted. Similar to atoms, keywords made exclusively of ASCII letters, numbers, and underscores and not beginning with a number do not require quotes
release-candidate-full-proof	UNKNOWN STEP	2026-09-18T08:28:21.2143233Z     │
release-candidate-full-proof	UNKNOWN STEP	2026-09-18T08:28:21.2144388Z  40 │   "websock": {:hex, :websock, "0.5.3", "2f69a6ebe810328555b6fe5c831a851f485e303a7c8ce6c5f675abeb20ebdadc", [:mix], [], "hexpm", "6105453d7fac22c712ad66fab1d45abdf049868f253cf719b625151460b8b453"},
release-candidate-full-proof	UNKNOWN STEP	2026-09-18T08:28:21.2145189Z     │   ~
release-candidate-full-proof	UNKNOWN STEP	2026-09-18T08:28:21.2145385Z     │
release-candidate-full-proof	UNKNOWN STEP	2026-09-18T08:28:21.2145601Z     └─ mix.lock:40:3
release-candidate-full-proof	UNKNOWN STEP	2026-09-18T08:28:21.2145742Z 
release-candidate-full-proof	UNKNOWN STEP	2026-09-18T08:28:21.2146641Z     warning: found quoted keyword "websock_adapter" but the quotes are not required. Note that keywords are always atoms, even when quoted. Similar to atoms, keywords made exclusively of ASCII letters, numbers, and underscores and not beginning with a number do not require quotes
release-candidate-full-proof	UNKNOWN STEP	2026-09-18T08:28:21.2147700Z     │
release-candidate-full-proof	UNKNOWN STEP	2026-09-18T08:28:21.2149560Z  41 │   "websock_adapter": {:hex, :websock_adapter, "0.6.0", "73db5ab8aaefd1a876a97ce3e6afc96562625de69ef17a4e04426e034849d0b8", [:mix], [{:bandit, ">= 0.6.0", [hex: :bandit, repo: "hexpm", optional: true]}, {:plug, "~> 1.14", [hex: :plug, repo: "hexpm", optional: false]}, {:plug_cowboy, "~> 2.6", [hex: :plug_cowboy, repo: "hexpm", optional: true]}, {:websock, "~> 0.5", [hex: :websock, repo: "hexpm", optional: false]}], "hexpm", "50021a85bce8f203b086705d9e0c5415e2c7eb05d319111b0428fe71f9934617"},
release-candidate-full-proof	UNKNOWN STEP	2026-09-18T08:28:21.2151376Z     │   ~
release-candidate-full-proof	UNKNOWN STEP	2026-09-18T08:28:21.2151565Z     │
release-candidate-full-proof	UNKNOWN STEP	2026-09-18T08:28:21.2151775Z     └─ mix.lock:41:3
release-candidate-full-proof	UNKNOWN STEP	2026-09-18T08:28:21.2151908Z 
release-candidate-full-proof	UNKNOWN STEP	2026-09-18T08:28:21.2226038Z [crosswake] source_mode=candidate-local profile=rindle install=2 step=generate
release-candidate-full-proof	UNKNOWN STEP	2026-09-18T08:28:21.7117013Z hint: Using 'master' as the name for the initial branch. This default branch name
release-candidate-full-proof	UNKNOWN STEP	2026-09-18T08:28:21.7118124Z hint: will change to "main" in Git 3.0. To configure the initial branch name
release-candidate-full-proof	UNKNOWN STEP	2026-09-18T08:28:21.7119147Z hint: to use in all of your new repositories, which will suppress this warning,
release-candidate-full-proof	UNKNOWN STEP	2026-09-18T08:28:21.7119847Z hint: call:
release-candidate-full-proof	UNKNOWN STEP	2026-09-18T08:28:21.7120192Z hint:
release-candidate-full-proof	UNKNOWN STEP	2026-09-18T08:28:21.7120956Z hint: 	git config --global init.defaultBranch <name>
release-candidate-full-proof	UNKNOWN STEP	2026-09-18T08:28:21.7121328Z hint:
release-candidate-full-proof	UNKNOWN STEP	2026-09-18T08:28:21.7121817Z hint: Names commonly chosen instead of 'master' are 'main', 'trunk' and
release-candidate-full-proof	UNKNOWN STEP	2026-09-18T08:28:21.7122733Z hint: 'development'. The just-created branch can be renamed via this command:
release-candidate-full-proof	UNKNOWN STEP	2026-09-18T08:28:21.7123596Z hint:
release-candidate-full-proof	UNKNOWN STEP	2026-09-18T08:28:21.7123954Z hint: 	git branch -m <name>
release-candidate-full-proof	UNKNOWN STEP	2026-09-18T08:28:21.7124326Z hint:
release-candidate-full-proof	UNKNOWN STEP	2026-09-18T08:28:21.7124894Z hint: Disable this message with "git config set advice.defaultBranchName false"
release-candidate-full-proof	UNKNOWN STEP	2026-09-18T08:29:03.4828942Z      warning: a struct for SweetXpath is expected on struct update:
release-candidate-full-proof	UNKNOWN STEP	2026-09-18T08:29:03.4829531Z 
release-candidate-full-proof	UNKNOWN STEP	2026-09-18T08:29:03.4830040Z          %SweetXpath{xpath | namespaces: [{to_charlist(prefix), to_charlist(uri)} | xpath.namespaces]}
release-candidate-full-proof	UNKNOWN STEP	2026-09-18T08:29:03.4830723Z 
release-candidate-full-proof	UNKNOWN STEP	2026-09-18T08:29:03.4830899Z      but got type:
release-candidate-full-proof	UNKNOWN STEP	2026-09-18T08:29:03.4831138Z 
release-candidate-full-proof	UNKNOWN STEP	2026-09-18T08:29:03.4831301Z          dynamic()
release-candidate-full-proof	UNKNOWN STEP	2026-09-18T08:29:03.4831530Z 
release-candidate-full-proof	UNKNOWN STEP	2026-09-18T08:29:03.4831738Z      where "xpath" was given the type:
release-candidate-full-proof	UNKNOWN STEP	2026-09-18T08:29:03.4832127Z 
release-candidate-full-proof	UNKNOWN STEP	2026-09-18T08:29:03.4832315Z          # type: dynamic()
release-candidate-full-proof	UNKNOWN STEP	2026-09-18T08:29:03.4832735Z          # from: lib/sweet_xml.ex:245:21
release-candidate-full-proof	UNKNOWN STEP	2026-09-18T08:29:03.4833199Z          xpath
release-candidate-full-proof	UNKNOWN STEP	2026-09-18T08:29:03.4833654Z 
release-candidate-full-proof	UNKNOWN STEP	2026-09-18T08:29:03.4834099Z      when defining the variable "xpath", you must also pattern match on "%SweetXpath{}".
release-candidate-full-proof	UNKNOWN STEP	2026-09-18T08:29:03.4834714Z 
release-candidate-full-proof	UNKNOWN STEP	2026-09-18T08:29:03.4835561Z      hint: given pattern matching is enough to catch typing errors, you may optionally convert the struct update into a map update. For example, instead of:
release-candidate-full-proof	UNKNOWN STEP	2026-09-18T08:29:03.4836564Z 
release-candidate-full-proof	UNKNOWN STEP	2026-09-18T08:29:03.4836735Z          user = some_function()
release-candidate-full-proof	UNKNOWN STEP	2026-09-18T08:29:03.4837177Z          %User{user | name: "John Doe"}
release-candidate-full-proof	UNKNOWN STEP	2026-09-18T08:29:03.4837493Z 
release-candidate-full-proof	UNKNOWN STEP	2026-09-18T08:29:03.4837657Z      it is enough to write:
release-candidate-full-proof	UNKNOWN STEP	2026-09-18T08:29:03.4837923Z 
release-candidate-full-proof	UNKNOWN STEP	2026-09-18T08:29:03.4838106Z          %User{} = user = some_function()
release-candidate-full-proof	UNKNOWN STEP	2026-09-18T08:29:03.4838583Z          %{user | name: "John Doe"}
release-candidate-full-proof	UNKNOWN STEP	2026-09-18T08:29:03.4838881Z 
release-candidate-full-proof	UNKNOWN STEP	2026-09-18T08:29:03.4839080Z      typing violation found at:
release-candidate-full-proof	UNKNOWN STEP	2026-09-18T08:29:03.4839703Z      │
release-candidate-full-proof	UNKNOWN STEP	2026-09-18T08:29:03.4840416Z  246 │     %SweetXpath{xpath | namespaces: [{to_charlist(prefix), to_charlist(uri)}
release-candidate-full-proof	UNKNOWN STEP	2026-09-18T08:29:03.4841154Z      │     ~
release-candidate-full-proof	UNKNOWN STEP	2026-09-18T08:29:03.4841483Z      │
release-candidate-full-proof	UNKNOWN STEP	2026-09-18T08:29:03.4842003Z      └─ lib/sweet_xml.ex:246:5: SweetXml.add_namespace/3
release-candidate-full-proof	UNKNOWN STEP	2026-09-18T08:29:03.4842398Z 
release-candidate-full-proof	UNKNOWN STEP	2026-09-18T08:29:23.4209041Z     warning: comparison between distinct types found:
release-candidate-full-proof	UNKNOWN STEP	2026-09-18T08:29:23.4209893Z 
release-candidate-full-proof	UNKNOWN STEP	2026-09-18T08:29:23.4210663Z         left != right
release-candidate-full-proof	UNKNOWN STEP	2026-09-18T08:29:23.4211210Z 
release-candidate-full-proof	UNKNOWN STEP	2026-09-18T08:29:23.4211693Z     given types:
release-candidate-full-proof	UNKNOWN STEP	2026-09-18T08:29:23.4211949Z 
release-candidate-full-proof	UNKNOWN STEP	2026-09-18T08:29:23.4212429Z         dynamic(non_empty_list(:available or :queued or :rejected or :scanning or :uploaded)) !=
release-candidate-full-proof	UNKNOWN STEP	2026-09-18T08:29:23.4213019Z           empty_list()
release-candidate-full-proof	UNKNOWN STEP	2026-09-18T08:29:23.4213172Z 
release-candidate-full-proof	UNKNOWN STEP	2026-09-18T08:29:23.4213687Z     where "left" (context ExUnit.Assertions) was given the type:
release-candidate-full-proof	UNKNOWN STEP	2026-09-18T08:29:23.4213975Z 
release-candidate-full-proof	UNKNOWN STEP	2026-09-18T08:29:23.4214311Z         # type: dynamic(non_empty_list(:available or :queued or :rejected or :scanning or :uploaded))
release-candidate-full-proof	UNKNOWN STEP	2026-09-18T08:29:23.4215216Z         # from: test/crosswake_cleanroom_smoke_test.exs:22
release-candidate-full-proof	UNKNOWN STEP	2026-09-18T08:29:23.4215669Z         left = Crosswake.Companions.Rindle.Contracts.media_state_vocabulary()
release-candidate-full-proof	UNKNOWN STEP	2026-09-18T08:29:23.4215981Z 
release-candidate-full-proof	UNKNOWN STEP	2026-09-18T08:29:23.4216161Z     where "right" (context ExUnit.Assertions) was given the type:
release-candidate-full-proof	UNKNOWN STEP	2026-09-18T08:29:23.4216428Z 
release-candidate-full-proof	UNKNOWN STEP	2026-09-18T08:29:23.4216532Z         # type: empty_list()
release-candidate-full-proof	UNKNOWN STEP	2026-09-18T08:29:23.4217055Z         # from: test/crosswake_cleanroom_smoke_test.exs:22
release-candidate-full-proof	UNKNOWN STEP	2026-09-18T08:29:23.4217640Z         right = []
release-candidate-full-proof	UNKNOWN STEP	2026-09-18T08:29:23.4217874Z 
release-candidate-full-proof	UNKNOWN STEP	2026-09-18T08:29:23.4218739Z     While Elixir can compare across all types, you are comparing across types which are always disjoint, and the result is either always true or always false
release-candidate-full-proof	UNKNOWN STEP	2026-09-18T08:29:23.4219724Z 
release-candidate-full-proof	UNKNOWN STEP	2026-09-18T08:29:23.4219902Z     typing violation found at:
release-candidate-full-proof	UNKNOWN STEP	2026-09-18T08:29:23.4220485Z     │
release-candidate-full-proof	UNKNOWN STEP	2026-09-18T08:29:23.4221470Z  22 │     assert Crosswake.Companions.Rindle.Contracts.media_state_vocabulary() != []
release-candidate-full-proof	UNKNOWN STEP	2026-09-18T08:29:23.4222438Z     │                                                                           ~
release-candidate-full-proof	UNKNOWN STEP	2026-09-18T08:29:23.4222777Z     │
release-candidate-full-proof	UNKNOWN STEP	2026-09-18T08:29:23.4223820Z     └─ test/crosswake_cleanroom_smoke_test.exs:22:75: CleanRoomHost.CrosswakeSmokeTest."test Rindle engine, dependency, and contracts behavior are non-vacuous"/1
release-candidate-full-proof	UNKNOWN STEP	2026-09-18T08:29:23.4224456Z 
release-candidate-full-proof	UNKNOWN STEP	2026-09-18T08:29:32.0213778Z     warning: found quoted keyword "bandit" but the quotes are not required. Note that keywords are always atoms, even when quoted. Similar to atoms, keywords made exclusively of ASCII letters, numbers, and underscores and not beginning with a number do not require quotes
release-candidate-full-proof	UNKNOWN STEP	2026-09-18T08:29:32.0216502Z     │
release-candidate-full-proof	UNKNOWN STEP	2026-09-18T08:29:32.0220738Z   2 │   "bandit": {:hex, :bandit, "1.12.5", "af205a8e550f304caae09a97d29fd3c79a7f337526ea7cd772d2ff11d2f7c800", [:mix], [{:hpax, "~> 1.0", [hex: :hpax, repo: "hexpm", optional: false]}, {:plug, "~> 1.18", [hex: :plug, repo: "hexpm", optional: false]}, {:telemetry, "~> 0.4 or ~> 1.0", [hex: :telemetry, repo: "hexpm", optional: false]}, {:thousand_island, "~> 1.5", [hex: :thousand_island, repo: "hexpm", optional: false]}, {:websock, "~> 0.5", [hex: :websock, repo: "hexpm", optional: false]}], "hexpm", "c5684ca062fa407cac115aec3256383f3e2ec9fdced7904d59cf5a7bb7ed6181"},
release-candidate-full-proof	UNKNOWN STEP	2026-09-18T08:29:32.0224956Z     │   ~
release-candidate-full-proof	UNKNOWN STEP	2026-09-18T08:29:32.0225565Z     │
release-candidate-full-proof	UNKNOWN STEP	2026-09-18T08:29:32.0226229Z     └─ mix.lock:2:3
release-candidate-full-proof	UNKNOWN STEP	2026-09-18T08:29:32.0226603Z 
release-candidate-full-proof	UNKNOWN STEP	2026-09-18T08:29:32.0228881Z     warning: found quoted keyword "cc_precompiler" but the quotes are not required. Note that keywords are always atoms, even when quoted. Similar to atoms, keywords made exclusively of ASCII letters, numbers, and underscores and not beginning with a number do not require quotes
release-candidate-full-proof	UNKNOWN STEP	2026-09-18T08:29:32.0231558Z     │
release-candidate-full-proof	UNKNOWN STEP	2026-09-18T08:29:32.0234689Z   3 │   "cc_precompiler": {:hex, :cc_precompiler, "0.1.11", "8c844d0b9fb98a3edea067f94f616b3f6b29b959b6b3bf25fee94ffe34364768", [:mix], [{:elixir_make, "~> 0.7", [hex: :elixir_make, repo: "hexpm", optional: false]}], "hexpm", "3427232caf0835f94680e5bcf082408a70b48ad68a5f5c0b02a3bea9f3a075b9"},
release-candidate-full-proof	UNKNOWN STEP	2026-09-18T08:29:32.0237007Z     │   ~
release-candidate-full-proof	UNKNOWN STEP	2026-09-18T08:29:32.0237980Z     │
release-candidate-full-proof	UNKNOWN STEP	2026-09-18T08:29:32.0238605Z     └─ mix.lock:3:3
release-candidate-full-proof	UNKNOWN STEP	2026-09-18T08:29:32.0239050Z 
release-candidate-full-proof	UNKNOWN STEP	2026-09-18T08:29:32.0241226Z     warning: found quoted keyword "color" but the quotes are not required. Note that keywords are always atoms, even when quoted. Similar to atoms, keywords made exclusively of ASCII letters, numbers, and underscores and not beginning with a number do not require quotes
release-candidate-full-proof	UNKNOWN STEP	2026-09-18T08:29:32.0244044Z     │
release-candidate-full-proof	UNKNOWN STEP	2026-09-18T08:29:32.0247062Z   4 │   "color": {:hex, :color, "0.13.0", "068110e5397ac5d3c9f97658282e0f4ab9a32468be6d7a2a91a8804e67b228d7", [:mix], [{:bandit, "~> 1.5", [hex: :bandit, repo: "hexpm", optional: true]}, {:plug, "~> 1.15", [hex: :plug, repo: "hexpm", optional: true]}], "hexpm", "de127946869931d418bac2d82dc29feae1a8f5f729f135922fbccf0059a58ab2"},
release-candidate-full-proof	UNKNOWN STEP	2026-09-18T08:29:32.0249799Z     │   ~
release-candidate-full-proof	UNKNOWN STEP	2026-09-18T08:29:32.0250934Z     │
release-candidate-full-proof	UNKNOWN STEP	2026-09-18T08:29:32.0251574Z     └─ mix.lock:4:3
release-candidate-full-proof	UNKNOWN STEP	2026-09-18T08:29:32.0252395Z 
release-candidate-full-proof	UNKNOWN STEP	2026-09-18T08:29:32.0254319Z     warning: found quoted keyword "db_connection" but the quotes are not required. Note that keywords are always atoms, even when quoted. Similar to atoms, keywords made exclusively of ASCII letters, numbers, and underscores and not beginning with a number do not require quotes
release-candidate-full-proof	UNKNOWN STEP	2026-09-18T08:29:32.0256344Z     │
release-candidate-full-proof	UNKNOWN STEP	2026-09-18T08:29:32.0258897Z   5 │   "db_connection": {:hex, :db_connection, "2.10.2", "ae391e803a5adff104da913c2fc1c0c14a37f8b10001dcef568796e1fb7bf95c", [:mix], [{:telemetry, "~> 0.4 or ~> 1.0", [hex: :telemetry, repo: "hexpm", optional: false]}], "hexpm", "510b14482330f1af6490a2fa0efd8d4f1435d1529b165647df22ac0f2df0fa93"},
release-candidate-full-proof	UNKNOWN STEP	2026-09-18T08:29:32.0261538Z     │   ~
release-candidate-full-proof	UNKNOWN STEP	2026-09-18T08:29:32.0262100Z     │
release-candidate-full-proof	UNKNOWN STEP	2026-09-18T08:29:32.0262697Z     └─ mix.lock:5:3
release-candidate-full-proof	UNKNOWN STEP	2026-09-18T08:29:32.0263134Z 
release-candidate-full-proof	UNKNOWN STEP	2026-09-18T08:29:32.0265945Z     warning: found quoted keyword "decimal" but the quotes are not required. Note that keywords are always atoms, even when quoted. Similar to atoms, keywords made exclusively of ASCII letters, numbers, and underscores and not beginning with a number do not require quotes
release-candidate-full-proof	UNKNOWN STEP	2026-09-18T08:29:32.0268617Z     │
release-candidate-full-proof	UNKNOWN STEP	2026-09-18T08:29:32.0270481Z   6 │   "decimal": {:hex, :decimal, "3.1.1", "430d87b04011ce6cbd4fd205be758311a81f87d552d40904abd00f015935b1d0", [:mix], [], "hexpm", "c5f25f2ced74a0587d03e6023f595db8e924c9d3922c8c8ffd9edfc4498cf1f6"},
release-candidate-full-proof	UNKNOWN STEP	2026-09-18T08:29:32.0272455Z     │   ~
release-candidate-full-proof	UNKNOWN STEP	2026-09-18T08:29:32.0272951Z     │
release-candidate-full-proof	UNKNOWN STEP	2026-09-18T08:29:32.0274114Z     └─ mix.lock:6:3
release-candidate-full-proof	UNKNOWN STEP	2026-09-18T08:29:32.0274480Z 
release-candidate-full-proof	UNKNOWN STEP	2026-09-18T08:29:32.0276138Z     warning: found quoted keyword "dns_cluster" but the quotes are not required. Note that keywords are always atoms, even when quoted. Similar to atoms, keywords made exclusively of ASCII letters, numbers, and underscores and not beginning with a number do not require quotes
release-candidate-full-proof	UNKNOWN STEP	2026-09-18T08:29:32.0278503Z     │
release-candidate-full-proof	UNKNOWN STEP	2026-09-18T08:29:32.0280288Z   7 │   "dns_cluster": {:hex, :dns_cluster, "0.2.0", "aa8eb46e3bd0326bd67b84790c561733b25c5ba2fe3c7e36f28e88f384ebcb33", [:mix], [], "hexpm", "ba6f1893411c69c01b9e8e8f772062535a4cf70f3f35bcc964a324078d8c8240"},
release-candidate-full-proof	UNKNOWN STEP	2026-09-18T08:29:32.0282277Z     │   ~
release-candidate-full-proof	UNKNOWN STEP	2026-09-18T08:29:32.0282735Z     │
release-candidate-full-proof	UNKNOWN STEP	2026-09-18T08:29:32.0283237Z     └─ mix.lock:7:3
release-candidate-full-proof	UNKNOWN STEP	2026-09-18T08:29:32.0283798Z 
release-candidate-full-proof	UNKNOWN STEP	2026-09-18T08:29:32.0285457Z     warning: found quoted keyword "ecto" but the quotes are not required. Note that keywords are always atoms, even when quoted. Similar to atoms, keywords made exclusively of ASCII letters, numbers, and underscores and not beginning with a number do not require quotes
release-candidate-full-proof	UNKNOWN STEP	2026-09-18T08:29:32.0287728Z     │
release-candidate-full-proof	UNKNOWN STEP	2026-09-18T08:29:32.0290580Z   8 │   "ecto": {:hex, :ecto, "3.14.2", "99db28a864293a789c970651de711e3cae184291e0e7ea1166c54055ac41c1f3", [:mix], [{:decimal, "~> 3.0", [hex: :decimal, repo: "hexpm", optional: false]}, {:jason, "~> 1.0", [hex: :jason, repo: "hexpm", optional: true]}, {:telemetry, "~> 0.4 or ~> 1.0", [hex: :telemetry, repo: "hexpm", optional: false]}], "hexpm", "25d60b8c816a07d19d85b80bdf60978bd8b102209dda198d768cd7c6745339a6"},
release-candidate-full-proof	UNKNOWN STEP	2026-09-18T08:29:32.0293615Z     │   ~
release-candidate-full-proof	UNKNOWN STEP	2026-09-18T08:29:32.0294095Z     │
release-candidate-full-proof	UNKNOWN STEP	2026-09-18T08:29:32.0294591Z     └─ mix.lock:8:3
release-candidate-full-proof	UNKNOWN STEP	2026-09-18T08:29:32.0294945Z 
release-candidate-full-proof	UNKNOWN STEP	2026-09-18T08:29:32.0296934Z     warning: found quoted keyword "ecto_sql" but the quotes are not required. Note that keywords are always atoms, even when quoted. Similar to atoms, keywords made exclusively of ASCII letters, numbers, and underscores and not beginning with a number do not require quotes
release-candidate-full-proof	UNKNOWN STEP	2026-09-18T08:29:32.0298859Z     │
release-candidate-full-proof	UNKNOWN STEP	2026-09-18T08:29:32.0304225Z   9 │   "ecto_sql": {:hex, :ecto_sql, "3.14.0", "06446ab8410d2f85bfbb80857ee224ab3b693700cbb38f6535d507449a627b2e", [:mix], [{:db_connection, "~> 2.9", [hex: :db_connection, repo: "hexpm", optional: false]}, {:decimal, "~> 3.0", [hex: :decimal, repo: "hexpm", optional: false]}, {:ecto, "~> 3.14.0", [hex: :ecto, repo: "hexpm", optional: false]}, {:myxql, "~> 0.8", [hex: :myxql, repo: "hexpm", optional: true]}, {:postgrex, "~> 0.19 or ~> 1.0", [hex: :postgrex, repo: "hexpm", optional: true]}, {:tds, "~> 2.1.1 or ~> 2.2", [hex: :tds, repo: "hexpm", optional: true]}, {:telemetry, "~> 0.4.0 or ~> 1.0", [hex: :telemetry, repo: "hexpm", optional: false]}], "hexpm", "f4d8d36faf294c9417b5a37ec7ac8217ee2abdef5fcf197ba690f361548d3949"},
release-candidate-full-proof	UNKNOWN STEP	2026-09-18T08:29:32.0309193Z     │   ~
release-candidate-full-proof	UNKNOWN STEP	2026-09-18T08:29:32.0309909Z     │
release-candidate-full-proof	UNKNOWN STEP	2026-09-18T08:29:32.0310781Z     └─ mix.lock:9:3
release-candidate-full-proof	UNKNOWN STEP	2026-09-18T08:29:32.0311219Z 
release-candidate-full-proof	UNKNOWN STEP	2026-09-18T08:29:32.0313044Z     warning: found quoted keyword "elixir_make" but the quotes are not required. Note that keywords are always atoms, even when quoted. Similar to atoms, keywords made exclusively of ASCII letters, numbers, and underscores and not beginning with a number do not require quotes
release-candidate-full-proof	UNKNOWN STEP	2026-09-18T08:29:32.0315910Z     │
release-candidate-full-proof	UNKNOWN STEP	2026-09-18T08:29:32.0318083Z  10 │   "elixir_make": {:hex, :elixir_make, "0.10.0", "16577e2583a79bb79237bbff349619ef5d80afffc07eac6e4faf0d00e2ddaf7d", [:mix], [], "hexpm", "dc1f09fb7fa68866b886abd5f0f3c83553b1a19a52359a899e92af1bb3b31982"},
release-candidate-full-proof	UNKNOWN STEP	2026-09-18T08:29:32.0320361Z     │   ~
release-candidate-full-proof	UNKNOWN STEP	2026-09-18T08:29:32.0321022Z     │
release-candidate-full-proof	UNKNOWN STEP	2026-09-18T08:29:32.0321638Z     └─ mix.lock:10:3
release-candidate-full-proof	UNKNOWN STEP	2026-09-18T08:29:32.0322081Z 
release-candidate-full-proof	UNKNOWN STEP	2026-09-18T08:29:32.0324118Z     warning: found quoted keyword "ex_aws" but the quotes are not required. Note that keywords are always atoms, even when quoted. Similar to atoms, keywords made exclusively of ASCII letters, numbers, and underscores and not beginning with a number do not require quotes
release-candidate-full-proof	UNKNOWN STEP	2026-09-18T08:29:32.0326354Z     │
release-candidate-full-proof	UNKNOWN STEP	2026-09-18T08:29:32.0331952Z  11 │   "ex_aws": {:hex, :ex_aws, "2.7.0", "e6bfd4b5fb8c791aa6c7d57fc7c45f050bb89de9576f1f6104aa974b234c01ec", [:mix], [{:configparser_ex, "~> 5.0", [hex: :configparser_ex, repo: "hexpm", optional: true]}, {:hackney, "~> 4.0", [hex: :hackney, repo: "hexpm", optional: true]}, {:jason, "~> 1.1", [hex: :jason, repo: "hexpm", optional: true]}, {:jsx, "~> 2.8 or ~> 3.0", [hex: :jsx, repo: "hexpm", optional: true]}, {:mime, "~> 1.2 or ~> 2.0", [hex: :mime, repo: "hexpm", optional: false]}, {:req, "~> 0.5.10 or ~> 0.6 or ~> 1.0", [hex: :req, repo: "hexpm", optional: true]}, {:sweet_xml, "~> 0.7", [hex: :sweet_xml, repo: "hexpm", optional: true]}, {:telemetry, "~> 0.4.3 or ~> 1.0", [hex: :telemetry, repo: "hexpm", optional: false]}], "hexpm", "bfe9d744d4fd4c1f40314ee7fab504d5547d1f01cd377fff1568cbe630b06d65"},
release-candidate-full-proof	UNKNOWN STEP	2026-09-18T08:29:32.0336866Z     │   ~
release-candidate-full-proof	UNKNOWN STEP	2026-09-18T08:29:32.0337253Z     │
release-candidate-full-proof	UNKNOWN STEP	2026-09-18T08:29:32.0337677Z     └─ mix.lock:11:3
release-candidate-full-proof	UNKNOWN STEP	2026-09-18T08:29:32.0337930Z 
release-candidate-full-proof	UNKNOWN STEP	2026-09-18T08:29:32.0339571Z     warning: found quoted keyword "ex_aws_s3" but the quotes are not required. Note that keywords are always atoms, even when quoted. Similar to atoms, keywords made exclusively of ASCII letters, numbers, and underscores and not beginning with a number do not require quotes
release-candidate-full-proof	UNKNOWN STEP	2026-09-18T08:29:32.0341586Z     │
release-candidate-full-proof	UNKNOWN STEP	2026-09-18T08:29:32.0344334Z  12 │   "ex_aws_s3": {:hex, :ex_aws_s3, "2.5.9", "862b7792f2e60d7010e2920d79964e3fab289bc0fd951b0ba8457a3f7f9d1199", [:mix], [{:ex_aws, "~> 2.0", [hex: :ex_aws, repo: "hexpm", optional: false]}, {:sweet_xml, ">= 0.0.0", [hex: :sweet_xml, repo: "hexpm", optional: true]}], "hexpm", "a480d2bb2da64610014021629800e1e9457ca5e4a62f6775bffd963360c2bf90"},
release-candidate-full-proof	UNKNOWN STEP	2026-09-18T08:29:32.0346643Z     │   ~
release-candidate-full-proof	UNKNOWN STEP	2026-09-18T08:29:32.0347009Z     │
release-candidate-full-proof	UNKNOWN STEP	2026-09-18T08:29:32.0347422Z     └─ mix.lock:12:3
release-candidate-full-proof	UNKNOWN STEP	2026-09-18T08:29:32.0347678Z 
release-candidate-full-proof	UNKNOWN STEP	2026-09-18T08:29:32.0349339Z     warning: found quoted keyword "ex_marcel" but the quotes are not required. Note that keywords are always atoms, even when quoted. Similar to atoms, keywords made exclusively of ASCII letters, numbers, and underscores and not beginning with a number do not require quotes
release-candidate-full-proof	UNKNOWN STEP	2026-09-18T08:29:32.0351336Z     │
release-candidate-full-proof	UNKNOWN STEP	2026-09-18T08:29:32.0353021Z  13 │   "ex_marcel": {:hex, :ex_marcel, "0.2.0", "0aae641f4144ff9d3c37f36dc62e1ee94c4a4e8d34683be8321f9c2c7e459ada", [:mix], [], "hexpm", "fecf90bfe1cb4097d58ac7d444249afc9e8a314413f82cfb29a8a758ec65fcd5"},
release-candidate-full-proof	UNKNOWN STEP	2026-09-18T08:29:32.0354833Z     │   ~
release-candidate-full-proof	UNKNOWN STEP	2026-09-18T08:29:32.0355201Z     │
release-candidate-full-proof	UNKNOWN STEP	2026-09-18T08:29:32.0355870Z     └─ mix.lock:13:3
release-candidate-full-proof	UNKNOWN STEP	2026-09-18T08:29:32.0356126Z 
release-candidate-full-proof	UNKNOWN STEP	2026-09-18T08:29:32.0357734Z     warning: found quoted keyword "file_system" but the quotes are not required. Note that keywords are always atoms, even when quoted. Similar to atoms, keywords made exclusively of ASCII letters, numbers, and underscores and not beginning with a number do not require quotes
release-candidate-full-proof	UNKNOWN STEP	2026-09-18T08:29:32.0359747Z     │
release-candidate-full-proof	UNKNOWN STEP	2026-09-18T08:29:32.0361389Z  14 │   "file_system": {:hex, :file_system, "1.1.1", "31864f4685b0148f25bd3fbef2b1228457c0c89024ad67f7a81a3ffbc0bbad3a", [:mix], [], "hexpm", "7a15ff97dfe526aeefb090a7a9d3d03aa907e100e262a0f8f7746b78f8f87a5d"},
release-candidate-full-proof	UNKNOWN STEP	2026-09-18T08:29:32.0362915Z     │   ~
release-candidate-full-proof	UNKNOWN STEP	2026-09-18T08:29:32.0363264Z     │
release-candidate-full-proof	UNKNOWN STEP	2026-09-18T08:29:32.0363926Z     └─ mix.lock:14:3
release-candidate-full-proof	UNKNOWN STEP	2026-09-18T08:29:32.0364181Z 
release-candidate-full-proof	UNKNOWN STEP	2026-09-18T08:29:32.0366064Z     warning: found quoted keyword "fine" but the quotes are not required. Note that keywords are always atoms, even when quoted. Similar to atoms, keywords made exclusively of ASCII letters, numbers, and underscores and not beginning with a number do not require quotes
release-candidate-full-proof	UNKNOWN STEP	2026-09-18T08:29:32.0368092Z     │
release-candidate-full-proof	UNKNOWN STEP	2026-09-18T08:29:32.0369690Z  15 │   "fine": {:hex, :fine, "0.1.6", "4bf7151493443c454aac9f2fa2f34f5fefd0346a83fb5586a016c4a135c63247", [:mix], [], "hexpm", "5638eb4495488e885ebec167fa57973e5c35e1a50c344eb7666c90ec1c4e3b12"},
release-candidate-full-proof	UNKNOWN STEP	2026-09-18T08:29:32.0371014Z     │   ~
release-candidate-full-proof	UNKNOWN STEP	2026-09-18T08:29:32.0371319Z     │
release-candidate-full-proof	UNKNOWN STEP	2026-09-18T08:29:32.0371666Z     └─ mix.lock:15:3
release-candidate-full-proof	UNKNOWN STEP	2026-09-18T08:29:32.0371888Z 
release-candidate-full-proof	UNKNOWN STEP	2026-09-18T08:29:32.0373639Z     warning: found quoted keyword "hpax" but the quotes are not required. Note that keywords are always atoms, even when quoted. Similar to atoms, keywords made exclusively of ASCII letters, numbers, and underscores and not beginning with a number do not require quotes
release-candidate-full-proof	UNKNOWN STEP	2026-09-18T08:29:32.0375933Z     │
release-candidate-full-proof	UNKNOWN STEP	2026-09-18T08:29:32.0377494Z  16 │   "hpax": {:hex, :hpax, "1.0.4", "777de5d433b0fbdc7c418159c8055910faa8047ffdb3d6b31098d2a46cd7685c", [:mix], [], "hexpm", "afc7cb142ebcc2d01ce7816190b98ce5dd49e799111b24249f3443d730f377ca"},
release-candidate-full-proof	UNKNOWN STEP	2026-09-18T08:29:32.0378936Z     │   ~
release-candidate-full-proof	UNKNOWN STEP	2026-09-18T08:29:32.0379267Z     │
release-candidate-full-proof	UNKNOWN STEP	2026-09-18T08:29:32.0379644Z     └─ mix.lock:16:3
release-candidate-full-proof	UNKNOWN STEP	2026-09-18T08:29:32.0379957Z 
release-candidate-full-proof	UNKNOWN STEP	2026-09-18T08:29:32.0381520Z     warning: found quoted keyword "image" but the quotes are not required. Note that keywords are always atoms, even when quoted. Similar to atoms, keywords made exclusively of ASCII letters, numbers, and underscores and not beginning with a number do not require quotes
release-candidate-full-proof	UNKNOWN STEP	2026-09-18T08:29:32.0383017Z     │
release-candidate-full-proof	UNKNOWN STEP	2026-09-18T08:29:32.0389209Z  17 │   "image": {:hex, :image, "0.72.0", "d7ceb8d67fddb396b1d0262857551c92692499cce9e9cd40156e322616e53b25", [:mix], [{:color, "~> 0.13", [hex: :color, repo: "hexpm", optional: false]}, {:evision, "~> 0.1.33 or ~> 0.2", [hex: :evision, repo: "hexpm", optional: true]}, {:exla, "~> 0.12", [hex: :exla, repo: "hexpm", optional: true]}, {:kino, "~> 0.13", [hex: :kino, repo: "hexpm", optional: true]}, {:nx, "~> 0.12", [hex: :nx, repo: "hexpm", optional: true]}, {:nx_image, "~> 0.1", [hex: :nx_image, repo: "hexpm", optional: true]}, {:phoenix_html, "~> 2.1 or ~> 3.2 or ~> 4.0", [hex: :phoenix_html, repo: "hexpm", optional: false]}, {:plug, "~> 1.13", [hex: :plug, repo: "hexpm", optional: true]}, {:req, "~> 0.4", [hex: :req, repo: "hexpm", optional: true]}, {:rustler, "> 0.0.0", [hex: :rustler, repo: "hexpm", optional: true]}, {:scholar, "~> 0.3", [hex: :scholar, repo: "hexpm", optional: true]}, {:sweet_xml, "~> 0.7", [hex: :sweet_xml, repo: "hexpm", optional: false]}, {:vix, "~> 0.33", [hex: :vix, repo: "hexpm", optional: false]}, {:xav, "~> 0.10", [hex: :xav, repo: "hexpm", optional: true]}], "hexpm", "d55a6c3c90fe76e96265b655d85d6f2fafc439f66c6e792a4925f2d84378f3b0"},
release-candidate-full-proof	UNKNOWN STEP	2026-09-18T08:29:32.0395956Z     │   ~
release-candidate-full-proof	UNKNOWN STEP	2026-09-18T08:29:32.0396298Z     │
release-candidate-full-proof	UNKNOWN STEP	2026-09-18T08:29:32.0396688Z     └─ mix.lock:17:3
release-candidate-full-proof	UNKNOWN STEP	2026-09-18T08:29:32.0396935Z 
release-candidate-full-proof	UNKNOWN STEP	2026-09-18T08:29:32.0398604Z     warning: found quoted keyword "jason" but the quotes are not required. Note that keywords are always atoms, even when quoted. Similar to atoms, keywords made exclusively of ASCII letters, numbers, and underscores and not beginning with a number do not require quotes
release-candidate-full-proof	UNKNOWN STEP	2026-09-18T08:29:32.0400873Z     │
release-candidate-full-proof	UNKNOWN STEP	2026-09-18T08:29:32.0403063Z  18 │   "jason": {:hex, :jason, "1.4.5", "2e3a008590b0b8d7388c20293e9dcc9cf3e5d642fd2a114e4cbbb52e595d940a", [:mix], [{:decimal, "~> 1.0 or ~> 2.0 or ~> 3.0", [hex: :decimal, repo: "hexpm", optional: true]}], "hexpm", "b0c823996102bcd0239b3c2444eb00409b72f6a140c1950bc8b457d836b30684"},
release-candidate-full-proof	UNKNOWN STEP	2026-09-18T08:29:32.0405466Z     │   ~
release-candidate-full-proof	UNKNOWN STEP	2026-09-18T08:29:32.0405830Z     │
release-candidate-full-proof	UNKNOWN STEP	2026-09-18T08:29:32.0406235Z     └─ mix.lock:18:3
release-candidate-full-proof	UNKNOWN STEP	2026-09-18T08:29:32.0406459Z 
release-candidate-full-proof	UNKNOWN STEP	2026-09-18T08:29:32.0408013Z     warning: found quoted keyword "lazy_html" but the quotes are not required. Note that keywords are always atoms, even when quoted. Similar to atoms, keywords made exclusively of ASCII letters, numbers, and underscores and not beginning with a number do not require quotes
release-candidate-full-proof	UNKNOWN STEP	2026-09-18T08:29:32.0409987Z     │
release-candidate-full-proof	UNKNOWN STEP	2026-09-18T08:29:32.0413110Z  19 │   "lazy_html": {:hex, :lazy_html, "0.1.12", "31a55ee622918fce988c94b06232227b42daa64e4eab14ac32081d0f3fd8db6f", [:make, :mix], [{:cc_precompiler, "~> 0.1", [hex: :cc_precompiler, repo: "hexpm", optional: false]}, {:elixir_make, "~> 0.9", [hex: :elixir_make, repo: "hexpm", optional: false]}, {:fine, "~> 0.1.0", [hex: :fine, repo: "hexpm", optional: false]}], "hexpm", "8a0da594776caee58782c6f93b2abaa5bdb809daf8d43351a561f7de9dc2e2a8"},
release-candidate-full-proof	UNKNOWN STEP	2026-09-18T08:29:32.0415175Z     │   ~
release-candidate-full-proof	UNKNOWN STEP	2026-09-18T08:29:32.0415371Z     │
release-candidate-full-proof	UNKNOWN STEP	2026-09-18T08:29:32.0415594Z     └─ mix.lock:19:3
release-candidate-full-proof	UNKNOWN STEP	2026-09-18T08:29:32.0415733Z 
release-candidate-full-proof	UNKNOWN STEP	2026-09-18T08:29:32.0416606Z     warning: found quoted keyword "mime" but the quotes are not required. Note that keywords are always atoms, even when quoted. Similar to atoms, keywords made exclusively of ASCII letters, numbers, and underscores and not beginning with a number do not require quotes
release-candidate-full-proof	UNKNOWN STEP	2026-09-18T08:29:32.0417637Z     │
release-candidate-full-proof	UNKNOWN STEP	2026-09-18T08:29:32.0418486Z  20 │   "mime": {:hex, :mime, "2.0.7", "b8d739037be7cd402aee1ba0306edfdef982687ee7e9859bee6198c1e7e2f128", [:mix], [], "hexpm", "6171188e399ee16023ffc5b76ce445eb6d9672e2e241d2df6050f3c771e80ccd"},
release-candidate-full-proof	UNKNOWN STEP	2026-09-18T08:29:32.0419264Z     │   ~
release-candidate-full-proof	UNKNOWN STEP	2026-09-18T08:29:32.0419457Z     │
release-candidate-full-proof	UNKNOWN STEP	2026-09-18T08:29:32.0419675Z     └─ mix.lock:20:3
release-candidate-full-proof	UNKNOWN STEP	2026-09-18T08:29:32.0419814Z 
release-candidate-full-proof	UNKNOWN STEP	2026-09-18T08:29:32.0420697Z     warning: found quoted keyword "muontrap" but the quotes are not required. Note that keywords are always atoms, even when quoted. Similar to atoms, keywords made exclusively of ASCII letters, numbers, and underscores and not beginning with a number do not require quotes
release-candidate-full-proof	UNKNOWN STEP	2026-09-18T08:29:32.0421735Z     │
release-candidate-full-proof	UNKNOWN STEP	2026-09-18T08:29:32.0422915Z  21 │   "muontrap": {:hex, :muontrap, "1.8.0", "3c5dab5bc91d5a16d14cd85b130ae7d35a9c469564a11ba4b2ebbcd7ccf5bc05", [:make, :mix], [{:elixir_make, "~> 0.6", [hex: :elixir_make, repo: "hexpm", optional: false]}], "hexpm", "45ff36451303cbdefe1c66da3681b5aff078ee5737348f554f0017daa66284af"},
release-candidate-full-proof	UNKNOWN STEP	2026-09-18T08:29:32.0424240Z     │   ~
release-candidate-full-proof	UNKNOWN STEP	2026-09-18T08:29:32.0424442Z     │
release-candidate-full-proof	UNKNOWN STEP	2026-09-18T08:29:32.0424686Z     └─ mix.lock:21:3
release-candidate-full-proof	UNKNOWN STEP	2026-09-18T08:29:32.0424825Z 
release-candidate-full-proof	UNKNOWN STEP	2026-09-18T08:29:32.0425736Z     warning: found quoted keyword "nimble_options" but the quotes are not required. Note that keywords are always atoms, even when quoted. Similar to atoms, keywords made exclusively of ASCII letters, numbers, and underscores and not beginning with a number do not require quotes
release-candidate-full-proof	UNKNOWN STEP	2026-09-18T08:29:32.0426790Z     │
release-candidate-full-proof	UNKNOWN STEP	2026-09-18T08:29:32.0427716Z  22 │   "nimble_options": {:hex, :nimble_options, "1.1.1", "e3a492d54d85fc3fd7c5baf411d9d2852922f66e69476317787a7b2bb000a61b", [:mix], [], "hexpm", "821b2470ca9442c4b6984882fe9bb0389371b8ddec4d45a9504f00a66f650b44"},
release-candidate-full-proof	UNKNOWN STEP	2026-09-18T08:29:32.0428549Z     │   ~
release-candidate-full-proof	UNKNOWN STEP	2026-09-18T08:29:32.0428735Z     │
release-candidate-full-proof	UNKNOWN STEP	2026-09-18T08:29:32.0428947Z     └─ mix.lock:22:3
release-candidate-full-proof	UNKNOWN STEP	2026-09-18T08:29:32.0429077Z 
release-candidate-full-proof	UNKNOWN STEP	2026-09-18T08:29:32.0429946Z     warning: found quoted keyword "oban" but the quotes are not required. Note that keywords are always atoms, even when quoted. Similar to atoms, keywords made exclusively of ASCII letters, numbers, and underscores and not beginning with a number do not require quotes
release-candidate-full-proof	UNKNOWN STEP	2026-09-18T08:29:32.0431115Z     │
release-candidate-full-proof	UNKNOWN STEP	2026-09-18T08:29:32.0434409Z  23 │   "oban": {:hex, :oban, "2.24.1", "2a609c54697ad2c44ba339df30491df2a40eda0758c95b5b879426e4e478bd1f", [:mix], [{:ecto_sql, "~> 3.10", [hex: :ecto_sql, repo: "hexpm", optional: false]}, {:ecto_sqlite3, "~> 0.9", [hex: :ecto_sqlite3, repo: "hexpm", optional: true]}, {:igniter, "~> 0.5", [hex: :igniter, repo: "hexpm", optional: true]}, {:jason, "~> 1.1", [hex: :jason, repo: "hexpm", optional: true]}, {:myxql, "~> 0.7", [hex: :myxql, repo: "hexpm", optional: true]}, {:postgrex, "~> 0.20", [hex: :postgrex, repo: "hexpm", optional: true]}, {:telemetry, "~> 1.3", [hex: :telemetry, repo: "hexpm", optional: false]}], "hexpm", "ef8482472cf198554400b7f8e36a0ffee75c3a64de425d5c7ee625d271925ac7"},
release-candidate-full-proof	UNKNOWN STEP	2026-09-18T08:29:32.0437951Z     │   ~
release-candidate-full-proof	UNKNOWN STEP	2026-09-18T08:29:32.0438154Z     │
release-candidate-full-proof	UNKNOWN STEP	2026-09-18T08:29:32.0438378Z     └─ mix.lock:23:3
release-candidate-full-proof	UNKNOWN STEP	2026-09-18T08:29:32.0438509Z 
release-candidate-full-proof	UNKNOWN STEP	2026-09-18T08:29:32.0439672Z     warning: found quoted keyword "phoenix" but the quotes are not required. Note that keywords are always atoms, even when quoted. Similar to atoms, keywords made exclusively of ASCII letters, numbers, and underscores and not beginning with a number do not require quotes
release-candidate-full-proof	UNKNOWN STEP	2026-09-18T08:29:32.0440785Z     │
release-candidate-full-proof	UNKNOWN STEP	2026-09-18T08:29:32.0444554Z  24 │   "phoenix": {:hex, :phoenix, "1.8.14", "9279cbbcd755ac8d5f42d206915e7df13b9ab49096b98114f1c99ff908e5b42e", [:mix], [{:bandit, "~> 1.0", [hex: :bandit, repo: "hexpm", optional: true]}, {:jason, "~> 1.0", [hex: :jason, repo: "hexpm", optional: true]}, {:phoenix_pubsub, "~> 2.1", [hex: :phoenix_pubsub, repo: "hexpm", optional: false]}, {:phoenix_template, "~> 1.0", [hex: :phoenix_template, repo: "hexpm", optional: false]}, {:phoenix_view, "~> 2.0", [hex: :phoenix_view, repo: "hexpm", optional: true]}, {:plug, "~> 1.14", [hex: :plug, repo: "hexpm", optional: false]}, {:plug_cowboy, "~> 2.7", [hex: :plug_cowboy, repo: "hexpm", optional: true]}, {:plug_crypto, "~> 2.2", [hex: :plug_crypto, repo: "hexpm", optional: false]}, {:telemetry, "~> 0.4 or ~> 1.0", [hex: :telemetry, repo: "hexpm", optional: false]}, {:websock_adapter, "~> 0.5", [hex: :websock_adapter, repo: "hexpm", optional: false]}], "hexpm", "2782ff375824b2b5e41561fbae4764ee7b875af6898483bca49f24a9d1e37816"},
release-candidate-full-proof	UNKNOWN STEP	2026-09-18T08:29:32.0447585Z     │   ~
release-candidate-full-proof	UNKNOWN STEP	2026-09-18T08:29:32.0447788Z     │
release-candidate-full-proof	UNKNOWN STEP	2026-09-18T08:29:32.0448013Z     └─ mix.lock:24:3
release-candidate-full-proof	UNKNOWN STEP	2026-09-18T08:29:32.0448157Z 
release-candidate-full-proof	UNKNOWN STEP	2026-09-18T08:29:32.0449054Z     warning: found quoted keyword "phoenix_html" but the quotes are not required. Note that keywords are always atoms, even when quoted. Similar to atoms, keywords made exclusively of ASCII letters, numbers, and underscores and not beginning with a number do not require quotes
release-candidate-full-proof	UNKNOWN STEP	2026-09-18T08:29:32.0450104Z     │
release-candidate-full-proof	UNKNOWN STEP	2026-09-18T08:29:32.0451003Z  25 │   "phoenix_html": {:hex, :phoenix_html, "4.3.0", "d3577a5df4b6954cd7890c84d955c470b5310bb49647f0a114a6eeecc850f7ad", [:mix], [], "hexpm", "3eaa290a78bab0f075f791a46a981bbe769d94bc776869f4f3063a14f30497ad"},
release-candidate-full-proof	UNKNOWN STEP	2026-09-18T08:29:32.0451833Z     │   ~
release-candidate-full-proof	UNKNOWN STEP	2026-09-18T08:29:32.0452022Z     │
release-candidate-full-proof	UNKNOWN STEP	2026-09-18T08:29:32.0452237Z     └─ mix.lock:25:3
release-candidate-full-proof	UNKNOWN STEP	2026-09-18T08:29:32.0452372Z 
release-candidate-full-proof	UNKNOWN STEP	2026-09-18T08:29:32.0453280Z     warning: found quoted keyword "phoenix_live_reload" but the quotes are not required. Note that keywords are always atoms, even when quoted. Similar to atoms, keywords made exclusively of ASCII letters, numbers, and underscores and not beginning with a number do not require quotes
release-candidate-full-proof	UNKNOWN STEP	2026-09-18T08:29:32.0455477Z     │
release-candidate-full-proof	UNKNOWN STEP	2026-09-18T08:29:32.0458301Z  26 │   "phoenix_live_reload": {:hex, :phoenix_live_reload, "1.7.0", "fb1e429f6d8778ce3a6962debdc5e555428a05a6e7b058d6dbad13d281a2c31f", [:mix], [{:file_system, "~> 0.2.10 or ~> 1.0", [hex: :file_system, repo: "hexpm", optional: false]}, {:phoenix, "~> 1.4", [hex: :phoenix, repo: "hexpm", optional: false]}], "hexpm", "dc9f44271aa6fc4ab7797f2aa374ba096ef2c87520586280eb095626b7387a68"},
release-candidate-full-proof	UNKNOWN STEP	2026-09-18T08:29:32.0460791Z     │   ~
release-candidate-full-proof	UNKNOWN STEP	2026-09-18T08:29:32.0461114Z     │
release-candidate-full-proof	UNKNOWN STEP	2026-09-18T08:29:32.0461843Z     └─ mix.lock:26:3
release-candidate-full-proof	UNKNOWN STEP	2026-09-18T08:29:32.0462083Z 
release-candidate-full-proof	UNKNOWN STEP	2026-09-18T08:29:32.0463950Z     warning: found quoted keyword "phoenix_live_view" but the quotes are not required. Note that keywords are always atoms, even when quoted. Similar to atoms, keywords made exclusively of ASCII letters, numbers, and underscores and not beginning with a number do not require quotes
release-candidate-full-proof	UNKNOWN STEP	2026-09-18T08:29:32.0465888Z     │
release-candidate-full-proof	UNKNOWN STEP	2026-09-18T08:29:32.0472378Z  27 │   "phoenix_live_view": {:hex, :phoenix_live_view, "1.2.12", "35848150bbab579e9d0aff79525269d7c0801a4f61232b84f635c11222cee88f", [:mix], [{:igniter, ">= 0.6.16 and < 1.0.0-0", [hex: :igniter, repo: "hexpm", optional: true]}, {:jason, "~> 1.0", [hex: :jason, repo: "hexpm", optional: true]}, {:lazy_html, "~> 0.1.0", [hex: :lazy_html, repo: "hexpm", optional: true]}, {:phoenix, "~> 1.6.15 or ~> 1.7.0 or ~> 1.8.0", [hex: :phoenix, repo: "hexpm", optional: false]}, {:phoenix_html, "~> 3.3 or ~> 4.0", [hex: :phoenix_html, repo: "hexpm", optional: false]}, {:phoenix_template, "~> 1.0", [hex: :phoenix_template, repo: "hexpm", optional: false]}, {:phoenix_view, "~> 2.0", [hex: :phoenix_view, repo: "hexpm", optional: true]}, {:plug, "~> 1.15", [hex: :plug, repo: "hexpm", optional: false]}, {:telemetry, "~> 0.4.2 or ~> 1.0", [hex: :telemetry, repo: "hexpm", optional: false]}], "hexpm", "656810d716e3369545dd63981196a5d68b77fdb253afe02ef0c6fa14cfd8dc2b"},
release-candidate-full-proof	UNKNOWN STEP	2026-09-18T08:29:32.0477929Z     │   ~
release-candidate-full-proof	UNKNOWN STEP	2026-09-18T08:29:32.0478267Z     │
release-candidate-full-proof	UNKNOWN STEP	2026-09-18T08:29:32.0478659Z     └─ mix.lock:27:3
release-candidate-full-proof	UNKNOWN STEP	2026-09-18T08:29:32.0478904Z 
release-candidate-full-proof	UNKNOWN STEP	2026-09-18T08:29:32.0480566Z     warning: found quoted keyword "phoenix_pubsub" but the quotes are not required. Note that keywords are always atoms, even when quoted. Similar to atoms, keywords made exclusively of ASCII letters, numbers, and underscores and not beginning with a number do not require quotes
release-candidate-full-proof	UNKNOWN STEP	2026-09-18T08:29:32.0482398Z     │
release-candidate-full-proof	UNKNOWN STEP	2026-09-18T08:29:32.0484743Z  28 │   "phoenix_pubsub": {:hex, :phoenix_pubsub, "2.3.0", "03916bfbc31a5121945b3cfffe5aec647a5c97fe1dc172a319b94428562359c9", [:mix], [], "hexpm", "eec7be6e9cf02e2551d389b558402d6c637cd3973796326e7ba4bb03c6b2e91d"},
release-candidate-full-proof	UNKNOWN STEP	2026-09-18T08:29:32.0485633Z     │   ~
release-candidate-full-proof	UNKNOWN STEP	2026-09-18T08:29:32.0485828Z     │
release-candidate-full-proof	UNKNOWN STEP	2026-09-18T08:29:32.0486049Z     └─ mix.lock:28:3
release-candidate-full-proof	UNKNOWN STEP	2026-09-18T08:29:32.0486191Z 
release-candidate-full-proof	UNKNOWN STEP	2026-09-18T08:29:32.0487112Z     warning: found quoted keyword "phoenix_template" but the quotes are not required. Note that keywords are always atoms, even when quoted. Similar to atoms, keywords made exclusively of ASCII letters, numbers, and underscores and not beginning with a number do not require quotes
release-candidate-full-proof	UNKNOWN STEP	2026-09-18T08:29:32.0488189Z     │
release-candidate-full-proof	UNKNOWN STEP	2026-09-18T08:29:32.0489466Z  29 │   "phoenix_template": {:hex, :phoenix_template, "1.0.4", "e2092c132f3b5e5b2d49c96695342eb36d0ed514c5b252a77048d5969330d639", [:mix], [{:phoenix_html, "~> 2.14.2 or ~> 3.0 or ~> 4.0", [hex: :phoenix_html, repo: "hexpm", optional: true]}], "hexpm", "2c0c81f0e5c6753faf5cca2f229c9709919aba34fab866d3bc05060c9c444206"},
release-candidate-full-proof	UNKNOWN STEP	2026-09-18T08:29:32.0490605Z     │   ~
release-candidate-full-proof	UNKNOWN STEP	2026-09-18T08:29:32.0490790Z     │
release-candidate-full-proof	UNKNOWN STEP	2026-09-18T08:29:32.0491034Z     └─ mix.lock:29:3
release-candidate-full-proof	UNKNOWN STEP	2026-09-18T08:29:32.0491175Z 
release-candidate-full-proof	UNKNOWN STEP	2026-09-18T08:29:32.0492045Z     warning: found quoted keyword "plug" but the quotes are not required. Note that keywords are always atoms, even when quoted. Similar to atoms, keywords made exclusively of ASCII letters, numbers, and underscores and not beginning with a number do not require quotes
release-candidate-full-proof	UNKNOWN STEP	2026-09-18T08:29:32.0493061Z     │
release-candidate-full-proof	UNKNOWN STEP	2026-09-18T08:29:32.0495031Z  30 │   "plug": {:hex, :plug, "1.20.3", "56c480c633ec2ce10140e236e15233bf576e1d323887d7c96711bd02ab5160db", [:mix], [{:mime, "~> 1.0 or ~> 2.0", [hex: :mime, repo: "hexpm", optional: false]}, {:plug_crypto, "~> 1.1.1 or ~> 1.2 or ~> 2.0", [hex: :plug_crypto, repo: "hexpm", optional: false]}, {:telemetry, "~> 0.4.3 or ~> 1.0", [hex: :telemetry, repo: "hexpm", optional: false]}], "hexpm", "be266aee1b8536ef6409d58cf39a3121319f0ec47cfa1b24024485aa0e76ad76"},
release-candidate-full-proof	UNKNOWN STEP	2026-09-18T08:29:32.0496561Z     │   ~
release-candidate-full-proof	UNKNOWN STEP	2026-09-18T08:29:32.0496755Z     │
release-candidate-full-proof	UNKNOWN STEP	2026-09-18T08:29:32.0496981Z     └─ mix.lock:30:3
release-candidate-full-proof	UNKNOWN STEP	2026-09-18T08:29:32.0497307Z 
release-candidate-full-proof	UNKNOWN STEP	2026-09-18T08:29:32.0498202Z     warning: found quoted keyword "plug_crypto" but the quotes are not required. Note that keywords are always atoms, even when quoted. Similar to atoms, keywords made exclusively of ASCII letters, numbers, and underscores and not beginning with a number do not require quotes
release-candidate-full-proof	UNKNOWN STEP	2026-09-18T08:29:32.0499250Z     │
release-candidate-full-proof	UNKNOWN STEP	2026-09-18T08:29:32.0510021Z  31 │   "plug_crypto": {:hex, :plug_crypto, "2.2.0", "144014737daaf485407f5ed77daeaad74d651b216a28c87543f8cc7043f8efc8", [:mix], [], "hexpm", "83a95744ab1c75876542b6fab135fcc176280e0f301a111c1f757fddcec95d2c"},
release-candidate-full-proof	UNKNOWN STEP	2026-09-18T08:29:32.0510901Z     │   ~
release-candidate-full-proof	UNKNOWN STEP	2026-09-18T08:29:32.0511107Z     │
release-candidate-full-proof	UNKNOWN STEP	2026-09-18T08:29:32.0511339Z     └─ mix.lock:31:3
release-candidate-full-proof	UNKNOWN STEP	2026-09-18T08:29:32.0511483Z 
release-candidate-full-proof	UNKNOWN STEP	2026-09-18T08:29:32.0512589Z     warning: found quoted keyword "postgrex" but the quotes are not required. Note that keywords are always atoms, even when quoted. Similar to atoms, keywords made exclusively of ASCII letters, numbers, and underscores and not beginning with a number do not require quotes
release-candidate-full-proof	UNKNOWN STEP	2026-09-18T08:29:32.0514004Z     │
release-candidate-full-proof	UNKNOWN STEP	2026-09-18T08:29:32.0515931Z  32 │   "postgrex": {:hex, :postgrex, "0.22.4", "d271f595dfd25230b6398354e19d17bb5e2d20130fd2d9bdca7e15f125d43552", [:mix], [{:db_connection, "~> 2.9", [hex: :db_connection, repo: "hexpm", optional: false]}, {:decimal, "~> 1.5 or ~> 2.0 or ~> 3.0", [hex: :decimal, repo: "hexpm", optional: false]}, {:jason, "~> 1.0", [hex: :jason, repo: "hexpm", optional: true]}, {:table, "~> 0.1.0", [hex: :table, repo: "hexpm", optional: true]}], "hexpm", "4aae45a2d60e35b04eea2602440be152fae332901f1fc7a60fc7cb7f0f9a9c5a"},
release-candidate-full-proof	UNKNOWN STEP	2026-09-18T08:29:32.0517596Z     │   ~
release-candidate-full-proof	UNKNOWN STEP	2026-09-18T08:29:32.0517795Z     │
release-candidate-full-proof	UNKNOWN STEP	2026-09-18T08:29:32.0518015Z     └─ mix.lock:32:3
release-candidate-full-proof	UNKNOWN STEP	2026-09-18T08:29:32.0518156Z 
release-candidate-full-proof	UNKNOWN STEP	2026-09-18T08:29:32.0519282Z     warning: found quoted keyword "rindle" but the quotes are not required. Note that keywords are always atoms, even when quoted. Similar to atoms, keywords made exclusively of ASCII letters, numbers, and underscores and not beginning with a number do not require quotes
release-candidate-full-proof	UNKNOWN STEP	2026-09-18T08:29:32.0520362Z     │
release-candidate-full-proof	UNKNOWN STEP	2026-09-18T08:29:32.0525938Z  33 │   "rindle": {:hex, :rindle, "0.4.6", "35bea401dc09aac08d5c36bedc8ea9c096e92b03c6aec03698a8dced24bafc67", [:mix], [{:ecto_sql, "~> 3.11", [hex: :ecto_sql, repo: "hexpm", optional: false]}, {:ex_aws, "~> 2.5", [hex: :ex_aws, repo: "hexpm", optional: false]}, {:ex_aws_s3, "~> 2.5", [hex: :ex_aws_s3, repo: "hexpm", optional: false]}, {:ex_marcel, "~> 0.2", [hex: :ex_marcel, repo: "hexpm", optional: false]}, {:finch, "~> 0.21", [hex: :finch, repo: "hexpm", optional: true]}, {:gcs_signed_url, "~> 0.6", [hex: :gcs_signed_url, repo: "hexpm", optional: true]}, {:goth, "~> 1.4", [hex: :goth, repo: "hexpm", optional: true]}, {:image, "~> 0.65", [hex: :image, repo: "hexpm", optional: false]}, {:jason, "~> 1.4", [hex: :jason, repo: "hexpm", optional: false]}, {:jose, "~> 1.11", [hex: :jose, repo: "hexpm", optional: true]}, {:muontrap, "~> 1.7", [hex: :muontrap, repo: "hexpm", optional: false]}, {:mux, "~> 3.2", [hex: :mux, repo: "hexpm", optional: true]}, {:nimble_options, "~> 1.1", [hex: :nimble_options, repo: "hexpm", optional: false]}, {:oban, "~> 2.21", [hex: :oban, repo: "hexpm", optional: false]}, {:phoenix_live_view, "~> 1.0", [hex: :phoenix_live_view, repo: "hexpm", optional: true]}, {:plug, "~> 1.16", [hex: :plug, repo: "hexpm", optional: false]}, {:postgrex, "~> 0.18", [hex: :postgrex, repo: "hexpm", optional: false]}, {:req, "~> 0.6", [hex: :req, repo: "hexpm", optional: true]}, {:telemetry, "~> 1.2", [hex: :telemetry, repo: "hexpm", optional: false]}], "hexpm", "61cf11552ba726fcee979524fd7b50b3a2c40a40a8719cd7ce6c0d913a397362"},
release-candidate-full-proof	UNKNOWN STEP	2026-09-18T08:29:32.0531998Z     │   ~
release-candidate-full-proof	UNKNOWN STEP	2026-09-18T08:29:32.0532334Z     │
release-candidate-full-proof	UNKNOWN STEP	2026-09-18T08:29:32.0532719Z     └─ mix.lock:33:3
release-candidate-full-proof	UNKNOWN STEP	2026-09-18T08:29:32.0532976Z 
release-candidate-full-proof	UNKNOWN STEP	2026-09-18T08:29:32.0534221Z     warning: found quoted keyword "sweet_xml" but the quotes are not required. Note that keywords are always atoms, even when quoted. Similar to atoms, keywords made exclusively of ASCII letters, numbers, and underscores and not beginning with a number do not require quotes
release-candidate-full-proof	UNKNOWN STEP	2026-09-18T08:29:32.0535578Z     │
release-candidate-full-proof	UNKNOWN STEP	2026-09-18T08:29:32.0536685Z  34 │   "sweet_xml": {:hex, :sweet_xml, "0.7.5", "803a563113981aaac202a1dbd39771562d0ad31004ddbfc9b5090bdcd5605277", [:mix], [], "hexpm", "193b28a9b12891cae351d81a0cead165ffe67df1b73fe5866d10629f4faefb12"},
release-candidate-full-proof	UNKNOWN STEP	2026-09-18T08:29:32.0537528Z     │   ~
release-candidate-full-proof	UNKNOWN STEP	2026-09-18T08:29:32.0537720Z     │
release-candidate-full-proof	UNKNOWN STEP	2026-09-18T08:29:32.0537942Z     └─ mix.lock:34:3
release-candidate-full-proof	UNKNOWN STEP	2026-09-18T08:29:32.0538081Z 
release-candidate-full-proof	UNKNOWN STEP	2026-09-18T08:29:32.0538966Z     warning: found quoted keyword "telemetry" but the quotes are not required. Note that keywords are always atoms, even when quoted. Similar to atoms, keywords made exclusively of ASCII letters, numbers, and underscores and not beginning with a number do not require quotes
release-candidate-full-proof	UNKNOWN STEP	2026-09-18T08:29:32.0540006Z     │
release-candidate-full-proof	UNKNOWN STEP	2026-09-18T08:29:32.0541002Z  35 │   "telemetry": {:hex, :telemetry, "1.4.2", "a0cb522801dffb1c49fe6e30561badffc7b6d0e180db1300df759faa22062855", [:rebar3], [], "hexpm", "928f6495066506077862c0d1646609eed891a4326bee3126ba54b60af61febb1"},
release-candidate-full-proof	UNKNOWN STEP	2026-09-18T08:29:32.0541843Z     │   ~
release-candidate-full-proof	UNKNOWN STEP	2026-09-18T08:29:32.0542034Z     │
release-candidate-full-proof	UNKNOWN STEP	2026-09-18T08:29:32.0542252Z     └─ mix.lock:35:3
release-candidate-full-proof	UNKNOWN STEP	2026-09-18T08:29:32.0542386Z 
release-candidate-full-proof	UNKNOWN STEP	2026-09-18T08:29:32.0543783Z     warning: found quoted keyword "telemetry_metrics" but the quotes are not required. Note that keywords are always atoms, even when quoted. Similar to atoms, keywords made exclusively of ASCII letters, numbers, and underscores and not beginning with a number do not require quotes
release-candidate-full-proof	UNKNOWN STEP	2026-09-18T08:29:32.0544934Z     │
release-candidate-full-proof	UNKNOWN STEP	2026-09-18T08:29:32.0546184Z  36 │   "telemetry_metrics": {:hex, :telemetry_metrics, "1.2.0", "7632c19c01d88d8aaca5da1a0e8912f5af39b79e7c08a2c253aeb3c14c2c957e", [:mix], [{:telemetry, "~> 0.4 or ~> 1.0", [hex: :telemetry, repo: "hexpm", optional: false]}], "hexpm", "71dde12fc29b58b9c77ec17ec319109e5ca848d010fc1965ed4463bba1837c07"},
release-candidate-full-proof	UNKNOWN STEP	2026-09-18T08:29:32.0547292Z     │   ~
release-candidate-full-proof	UNKNOWN STEP	2026-09-18T08:29:32.0547482Z     │
release-candidate-full-proof	UNKNOWN STEP	2026-09-18T08:29:32.0547715Z     └─ mix.lock:36:3
release-candidate-full-proof	UNKNOWN STEP	2026-09-18T08:29:32.0547864Z 
release-candidate-full-proof	UNKNOWN STEP	2026-09-18T08:29:32.0548807Z     warning: found quoted keyword "telemetry_poller" but the quotes are not required. Note that keywords are always atoms, even when quoted. Similar to atoms, keywords made exclusively of ASCII letters, numbers, and underscores and not beginning with a number do not require quotes
release-candidate-full-proof	UNKNOWN STEP	2026-09-18T08:29:32.0549873Z     │
release-candidate-full-proof	UNKNOWN STEP	2026-09-18T08:29:32.0551085Z  37 │   "telemetry_poller": {:hex, :telemetry_poller, "1.3.0", "d5c46420126b5ac2d72bc6580fb4f537d35e851cc0f8dbd571acf6d6e10f5ec7", [:rebar3], [{:telemetry, "~> 1.0", [hex: :telemetry, repo: "hexpm", optional: false]}], "hexpm", "51f18bed7128544a50f75897db9974436ea9bfba560420b646af27a9a9b35211"},
release-candidate-full-proof	UNKNOWN STEP	2026-09-18T08:29:32.0552316Z     │   ~
release-candidate-full-proof	UNKNOWN STEP	2026-09-18T08:29:32.0552565Z     │
release-candidate-full-proof	UNKNOWN STEP	2026-09-18T08:29:32.0552854Z     └─ mix.lock:37:3
release-candidate-full-proof	UNKNOWN STEP	2026-09-18T08:29:32.0553018Z 
release-candidate-full-proof	UNKNOWN STEP	2026-09-18T08:29:32.0554273Z     warning: found quoted keyword "thousand_island" but the quotes are not required. Note that keywords are always atoms, even when quoted. Similar to atoms, keywords made exclusively of ASCII letters, numbers, and underscores and not beginning with a number do not require quotes
release-candidate-full-proof	UNKNOWN STEP	2026-09-18T08:29:32.0555369Z     │
release-candidate-full-proof	UNKNOWN STEP	2026-09-18T08:29:32.0556556Z  38 │   "thousand_island": {:hex, :thousand_island, "1.5.0", "f50a213cac97262b6d5ebb85745aa2c00fec1413191e6e66834788d45425cecb", [:mix], [{:telemetry, "~> 0.4 or ~> 1.0", [hex: :telemetry, repo: "hexpm", optional: false]}], "hexpm", "708923d40523e43cf99041ab37a0d4b0ec426ac6438fa3716ab23d919eaeb412"},
release-candidate-full-proof	UNKNOWN STEP	2026-09-18T08:29:32.0557647Z     │   ~
release-candidate-full-proof	UNKNOWN STEP	2026-09-18T08:29:32.0557834Z     │
release-candidate-full-proof	UNKNOWN STEP	2026-09-18T08:29:32.0558056Z     └─ mix.lock:38:3
release-candidate-full-proof	UNKNOWN STEP	2026-09-18T08:29:32.0558193Z 
release-candidate-full-proof	UNKNOWN STEP	2026-09-18T08:29:32.0559047Z     warning: found quoted keyword "vix" but the quotes are not required. Note that keywords are always atoms, even when quoted. Similar to atoms, keywords made exclusively of ASCII letters, numbers, and underscores and not beginning with a number do not require quotes
release-candidate-full-proof	UNKNOWN STEP	2026-09-18T08:29:32.0560075Z     │
release-candidate-full-proof	UNKNOWN STEP	2026-09-18T08:29:32.0561960Z  39 │   "vix": {:hex, :vix, "0.41.0", "a17e233d57170d8f25a960d28c87194ca4ebd28100c2620ba91ecc8bede96234", [:make, :mix], [{:cc_precompiler, "~> 0.1.4 or ~> 0.2", [hex: :cc_precompiler, repo: "hexpm", optional: false]}, {:elixir_make, "~> 0.7.3 or ~> 0.8", [hex: :elixir_make, repo: "hexpm", optional: false]}, {:kino, "~> 0.7", [hex: :kino, repo: "hexpm", optional: true]}], "hexpm", "9a16b5acd9989630cae44333fcf9de11a54609a7596bba59a0c424593b3f9570"},
release-candidate-full-proof	UNKNOWN STEP	2026-09-18T08:29:32.0563772Z     │   ~
release-candidate-full-proof	UNKNOWN STEP	2026-09-18T08:29:32.0563981Z     │
release-candidate-full-proof	UNKNOWN STEP	2026-09-18T08:29:32.0564203Z     └─ mix.lock:39:3
release-candidate-full-proof	UNKNOWN STEP	2026-09-18T08:29:32.0564343Z 
release-candidate-full-proof	UNKNOWN STEP	2026-09-18T08:29:32.0565225Z     warning: found quoted keyword "websock" but the quotes are not required. Note that keywords are always atoms, even when quoted. Similar to atoms, keywords made exclusively of ASCII letters, numbers, and underscores and not beginning with a number do not require quotes
release-candidate-full-proof	UNKNOWN STEP	2026-09-18T08:29:32.0566268Z     │
release-candidate-full-proof	UNKNOWN STEP	2026-09-18T08:29:32.0567276Z  40 │   "websock": {:hex, :websock, "0.5.3", "2f69a6ebe810328555b6fe5c831a851f485e303a7c8ce6c5f675abeb20ebdadc", [:mix], [], "hexpm", "6105453d7fac22c712ad66fab1d45abdf049868f253cf719b625151460b8b453"},
release-candidate-full-proof	UNKNOWN STEP	2026-09-18T08:29:32.0568089Z     │   ~
release-candidate-full-proof	UNKNOWN STEP	2026-09-18T08:29:32.0568285Z     │
release-candidate-full-proof	UNKNOWN STEP	2026-09-18T08:29:32.0568503Z     └─ mix.lock:40:3
release-candidate-full-proof	UNKNOWN STEP	2026-09-18T08:29:32.0568638Z 
release-candidate-full-proof	UNKNOWN STEP	2026-09-18T08:29:32.0569548Z     warning: found quoted keyword "websock_adapter" but the quotes are not required. Note that keywords are always atoms, even when quoted. Similar to atoms, keywords made exclusively of ASCII letters, numbers, and underscores and not beginning with a number do not require quotes
release-candidate-full-proof	UNKNOWN STEP	2026-09-18T08:29:32.0570607Z     │
release-candidate-full-proof	UNKNOWN STEP	2026-09-18T08:29:32.0572473Z  41 │   "websock_adapter": {:hex, :websock_adapter, "0.6.0", "73db5ab8aaefd1a876a97ce3e6afc96562625de69ef17a4e04426e034849d0b8", [:mix], [{:bandit, ">= 0.6.0", [hex: :bandit, repo: "hexpm", optional: true]}, {:plug, "~> 1.14", [hex: :plug, repo: "hexpm", optional: false]}, {:plug_cowboy, "~> 2.6", [hex: :plug_cowboy, repo: "hexpm", optional: true]}, {:websock, "~> 0.5", [hex: :websock, repo: "hexpm", optional: false]}], "hexpm", "50021a85bce8f203b086705d9e0c5415e2c7eb05d319111b0428fe71f9934617"},
release-candidate-full-proof	UNKNOWN STEP	2026-09-18T08:29:32.0574363Z     │   ~
release-candidate-full-proof	UNKNOWN STEP	2026-09-18T08:29:32.0574557Z     │
release-candidate-full-proof	UNKNOWN STEP	2026-09-18T08:29:32.0574773Z     └─ mix.lock:41:3
release-candidate-full-proof	UNKNOWN STEP	2026-09-18T08:29:32.0574906Z 
release-candidate-full-proof	UNKNOWN STEP	2026-09-18T08:29:32.0635878Z [crosswake] source_mode=candidate-local profile=sigra install=1 step=generate
release-candidate-full-proof	UNKNOWN STEP	2026-09-18T08:29:32.5376658Z hint: Using 'master' as the name for the initial branch. This default branch name
release-candidate-full-proof	UNKNOWN STEP	2026-09-18T08:29:32.5377770Z hint: will change to "main" in Git 3.0. To configure the initial branch name
release-candidate-full-proof	UNKNOWN STEP	2026-09-18T08:29:32.5378761Z hint: to use in all of your new repositories, which will suppress this warning,
release-candidate-full-proof	UNKNOWN STEP	2026-09-18T08:29:32.5379474Z hint: call:
release-candidate-full-proof	UNKNOWN STEP	2026-09-18T08:29:32.5379813Z hint:
release-candidate-full-proof	UNKNOWN STEP	2026-09-18T08:29:32.5380304Z hint: 	git config --global init.defaultBranch <name>
release-candidate-full-proof	UNKNOWN STEP	2026-09-18T08:29:32.5380644Z hint:
release-candidate-full-proof	UNKNOWN STEP	2026-09-18T08:29:32.5381015Z hint: Names commonly chosen instead of 'master' are 'main', 'trunk' and
release-candidate-full-proof	UNKNOWN STEP	2026-09-18T08:29:32.5381578Z hint: 'development'. The just-created branch can be renamed via this command:
release-candidate-full-proof	UNKNOWN STEP	2026-09-18T08:29:32.5381978Z hint:
release-candidate-full-proof	UNKNOWN STEP	2026-09-18T08:29:32.5382197Z hint: 	git branch -m <name>
release-candidate-full-proof	UNKNOWN STEP	2026-09-18T08:29:32.5382431Z hint:
release-candidate-full-proof	UNKNOWN STEP	2026-09-18T08:29:32.5382785Z hint: Disable this message with "git config set advice.defaultBranchName false"
release-candidate-full-proof	UNKNOWN STEP	2026-09-18T08:30:02.0467300Z     warning: found quoted keyword "bandit" but the quotes are not required. Note that keywords are always atoms, even when quoted. Similar to atoms, keywords made exclusively of ASCII letters, numbers, and underscores and not beginning with a number do not require quotes
release-candidate-full-proof	UNKNOWN STEP	2026-09-18T08:30:02.0470008Z     │
release-candidate-full-proof	UNKNOWN STEP	2026-09-18T08:30:02.0475397Z   2 │   "bandit": {:hex, :bandit, "1.12.5", "af205a8e550f304caae09a97d29fd3c79a7f337526ea7cd772d2ff11d2f7c800", [:mix], [{:hpax, "~> 1.0", [hex: :hpax, repo: "hexpm", optional: false]}, {:plug, "~> 1.18", [hex: :plug, repo: "hexpm", optional: false]}, {:telemetry, "~> 0.4 or ~> 1.0", [hex: :telemetry, repo: "hexpm", optional: false]}, {:thousand_island, "~> 1.5", [hex: :thousand_island, repo: "hexpm", optional: false]}, {:websock, "~> 0.5", [hex: :websock, repo: "hexpm", optional: false]}], "hexpm", "c5684ca062fa407cac115aec3256383f3e2ec9fdced7904d59cf5a7bb7ed6181"},
release-candidate-full-proof	UNKNOWN STEP	2026-09-18T08:30:02.0479907Z     │   ~
release-candidate-full-proof	UNKNOWN STEP	2026-09-18T08:30:02.0480677Z     │
release-candidate-full-proof	UNKNOWN STEP	2026-09-18T08:30:02.0481150Z     └─ mix.lock:2:3
release-candidate-full-proof	UNKNOWN STEP	2026-09-18T08:30:02.0481422Z 
release-candidate-full-proof	UNKNOWN STEP	2026-09-18T08:30:02.0482990Z     warning: found quoted keyword "cc_precompiler" but the quotes are not required. Note that keywords are always atoms, even when quoted. Similar to atoms, keywords made exclusively of ASCII letters, numbers, and underscores and not beginning with a number do not require quotes
release-candidate-full-proof	UNKNOWN STEP	2026-09-18T08:30:02.0485629Z     │
release-candidate-full-proof	UNKNOWN STEP	2026-09-18T08:30:02.0488027Z   3 │   "cc_precompiler": {:hex, :cc_precompiler, "0.1.11", "8c844d0b9fb98a3edea067f94f616b3f6b29b959b6b3bf25fee94ffe34364768", [:mix], [{:elixir_make, "~> 0.7", [hex: :elixir_make, repo: "hexpm", optional: false]}], "hexpm", "3427232caf0835f94680e5bcf082408a70b48ad68a5f5c0b02a3bea9f3a075b9"},
release-candidate-full-proof	UNKNOWN STEP	2026-09-18T08:30:02.0489920Z     │   ~
release-candidate-full-proof	UNKNOWN STEP	2026-09-18T08:30:02.0490230Z     │
release-candidate-full-proof	UNKNOWN STEP	2026-09-18T08:30:02.0490670Z     └─ mix.lock:3:3
release-candidate-full-proof	UNKNOWN STEP	2026-09-18T08:30:02.0490886Z 
release-candidate-full-proof	UNKNOWN STEP	2026-09-18T08:30:02.0492390Z     warning: found quoted keyword "dns_cluster" but the quotes are not required. Note that keywords are always atoms, even when quoted. Similar to atoms, keywords made exclusively of ASCII letters, numbers, and underscores and not beginning with a number do not require quotes
release-candidate-full-proof	UNKNOWN STEP	2026-09-18T08:30:02.0494433Z     │
release-candidate-full-proof	UNKNOWN STEP	2026-09-18T08:30:02.0495975Z   4 │   "dns_cluster": {:hex, :dns_cluster, "0.2.0", "aa8eb46e3bd0326bd67b84790c561733b25c5ba2fe3c7e36f28e88f384ebcb33", [:mix], [], "hexpm", "ba6f1893411c69c01b9e8e8f772062535a4cf70f3f35bcc964a324078d8c8240"},
release-candidate-full-proof	UNKNOWN STEP	2026-09-18T08:30:02.0497374Z     │   ~
release-candidate-full-proof	UNKNOWN STEP	2026-09-18T08:30:02.0497692Z     │
release-candidate-full-proof	UNKNOWN STEP	2026-09-18T08:30:02.0498045Z     └─ mix.lock:4:3
release-candidate-full-proof	UNKNOWN STEP	2026-09-18T08:30:02.0498252Z 
release-candidate-full-proof	UNKNOWN STEP	2026-09-18T08:30:02.0499768Z     warning: found quoted keyword "elixir_make" but the quotes are not required. Note that keywords are always atoms, even when quoted. Similar to atoms, keywords made exclusively of ASCII letters, numbers, and underscores and not beginning with a number do not require quotes
release-candidate-full-proof	UNKNOWN STEP	2026-09-18T08:30:02.0501564Z     │
release-candidate-full-proof	UNKNOWN STEP	2026-09-18T08:30:02.0503083Z   5 │   "elixir_make": {:hex, :elixir_make, "0.10.0", "16577e2583a79bb79237bbff349619ef5d80afffc07eac6e4faf0d00e2ddaf7d", [:mix], [], "hexpm", "dc1f09fb7fa68866b886abd5f0f3c83553b1a19a52359a899e92af1bb3b31982"},
release-candidate-full-proof	UNKNOWN STEP	2026-09-18T08:30:02.0504892Z     │   ~
release-candidate-full-proof	UNKNOWN STEP	2026-09-18T08:30:02.0505203Z     │
release-candidate-full-proof	UNKNOWN STEP	2026-09-18T08:30:02.0505558Z     └─ mix.lock:5:3
release-candidate-full-proof	UNKNOWN STEP	2026-09-18T08:30:02.0505761Z 
release-candidate-full-proof	UNKNOWN STEP	2026-09-18T08:30:02.0507266Z     warning: found quoted keyword "file_system" but the quotes are not required. Note that keywords are always atoms, even when quoted. Similar to atoms, keywords made exclusively of ASCII letters, numbers, and underscores and not beginning with a number do not require quotes
release-candidate-full-proof	UNKNOWN STEP	2026-09-18T08:30:02.0509050Z     │
release-candidate-full-proof	UNKNOWN STEP	2026-09-18T08:30:02.0510591Z   6 │   "file_system": {:hex, :file_system, "1.1.1", "31864f4685b0148f25bd3fbef2b1228457c0c89024ad67f7a81a3ffbc0bbad3a", [:mix], [], "hexpm", "7a15ff97dfe526aeefb090a7a9d3d03aa907e100e262a0f8f7746b78f8f87a5d"},
release-candidate-full-proof	UNKNOWN STEP	2026-09-18T08:30:02.0511993Z     │   ~
release-candidate-full-proof	UNKNOWN STEP	2026-09-18T08:30:02.0512294Z     │
release-candidate-full-proof	UNKNOWN STEP	2026-09-18T08:30:02.0512640Z     └─ mix.lock:6:3
release-candidate-full-proof	UNKNOWN STEP	2026-09-18T08:30:02.0512850Z 
release-candidate-full-proof	UNKNOWN STEP	2026-09-18T08:30:02.0514490Z     warning: found quoted keyword "fine" but the quotes are not required. Note that keywords are always atoms, even when quoted. Similar to atoms, keywords made exclusively of ASCII letters, numbers, and underscores and not beginning with a number do not require quotes
release-candidate-full-proof	UNKNOWN STEP	2026-09-18T08:30:02.0516232Z     │
release-candidate-full-proof	UNKNOWN STEP	2026-09-18T08:30:02.0517659Z   7 │   "fine": {:hex, :fine, "0.1.6", "4bf7151493443c454aac9f2fa2f34f5fefd0346a83fb5586a016c4a135c63247", [:mix], [], "hexpm", "5638eb4495488e885ebec167fa57973e5c35e1a50c344eb7666c90ec1c4e3b12"},
release-candidate-full-proof	UNKNOWN STEP	2026-09-18T08:30:02.0518965Z     │   ~
release-candidate-full-proof	UNKNOWN STEP	2026-09-18T08:30:02.0519271Z     │
release-candidate-full-proof	UNKNOWN STEP	2026-09-18T08:30:02.0519873Z     └─ mix.lock:7:3
release-candidate-full-proof	UNKNOWN STEP	2026-09-18T08:30:02.0520098Z 
release-candidate-full-proof	UNKNOWN STEP	2026-09-18T08:30:02.0521544Z     warning: found quoted keyword "hpax" but the quotes are not required. Note that keywords are always atoms, even when quoted. Similar to atoms, keywords made exclusively of ASCII letters, numbers, and underscores and not beginning with a number do not require quotes
release-candidate-full-proof	UNKNOWN STEP	2026-09-18T08:30:02.0523278Z     │
release-candidate-full-proof	UNKNOWN STEP	2026-09-18T08:30:02.0524933Z   8 │   "hpax": {:hex, :hpax, "1.0.4", "777de5d433b0fbdc7c418159c8055910faa8047ffdb3d6b31098d2a46cd7685c", [:mix], [], "hexpm", "afc7cb142ebcc2d01ce7816190b98ce5dd49e799111b24249f3443d730f377ca"},
release-candidate-full-proof	UNKNOWN STEP	2026-09-18T08:30:02.0526246Z     │   ~
release-candidate-full-proof	UNKNOWN STEP	2026-09-18T08:30:02.0526566Z     │
release-candidate-full-proof	UNKNOWN STEP	2026-09-18T08:30:02.0526913Z     └─ mix.lock:8:3
release-candidate-full-proof	UNKNOWN STEP	2026-09-18T08:30:02.0527130Z 
release-candidate-full-proof	UNKNOWN STEP	2026-09-18T08:30:02.0528782Z     warning: found quoted keyword "jason" but the quotes are not required. Note that keywords are always atoms, even when quoted. Similar to atoms, keywords made exclusively of ASCII letters, numbers, and underscores and not beginning with a number do not require quotes
release-candidate-full-proof	UNKNOWN STEP	2026-09-18T08:30:02.0530685Z     │
release-candidate-full-proof	UNKNOWN STEP	2026-09-18T08:30:02.0532588Z   9 │   "jason": {:hex, :jason, "1.4.5", "2e3a008590b0b8d7388c20293e9dcc9cf3e5d642fd2a114e4cbbb52e595d940a", [:mix], [{:decimal, "~> 1.0 or ~> 2.0 or ~> 3.0", [hex: :decimal, repo: "hexpm", optional: true]}], "hexpm", "b0c823996102bcd0239b3c2444eb00409b72f6a140c1950bc8b457d836b30684"},
release-candidate-full-proof	UNKNOWN STEP	2026-09-18T08:30:02.0535111Z     │   ~
release-candidate-full-proof	UNKNOWN STEP	2026-09-18T08:30:02.0535425Z     │
release-candidate-full-proof	UNKNOWN STEP	2026-09-18T08:30:02.0535769Z     └─ mix.lock:9:3
release-candidate-full-proof	UNKNOWN STEP	2026-09-18T08:30:02.0535976Z 
release-candidate-full-proof	UNKNOWN STEP	2026-09-18T08:30:02.0536996Z     warning: found quoted keyword "lazy_html" but the quotes are not required. Note that keywords are always atoms, even when quoted. Similar to atoms, keywords made exclusively of ASCII letters, numbers, and underscores and not beginning with a number do not require quotes
release-candidate-full-proof	UNKNOWN STEP	2026-09-18T08:30:02.0538044Z     │
release-candidate-full-proof	UNKNOWN STEP	2026-09-18T08:30:02.0539770Z  10 │   "lazy_html": {:hex, :lazy_html, "0.1.12", "31a55ee622918fce988c94b06232227b42daa64e4eab14ac32081d0f3fd8db6f", [:make, :mix], [{:cc_precompiler, "~> 0.1", [hex: :cc_precompiler, repo: "hexpm", optional: false]}, {:elixir_make, "~> 0.9", [hex: :elixir_make, repo: "hexpm", optional: false]}, {:fine, "~> 0.1.0", [hex: :fine, repo: "hexpm", optional: false]}], "hexpm", "8a0da594776caee58782c6f93b2abaa5bdb809daf8d43351a561f7de9dc2e2a8"},
release-candidate-full-proof	UNKNOWN STEP	2026-09-18T08:30:02.0541249Z     │   ~
release-candidate-full-proof	UNKNOWN STEP	2026-09-18T08:30:02.0541442Z     │
release-candidate-full-proof	UNKNOWN STEP	2026-09-18T08:30:02.0541662Z     └─ mix.lock:10:3
release-candidate-full-proof	UNKNOWN STEP	2026-09-18T08:30:02.0541802Z 
release-candidate-full-proof	UNKNOWN STEP	2026-09-18T08:30:02.0542698Z     warning: found quoted keyword "mime" but the quotes are not required. Note that keywords are always atoms, even when quoted. Similar to atoms, keywords made exclusively of ASCII letters, numbers, and underscores and not beginning with a number do not require quotes
release-candidate-full-proof	UNKNOWN STEP	2026-09-18T08:30:02.0544725Z     │
release-candidate-full-proof	UNKNOWN STEP	2026-09-18T08:30:02.0546154Z  11 │   "mime": {:hex, :mime, "2.0.7", "b8d739037be7cd402aee1ba0306edfdef982687ee7e9859bee6198c1e7e2f128", [:mix], [], "hexpm", "6171188e399ee16023ffc5b76ce445eb6d9672e2e241d2df6050f3c771e80ccd"},
release-candidate-full-proof	UNKNOWN STEP	2026-09-18T08:30:02.0547497Z     │   ~
release-candidate-full-proof	UNKNOWN STEP	2026-09-18T08:30:02.0547707Z     │
release-candidate-full-proof	UNKNOWN STEP	2026-09-18T08:30:02.0547921Z     └─ mix.lock:11:3
release-candidate-full-proof	UNKNOWN STEP	2026-09-18T08:30:02.0548058Z 
release-candidate-full-proof	UNKNOWN STEP	2026-09-18T08:30:02.0548957Z     warning: found quoted keyword "nimble_options" but the quotes are not required. Note that keywords are always atoms, even when quoted. Similar to atoms, keywords made exclusively of ASCII letters, numbers, and underscores and not beginning with a number do not require quotes
release-candidate-full-proof	UNKNOWN STEP	2026-09-18T08:30:02.0550019Z     │
release-candidate-full-proof	UNKNOWN STEP	2026-09-18T08:30:02.0550918Z  12 │   "nimble_options": {:hex, :nimble_options, "1.1.1", "e3a492d54d85fc3fd7c5baf411d9d2852922f66e69476317787a7b2bb000a61b", [:mix], [], "hexpm", "821b2470ca9442c4b6984882fe9bb0389371b8ddec4d45a9504f00a66f650b44"},
release-candidate-full-proof	UNKNOWN STEP	2026-09-18T08:30:02.0551943Z     │   ~
release-candidate-full-proof	UNKNOWN STEP	2026-09-18T08:30:02.0552291Z     │
release-candidate-full-proof	UNKNOWN STEP	2026-09-18T08:30:02.0552689Z     └─ mix.lock:12:3
release-candidate-full-proof	UNKNOWN STEP	2026-09-18T08:30:02.0552905Z 
release-candidate-full-proof	UNKNOWN STEP	2026-09-18T08:30:02.0554578Z     warning: found quoted keyword "phoenix" but the quotes are not required. Note that keywords are always atoms, even when quoted. Similar to atoms, keywords made exclusively of ASCII letters, numbers, and underscores and not beginning with a number do not require quotes
release-candidate-full-proof	UNKNOWN STEP	2026-09-18T08:30:02.0556462Z     │
release-candidate-full-proof	UNKNOWN STEP	2026-09-18T08:30:02.0560167Z  13 │   "phoenix": {:hex, :phoenix, "1.8.14", "9279cbbcd755ac8d5f42d206915e7df13b9ab49096b98114f1c99ff908e5b42e", [:mix], [{:bandit, "~> 1.0", [hex: :bandit, repo: "hexpm", optional: true]}, {:jason, "~> 1.0", [hex: :jason, repo: "hexpm", optional: true]}, {:phoenix_pubsub, "~> 2.1", [hex: :phoenix_pubsub, repo: "hexpm", optional: false]}, {:phoenix_template, "~> 1.0", [hex: :phoenix_template, repo: "hexpm", optional: false]}, {:phoenix_view, "~> 2.0", [hex: :phoenix_view, repo: "hexpm", optional: true]}, {:plug, "~> 1.14", [hex: :plug, repo: "hexpm", optional: false]}, {:plug_cowboy, "~> 2.7", [hex: :plug_cowboy, repo: "hexpm", optional: true]}, {:plug_crypto, "~> 2.2", [hex: :plug_crypto, repo: "hexpm", optional: false]}, {:telemetry, "~> 0.4 or ~> 1.0", [hex: :telemetry, repo: "hexpm", optional: false]}, {:websock_adapter, "~> 0.5", [hex: :websock_adapter, repo: "hexpm", optional: false]}], "hexpm", "2782ff375824b2b5e41561fbae4764ee7b875af6898483bca49f24a9d1e37816"},
release-candidate-full-proof	UNKNOWN STEP	2026-09-18T08:30:02.0563524Z     │   ~
release-candidate-full-proof	UNKNOWN STEP	2026-09-18T08:30:02.0563876Z     │
release-candidate-full-proof	UNKNOWN STEP	2026-09-18T08:30:02.0564254Z     └─ mix.lock:13:3
release-candidate-full-proof	UNKNOWN STEP	2026-09-18T08:30:02.0564499Z 
release-candidate-full-proof	UNKNOWN STEP	2026-09-18T08:30:02.0566037Z     warning: found quoted keyword "phoenix_html" but the quotes are not required. Note that keywords are always atoms, even when quoted. Similar to atoms, keywords made exclusively of ASCII letters, numbers, and underscores and not beginning with a number do not require quotes
release-candidate-full-proof	UNKNOWN STEP	2026-09-18T08:30:02.0567850Z     │
release-candidate-full-proof	UNKNOWN STEP	2026-09-18T08:30:02.0569405Z  14 │   "phoenix_html": {:hex, :phoenix_html, "4.3.0", "d3577a5df4b6954cd7890c84d955c470b5310bb49647f0a114a6eeecc850f7ad", [:mix], [], "hexpm", "3eaa290a78bab0f075f791a46a981bbe769d94bc776869f4f3063a14f30497ad"},
release-candidate-full-proof	UNKNOWN STEP	2026-09-18T08:30:02.0570832Z     │   ~
release-candidate-full-proof	UNKNOWN STEP	2026-09-18T08:30:02.0571164Z     │
release-candidate-full-proof	UNKNOWN STEP	2026-09-18T08:30:02.0571519Z     └─ mix.lock:14:3
release-candidate-full-proof	UNKNOWN STEP	2026-09-18T08:30:02.0571739Z 
release-candidate-full-proof	UNKNOWN STEP	2026-09-18T08:30:02.0573490Z     warning: found quoted keyword "phoenix_live_reload" but the quotes are not required. Note that keywords are always atoms, even when quoted. Similar to atoms, keywords made exclusively of ASCII letters, numbers, and underscores and not beginning with a number do not require quotes
release-candidate-full-proof	UNKNOWN STEP	2026-09-18T08:30:02.0575362Z     │
release-candidate-full-proof	UNKNOWN STEP	2026-09-18T08:30:02.0577988Z  15 │   "phoenix_live_reload": {:hex, :phoenix_live_reload, "1.7.0", "fb1e429f6d8778ce3a6962debdc5e555428a05a6e7b058d6dbad13d281a2c31f", [:mix], [{:file_system, "~> 0.2.10 or ~> 1.0", [hex: :file_system, repo: "hexpm", optional: false]}, {:phoenix, "~> 1.4", [hex: :phoenix, repo: "hexpm", optional: false]}], "hexpm", "dc9f44271aa6fc4ab7797f2aa374ba096ef2c87520586280eb095626b7387a68"},
release-candidate-full-proof	UNKNOWN STEP	2026-09-18T08:30:02.0580300Z     │   ~
release-candidate-full-proof	UNKNOWN STEP	2026-09-18T08:30:02.0580618Z     │
release-candidate-full-proof	UNKNOWN STEP	2026-09-18T08:30:02.0580979Z     └─ mix.lock:15:3
release-candidate-full-proof	UNKNOWN STEP	2026-09-18T08:30:02.0581236Z 
release-candidate-full-proof	UNKNOWN STEP	2026-09-18T08:30:02.0582805Z     warning: found quoted keyword "phoenix_live_view" but the quotes are not required. Note that keywords are always atoms, even when quoted. Similar to atoms, keywords made exclusively of ASCII letters, numbers, and underscores and not beginning with a number do not require quotes
release-candidate-full-proof	UNKNOWN STEP	2026-09-18T08:30:02.0584810Z     │
release-candidate-full-proof	UNKNOWN STEP	2026-09-18T08:30:02.0591708Z  16 │   "phoenix_live_view": {:hex, :phoenix_live_view, "1.2.12", "35848150bbab579e9d0aff79525269d7c0801a4f61232b84f635c11222cee88f", [:mix], [{:igniter, ">= 0.6.16 and < 1.0.0-0", [hex: :igniter, repo: "hexpm", optional: true]}, {:jason, "~> 1.0", [hex: :jason, repo: "hexpm", optional: true]}, {:lazy_html, "~> 0.1.0", [hex: :lazy_html, repo: "hexpm", optional: true]}, {:phoenix, "~> 1.6.15 or ~> 1.7.0 or ~> 1.8.0", [hex: :phoenix, repo: "hexpm", optional: false]}, {:phoenix_html, "~> 3.3 or ~> 4.0", [hex: :phoenix_html, repo: "hexpm", optional: false]}, {:phoenix_template, "~> 1.0", [hex: :phoenix_template, repo: "hexpm", optional: false]}, {:phoenix_view, "~> 2.0", [hex: :phoenix_view, repo: "hexpm", optional: true]}, {:plug, "~> 1.15", [hex: :plug, repo: "hexpm", optional: false]}, {:telemetry, "~> 0.4.2 or ~> 1.0", [hex: :telemetry, repo: "hexpm", optional: false]}], "hexpm", "656810d716e3369545dd63981196a5d68b77fdb253afe02ef0c6fa14cfd8dc2b"},
release-candidate-full-proof	UNKNOWN STEP	2026-09-18T08:30:02.0595214Z     │   ~
release-candidate-full-proof	UNKNOWN STEP	2026-09-18T08:30:02.0595429Z     │
release-candidate-full-proof	UNKNOWN STEP	2026-09-18T08:30:02.0595657Z     └─ mix.lock:16:3
release-candidate-full-proof	UNKNOWN STEP	2026-09-18T08:30:02.0595801Z 
release-candidate-full-proof	UNKNOWN STEP	2026-09-18T08:30:02.0596705Z     warning: found quoted keyword "phoenix_pubsub" but the quotes are not required. Note that keywords are always atoms, even when quoted. Similar to atoms, keywords made exclusively of ASCII letters, numbers, and underscores and not beginning with a number do not require quotes
release-candidate-full-proof	UNKNOWN STEP	2026-09-18T08:30:02.0597778Z     │
release-candidate-full-proof	UNKNOWN STEP	2026-09-18T08:30:02.0598854Z  17 │   "phoenix_pubsub": {:hex, :phoenix_pubsub, "2.3.0", "03916bfbc31a5121945b3cfffe5aec647a5c97fe1dc172a319b94428562359c9", [:mix], [], "hexpm", "eec7be6e9cf02e2551d389b558402d6c637cd3973796326e7ba4bb03c6b2e91d"},
release-candidate-full-proof	UNKNOWN STEP	2026-09-18T08:30:02.0599722Z     │   ~
release-candidate-full-proof	UNKNOWN STEP	2026-09-18T08:30:02.0599918Z     │
release-candidate-full-proof	UNKNOWN STEP	2026-09-18T08:30:02.0600132Z     └─ mix.lock:17:3
release-candidate-full-proof	UNKNOWN STEP	2026-09-18T08:30:02.0600261Z 
release-candidate-full-proof	UNKNOWN STEP	2026-09-18T08:30:02.0601167Z     warning: found quoted keyword "phoenix_template" but the quotes are not required. Note that keywords are always atoms, even when quoted. Similar to atoms, keywords made exclusively of ASCII letters, numbers, and underscores and not beginning with a number do not require quotes
release-candidate-full-proof	UNKNOWN STEP	2026-09-18T08:30:02.0602297Z     │
release-candidate-full-proof	UNKNOWN STEP	2026-09-18T08:30:02.0603856Z  18 │   "phoenix_template": {:hex, :phoenix_template, "1.0.4", "e2092c132f3b5e5b2d49c96695342eb36d0ed514c5b252a77048d5969330d639", [:mix], [{:phoenix_html, "~> 2.14.2 or ~> 3.0 or ~> 4.0", [hex: :phoenix_html, repo: "hexpm", optional: true]}], "hexpm", "2c0c81f0e5c6753faf5cca2f229c9709919aba34fab866d3bc05060c9c444206"},
release-candidate-full-proof	UNKNOWN STEP	2026-09-18T08:30:02.0604996Z     │   ~
release-candidate-full-proof	UNKNOWN STEP	2026-09-18T08:30:02.0605193Z     │
release-candidate-full-proof	UNKNOWN STEP	2026-09-18T08:30:02.0605408Z     └─ mix.lock:18:3
release-candidate-full-proof	UNKNOWN STEP	2026-09-18T08:30:02.0605554Z 
release-candidate-full-proof	UNKNOWN STEP	2026-09-18T08:30:02.0606405Z     warning: found quoted keyword "plug" but the quotes are not required. Note that keywords are always atoms, even when quoted. Similar to atoms, keywords made exclusively of ASCII letters, numbers, and underscores and not beginning with a number do not require quotes
release-candidate-full-proof	UNKNOWN STEP	2026-09-18T08:30:02.0607426Z     │
release-candidate-full-proof	UNKNOWN STEP	2026-09-18T08:30:02.0609109Z  19 │   "plug": {:hex, :plug, "1.20.3", "56c480c633ec2ce10140e236e15233bf576e1d323887d7c96711bd02ab5160db", [:mix], [{:mime, "~> 1.0 or ~> 2.0", [hex: :mime, repo: "hexpm", optional: false]}, {:plug_crypto, "~> 1.1.1 or ~> 1.2 or ~> 2.0", [hex: :plug_crypto, repo: "hexpm", optional: false]}, {:telemetry, "~> 0.4.3 or ~> 1.0", [hex: :telemetry, repo: "hexpm", optional: false]}], "hexpm", "be266aee1b8536ef6409d58cf39a3121319f0ec47cfa1b24024485aa0e76ad76"},
release-candidate-full-proof	UNKNOWN STEP	2026-09-18T08:30:02.0610594Z     │   ~
release-candidate-full-proof	UNKNOWN STEP	2026-09-18T08:30:02.0610789Z     │
release-candidate-full-proof	UNKNOWN STEP	2026-09-18T08:30:02.0611002Z     └─ mix.lock:19:3
release-candidate-full-proof	UNKNOWN STEP	2026-09-18T08:30:02.0611137Z 
release-candidate-full-proof	UNKNOWN STEP	2026-09-18T08:30:02.0612034Z     warning: found quoted keyword "plug_crypto" but the quotes are not required. Note that keywords are always atoms, even when quoted. Similar to atoms, keywords made exclusively of ASCII letters, numbers, and underscores and not beginning with a number do not require quotes
release-candidate-full-proof	UNKNOWN STEP	2026-09-18T08:30:02.0613137Z     │
release-candidate-full-proof	UNKNOWN STEP	2026-09-18T08:30:02.0614299Z  20 │   "plug_crypto": {:hex, :plug_crypto, "2.2.0", "144014737daaf485407f5ed77daeaad74d651b216a28c87543f8cc7043f8efc8", [:mix], [], "hexpm", "83a95744ab1c75876542b6fab135fcc176280e0f301a111c1f757fddcec95d2c"},
release-candidate-full-proof	UNKNOWN STEP	2026-09-18T08:30:02.0615169Z     │   ~
release-candidate-full-proof	UNKNOWN STEP	2026-09-18T08:30:02.0615356Z     │
release-candidate-full-proof	UNKNOWN STEP	2026-09-18T08:30:02.0615585Z     └─ mix.lock:20:3
release-candidate-full-proof	UNKNOWN STEP	2026-09-18T08:30:02.0615724Z 
release-candidate-full-proof	UNKNOWN STEP	2026-09-18T08:30:02.0616598Z     warning: found quoted keyword "telemetry" but the quotes are not required. Note that keywords are always atoms, even when quoted. Similar to atoms, keywords made exclusively of ASCII letters, numbers, and underscores and not beginning with a number do not require quotes
release-candidate-full-proof	UNKNOWN STEP	2026-09-18T08:30:02.0617798Z     │
release-candidate-full-proof	UNKNOWN STEP	2026-09-18T08:30:02.0618680Z  21 │   "telemetry": {:hex, :telemetry, "1.4.2", "a0cb522801dffb1c49fe6e30561badffc7b6d0e180db1300df759faa22062855", [:rebar3], [], "hexpm", "928f6495066506077862c0d1646609eed891a4326bee3126ba54b60af61febb1"},
release-candidate-full-proof	UNKNOWN STEP	2026-09-18T08:30:02.0619494Z     │   ~
release-candidate-full-proof	UNKNOWN STEP	2026-09-18T08:30:02.0619680Z     │
release-candidate-full-proof	UNKNOWN STEP	2026-09-18T08:30:02.0619894Z     └─ mix.lock:21:3
release-candidate-full-proof	UNKNOWN STEP	2026-09-18T08:30:02.0620022Z 
release-candidate-full-proof	UNKNOWN STEP	2026-09-18T08:30:02.0620947Z     warning: found quoted keyword "telemetry_metrics" but the quotes are not required. Note that keywords are always atoms, even when quoted. Similar to atoms, keywords made exclusively of ASCII letters, numbers, and underscores and not beginning with a number do not require quotes
release-candidate-full-proof	UNKNOWN STEP	2026-09-18T08:30:02.0622014Z     │
release-candidate-full-proof	UNKNOWN STEP	2026-09-18T08:30:02.0623668Z  22 │   "telemetry_metrics": {:hex, :telemetry_metrics, "1.2.0", "7632c19c01d88d8aaca5da1a0e8912f5af39b79e7c08a2c253aeb3c14c2c957e", [:mix], [{:telemetry, "~> 0.4 or ~> 1.0", [hex: :telemetry, repo: "hexpm", optional: false]}], "hexpm", "71dde12fc29b58b9c77ec17ec319109e5ca848d010fc1965ed4463bba1837c07"},
release-candidate-full-proof	UNKNOWN STEP	2026-09-18T08:30:02.0624977Z     │   ~
release-candidate-full-proof	UNKNOWN STEP	2026-09-18T08:30:02.0625168Z     │
release-candidate-full-proof	UNKNOWN STEP	2026-09-18T08:30:02.0625386Z     └─ mix.lock:22:3
release-candidate-full-proof	UNKNOWN STEP	2026-09-18T08:30:02.0625518Z 
release-candidate-full-proof	UNKNOWN STEP	2026-09-18T08:30:02.0626427Z     warning: found quoted keyword "telemetry_poller" but the quotes are not required. Note that keywords are always atoms, even when quoted. Similar to atoms, keywords made exclusively of ASCII letters, numbers, and underscores and not beginning with a number do not require quotes
release-candidate-full-proof	UNKNOWN STEP	2026-09-18T08:30:02.0627483Z     │
release-candidate-full-proof	UNKNOWN STEP	2026-09-18T08:30:02.0628991Z  23 │   "telemetry_poller": {:hex, :telemetry_poller, "1.3.0", "d5c46420126b5ac2d72bc6580fb4f537d35e851cc0f8dbd571acf6d6e10f5ec7", [:rebar3], [{:telemetry, "~> 1.0", [hex: :telemetry, repo: "hexpm", optional: false]}], "hexpm", "51f18bed7128544a50f75897db9974436ea9bfba560420b646af27a9a9b35211"},
release-candidate-full-proof	UNKNOWN STEP	2026-09-18T08:30:02.0630090Z     │   ~
release-candidate-full-proof	UNKNOWN STEP	2026-09-18T08:30:02.0630277Z     │
release-candidate-full-proof	UNKNOWN STEP	2026-09-18T08:30:02.0630495Z     └─ mix.lock:23:3
release-candidate-full-proof	UNKNOWN STEP	2026-09-18T08:30:02.0630639Z 
release-candidate-full-proof	UNKNOWN STEP	2026-09-18T08:30:02.0631541Z     warning: found quoted keyword "thousand_island" but the quotes are not required. Note that keywords are always atoms, even when quoted. Similar to atoms, keywords made exclusively of ASCII letters, numbers, and underscores and not beginning with a number do not require quotes
release-candidate-full-proof	UNKNOWN STEP	2026-09-18T08:30:02.0632590Z     │
release-candidate-full-proof	UNKNOWN STEP	2026-09-18T08:30:02.0634074Z  24 │   "thousand_island": {:hex, :thousand_island, "1.5.0", "f50a213cac97262b6d5ebb85745aa2c00fec1413191e6e66834788d45425cecb", [:mix], [{:telemetry, "~> 0.4 or ~> 1.0", [hex: :telemetry, repo: "hexpm", optional: false]}], "hexpm", "708923d40523e43cf99041ab37a0d4b0ec426ac6438fa3716ab23d919eaeb412"},
release-candidate-full-proof	UNKNOWN STEP	2026-09-18T08:30:02.0635183Z     │   ~
release-candidate-full-proof	UNKNOWN STEP	2026-09-18T08:30:02.0635372Z     │
release-candidate-full-proof	UNKNOWN STEP	2026-09-18T08:30:02.0635594Z     └─ mix.lock:24:3
release-candidate-full-proof	UNKNOWN STEP	2026-09-18T08:30:02.0635722Z 
release-candidate-full-proof	UNKNOWN STEP	2026-09-18T08:30:02.0636596Z     warning: found quoted keyword "websock" but the quotes are not required. Note that keywords are always atoms, even when quoted. Similar to atoms, keywords made exclusively of ASCII letters, numbers, and underscores and not beginning with a number do not require quotes
release-candidate-full-proof	UNKNOWN STEP	2026-09-18T08:30:02.0637786Z     │
release-candidate-full-proof	UNKNOWN STEP	2026-09-18T08:30:02.0638770Z  25 │   "websock": {:hex, :websock, "0.5.3", "2f69a6ebe810328555b6fe5c831a851f485e303a7c8ce6c5f675abeb20ebdadc", [:mix], [], "hexpm", "6105453d7fac22c712ad66fab1d45abdf049868f253cf719b625151460b8b453"},
release-candidate-full-proof	UNKNOWN STEP	2026-09-18T08:30:02.0640188Z     │   ~
release-candidate-full-proof	UNKNOWN STEP	2026-09-18T08:30:02.0640565Z     │
release-candidate-full-proof	UNKNOWN STEP	2026-09-18T08:30:02.0640973Z     └─ mix.lock:25:3
release-candidate-full-proof	UNKNOWN STEP	2026-09-18T08:30:02.0641237Z 
release-candidate-full-proof	UNKNOWN STEP	2026-09-18T08:30:02.0642855Z     warning: found quoted keyword "websock_adapter" but the quotes are not required. Note that keywords are always atoms, even when quoted. Similar to atoms, keywords made exclusively of ASCII letters, numbers, and underscores and not beginning with a number do not require quotes
release-candidate-full-proof	UNKNOWN STEP	2026-09-18T08:30:02.0644471Z     │
release-candidate-full-proof	UNKNOWN STEP	2026-09-18T08:30:02.0646795Z  26 │   "websock_adapter": {:hex, :websock_adapter, "0.6.0", "73db5ab8aaefd1a876a97ce3e6afc96562625de69ef17a4e04426e034849d0b8", [:mix], [{:bandit, ">= 0.6.0", [hex: :bandit, repo: "hexpm", optional: true]}, {:plug, "~> 1.14", [hex: :plug, repo: "hexpm", optional: false]}, {:plug_cowboy, "~> 2.6", [hex: :plug_cowboy, repo: "hexpm", optional: true]}, {:websock, "~> 0.5", [hex: :websock, repo: "hexpm", optional: false]}], "hexpm", "50021a85bce8f203b086705d9e0c5415e2c7eb05d319111b0428fe71f9934617"},
release-candidate-full-proof	UNKNOWN STEP	2026-09-18T08:30:02.0648538Z     │   ~
release-candidate-full-proof	UNKNOWN STEP	2026-09-18T08:30:02.0648729Z     │
release-candidate-full-proof	UNKNOWN STEP	2026-09-18T08:30:02.0648951Z     └─ mix.lock:26:3
release-candidate-full-proof	UNKNOWN STEP	2026-09-18T08:30:02.0649081Z 
release-candidate-full-proof	UNKNOWN STEP	2026-09-18T08:30:02.0746524Z [crosswake] source_mode=candidate-local profile=sigra install=2 step=generate
release-candidate-full-proof	UNKNOWN STEP	2026-09-18T08:30:02.5578787Z hint: Using 'master' as the name for the initial branch. This default branch name
release-candidate-full-proof	UNKNOWN STEP	2026-09-18T08:30:02.5579459Z hint: will change to "main" in Git 3.0. To configure the initial branch name
release-candidate-full-proof	UNKNOWN STEP	2026-09-18T08:30:02.5580019Z hint: to use in all of your new repositories, which will suppress this warning,
release-candidate-full-proof	UNKNOWN STEP	2026-09-18T08:30:02.5580674Z hint: call:
release-candidate-full-proof	UNKNOWN STEP	2026-09-18T08:30:02.5580872Z hint:
release-candidate-full-proof	UNKNOWN STEP	2026-09-18T08:30:02.5581160Z hint: 	git config --global init.defaultBranch <name>
release-candidate-full-proof	UNKNOWN STEP	2026-09-18T08:30:02.5581478Z hint:
release-candidate-full-proof	UNKNOWN STEP	2026-09-18T08:30:02.5581804Z hint: Names commonly chosen instead of 'master' are 'main', 'trunk' and
release-candidate-full-proof	UNKNOWN STEP	2026-09-18T08:30:02.5582814Z hint: 'development'. The just-created branch can be renamed via this command:
release-candidate-full-proof	UNKNOWN STEP	2026-09-18T08:30:02.5583812Z hint:
release-candidate-full-proof	UNKNOWN STEP	2026-09-18T08:30:02.5584238Z hint: 	git branch -m <name>
release-candidate-full-proof	UNKNOWN STEP	2026-09-18T08:30:02.5584674Z hint:
release-candidate-full-proof	UNKNOWN STEP	2026-09-18T08:30:02.5585311Z hint: Disable this message with "git config set advice.defaultBranchName false"
release-candidate-full-proof	UNKNOWN STEP	2026-09-18T08:30:32.5689699Z     warning: found quoted keyword "bandit" but the quotes are not required. Note that keywords are always atoms, even when quoted. Similar to atoms, keywords made exclusively of ASCII letters, numbers, and underscores and not beginning with a number do not require quotes
release-candidate-full-proof	UNKNOWN STEP	2026-09-18T08:30:32.5691912Z     │
release-candidate-full-proof	UNKNOWN STEP	2026-09-18T08:30:32.5696019Z   2 │   "bandit": {:hex, :bandit, "1.12.5", "af205a8e550f304caae09a97d29fd3c79a7f337526ea7cd772d2ff11d2f7c800", [:mix], [{:hpax, "~> 1.0", [hex: :hpax, repo: "hexpm", optional: false]}, {:plug, "~> 1.18", [hex: :plug, repo: "hexpm", optional: false]}, {:telemetry, "~> 0.4 or ~> 1.0", [hex: :telemetry, repo: "hexpm", optional: false]}, {:thousand_island, "~> 1.5", [hex: :thousand_island, repo: "hexpm", optional: false]}, {:websock, "~> 0.5", [hex: :websock, repo: "hexpm", optional: false]}], "hexpm", "c5684ca062fa407cac115aec3256383f3e2ec9fdced7904d59cf5a7bb7ed6181"},
release-candidate-full-proof	UNKNOWN STEP	2026-09-18T08:30:32.5699381Z     │   ~
release-candidate-full-proof	UNKNOWN STEP	2026-09-18T08:30:32.5700092Z     │
release-candidate-full-proof	UNKNOWN STEP	2026-09-18T08:30:32.5700750Z     └─ mix.lock:2:3
release-candidate-full-proof	UNKNOWN STEP	2026-09-18T08:30:32.5701820Z 
release-candidate-full-proof	UNKNOWN STEP	2026-09-18T08:30:32.5703891Z     warning: found quoted keyword "cc_precompiler" but the quotes are not required. Note that keywords are always atoms, even when quoted. Similar to atoms, keywords made exclusively of ASCII letters, numbers, and underscores and not beginning with a number do not require quotes
release-candidate-full-proof	UNKNOWN STEP	2026-09-18T08:30:32.5706190Z     │
release-candidate-full-proof	UNKNOWN STEP	2026-09-18T08:30:32.5709011Z   3 │   "cc_precompiler": {:hex, :cc_precompiler, "0.1.11", "8c844d0b9fb98a3edea067f94f616b3f6b29b959b6b3bf25fee94ffe34364768", [:mix], [{:elixir_make, "~> 0.7", [hex: :elixir_make, repo: "hexpm", optional: false]}], "hexpm", "3427232caf0835f94680e5bcf082408a70b48ad68a5f5c0b02a3bea9f3a075b9"},
release-candidate-full-proof	UNKNOWN STEP	2026-09-18T08:30:32.5711147Z     │   ~
release-candidate-full-proof	UNKNOWN STEP	2026-09-18T08:30:32.5711528Z     │
release-candidate-full-proof	UNKNOWN STEP	2026-09-18T08:30:32.5711957Z     └─ mix.lock:3:3
release-candidate-full-proof	UNKNOWN STEP	2026-09-18T08:30:32.5712207Z 
release-candidate-full-proof	UNKNOWN STEP	2026-09-18T08:30:32.5714854Z     warning: found quoted keyword "dns_cluster" but the quotes are not required. Note that keywords are always atoms, even when quoted. Similar to atoms, keywords made exclusively of ASCII letters, numbers, and underscores and not beginning with a number do not require quotes
release-candidate-full-proof	UNKNOWN STEP	2026-09-18T08:30:32.5718713Z     │
release-candidate-full-proof	UNKNOWN STEP	2026-09-18T08:30:32.5721060Z   4 │   "dns_cluster": {:hex, :dns_cluster, "0.2.0", "aa8eb46e3bd0326bd67b84790c561733b25c5ba2fe3c7e36f28e88f384ebcb33", [:mix], [], "hexpm", "ba6f1893411c69c01b9e8e8f772062535a4cf70f3f35bcc964a324078d8c8240"},
release-candidate-full-proof	UNKNOWN STEP	2026-09-18T08:30:32.5722747Z     │   ~
release-candidate-full-proof	UNKNOWN STEP	2026-09-18T08:30:32.5723125Z     │
release-candidate-full-proof	UNKNOWN STEP	2026-09-18T08:30:32.5723847Z     └─ mix.lock:4:3
release-candidate-full-proof	UNKNOWN STEP	2026-09-18T08:30:32.5724106Z 
release-candidate-full-proof	UNKNOWN STEP	2026-09-18T08:30:32.5725851Z     warning: found quoted keyword "elixir_make" but the quotes are not required. Note that keywords are always atoms, even when quoted. Similar to atoms, keywords made exclusively of ASCII letters, numbers, and underscores and not beginning with a number do not require quotes
release-candidate-full-proof	UNKNOWN STEP	2026-09-18T08:30:32.5727903Z     │
release-candidate-full-proof	UNKNOWN STEP	2026-09-18T08:30:32.5729666Z   5 │   "elixir_make": {:hex, :elixir_make, "0.10.0", "16577e2583a79bb79237bbff349619ef5d80afffc07eac6e4faf0d00e2ddaf7d", [:mix], [], "hexpm", "dc1f09fb7fa68866b886abd5f0f3c83553b1a19a52359a899e92af1bb3b31982"},
release-candidate-full-proof	UNKNOWN STEP	2026-09-18T08:30:32.5731301Z     │   ~
release-candidate-full-proof	UNKNOWN STEP	2026-09-18T08:30:32.5731658Z     │
release-candidate-full-proof	UNKNOWN STEP	2026-09-18T08:30:32.5732102Z     └─ mix.lock:5:3
release-candidate-full-proof	UNKNOWN STEP	2026-09-18T08:30:32.5732356Z 
release-candidate-full-proof	UNKNOWN STEP	2026-09-18T08:30:32.5735242Z     warning: found quoted keyword "file_system" but the quotes are not required. Note that keywords are always atoms, even when quoted. Similar to atoms, keywords made exclusively of ASCII letters, numbers, and underscores and not beginning with a number do not require quotes
release-candidate-full-proof	UNKNOWN STEP	2026-09-18T08:30:32.5737333Z     │
release-candidate-full-proof	UNKNOWN STEP	2026-09-18T08:30:32.5739092Z   6 │   "file_system": {:hex, :file_system, "1.1.1", "31864f4685b0148f25bd3fbef2b1228457c0c89024ad67f7a81a3ffbc0bbad3a", [:mix], [], "hexpm", "7a15ff97dfe526aeefb090a7a9d3d03aa907e100e262a0f8f7746b78f8f87a5d"},
release-candidate-full-proof	UNKNOWN STEP	2026-09-18T08:30:32.5740735Z     │   ~
release-candidate-full-proof	UNKNOWN STEP	2026-09-18T08:30:32.5741105Z     │
release-candidate-full-proof	UNKNOWN STEP	2026-09-18T08:30:32.5741528Z     └─ mix.lock:6:3
release-candidate-full-proof	UNKNOWN STEP	2026-09-18T08:30:32.5741774Z 
release-candidate-full-proof	UNKNOWN STEP	2026-09-18T08:30:32.5743625Z     warning: found quoted keyword "fine" but the quotes are not required. Note that keywords are always atoms, even when quoted. Similar to atoms, keywords made exclusively of ASCII letters, numbers, and underscores and not beginning with a number do not require quotes
release-candidate-full-proof	UNKNOWN STEP	2026-09-18T08:30:32.5745639Z     │
release-candidate-full-proof	UNKNOWN STEP	2026-09-18T08:30:32.5747298Z   7 │   "fine": {:hex, :fine, "0.1.6", "4bf7151493443c454aac9f2fa2f34f5fefd0346a83fb5586a016c4a135c63247", [:mix], [], "hexpm", "5638eb4495488e885ebec167fa57973e5c35e1a50c344eb7666c90ec1c4e3b12"},
release-candidate-full-proof	UNKNOWN STEP	2026-09-18T08:30:32.5748822Z     │   ~
release-candidate-full-proof	UNKNOWN STEP	2026-09-18T08:30:32.5749194Z     │
release-candidate-full-proof	UNKNOWN STEP	2026-09-18T08:30:32.5749634Z     └─ mix.lock:7:3
release-candidate-full-proof	UNKNOWN STEP	2026-09-18T08:30:32.5749897Z 
release-candidate-full-proof	UNKNOWN STEP	2026-09-18T08:30:32.5751573Z     warning: found quoted keyword "hpax" but the quotes are not required. Note that keywords are always atoms, even when quoted. Similar to atoms, keywords made exclusively of ASCII letters, numbers, and underscores and not beginning with a number do not require quotes
release-candidate-full-proof	UNKNOWN STEP	2026-09-18T08:30:32.5753812Z     │
release-candidate-full-proof	UNKNOWN STEP	2026-09-18T08:30:32.5755409Z   8 │   "hpax": {:hex, :hpax, "1.0.4", "777de5d433b0fbdc7c418159c8055910faa8047ffdb3d6b31098d2a46cd7685c", [:mix], [], "hexpm", "afc7cb142ebcc2d01ce7816190b98ce5dd49e799111b24249f3443d730f377ca"},
release-candidate-full-proof	UNKNOWN STEP	2026-09-18T08:30:32.5756962Z     │   ~
release-candidate-full-proof	UNKNOWN STEP	2026-09-18T08:30:32.5757347Z     │
release-candidate-full-proof	UNKNOWN STEP	2026-09-18T08:30:32.5757774Z     └─ mix.lock:8:3
release-candidate-full-proof	UNKNOWN STEP	2026-09-18T08:30:32.5758313Z 
release-candidate-full-proof	UNKNOWN STEP	2026-09-18T08:30:32.5759968Z     warning: found quoted keyword "jason" but the quotes are not required. Note that keywords are always atoms, even when quoted. Similar to atoms, keywords made exclusively of ASCII letters, numbers, and underscores and not beginning with a number do not require quotes
release-candidate-full-proof	UNKNOWN STEP	2026-09-18T08:30:32.5761992Z     │
release-candidate-full-proof	UNKNOWN STEP	2026-09-18T08:30:32.5764484Z   9 │   "jason": {:hex, :jason, "1.4.5", "2e3a008590b0b8d7388c20293e9dcc9cf3e5d642fd2a114e4cbbb52e595d940a", [:mix], [{:decimal, "~> 1.0 or ~> 2.0 or ~> 3.0", [hex: :decimal, repo: "hexpm", optional: true]}], "hexpm", "b0c823996102bcd0239b3c2444eb00409b72f6a140c1950bc8b457d836b30684"},
release-candidate-full-proof	UNKNOWN STEP	2026-09-18T08:30:32.5766477Z     │   ~
release-candidate-full-proof	UNKNOWN STEP	2026-09-18T08:30:32.5766832Z     │
release-candidate-full-proof	UNKNOWN STEP	2026-09-18T08:30:32.5767271Z     └─ mix.lock:9:3
release-candidate-full-proof	UNKNOWN STEP	2026-09-18T08:30:32.5767515Z 
release-candidate-full-proof	UNKNOWN STEP	2026-09-18T08:30:32.5769341Z     warning: found quoted keyword "lazy_html" but the quotes are not required. Note that keywords are always atoms, even when quoted. Similar to atoms, keywords made exclusively of ASCII letters, numbers, and underscores and not beginning with a number do not require quotes
release-candidate-full-proof	UNKNOWN STEP	2026-09-18T08:30:32.5771323Z     │
release-candidate-full-proof	UNKNOWN STEP	2026-09-18T08:30:32.5774753Z  10 │   "lazy_html": {:hex, :lazy_html, "0.1.12", "31a55ee622918fce988c94b06232227b42daa64e4eab14ac32081d0f3fd8db6f", [:make, :mix], [{:cc_precompiler, "~> 0.1", [hex: :cc_precompiler, repo: "hexpm", optional: false]}, {:elixir_make, "~> 0.9", [hex: :elixir_make, repo: "hexpm", optional: false]}, {:fine, "~> 0.1.0", [hex: :fine, repo: "hexpm", optional: false]}], "hexpm", "8a0da594776caee58782c6f93b2abaa5bdb809daf8d43351a561f7de9dc2e2a8"},
release-candidate-full-proof	UNKNOWN STEP	2026-09-18T08:30:32.5777647Z     │   ~
release-candidate-full-proof	UNKNOWN STEP	2026-09-18T08:30:32.5778009Z     │
release-candidate-full-proof	UNKNOWN STEP	2026-09-18T08:30:32.5778429Z     └─ mix.lock:10:3
release-candidate-full-proof	UNKNOWN STEP	2026-09-18T08:30:32.5778673Z 
release-candidate-full-proof	UNKNOWN STEP	2026-09-18T08:30:32.5780157Z     warning: found quoted keyword "mime" but the quotes are not required. Note that keywords are always atoms, even when quoted. Similar to atoms, keywords made exclusively of ASCII letters, numbers, and underscores and not beginning with a number do not require quotes
release-candidate-full-proof	UNKNOWN STEP	2026-09-18T08:30:32.5781926Z     │
release-candidate-full-proof	UNKNOWN STEP	2026-09-18T08:30:32.5783738Z  11 │   "mime": {:hex, :mime, "2.0.7", "b8d739037be7cd402aee1ba0306edfdef982687ee7e9859bee6198c1e7e2f128", [:mix], [], "hexpm", "6171188e399ee16023ffc5b76ce445eb6d9672e2e241d2df6050f3c771e80ccd"},
release-candidate-full-proof	UNKNOWN STEP	2026-09-18T08:30:32.5785119Z     │   ~
release-candidate-full-proof	UNKNOWN STEP	2026-09-18T08:30:32.5785432Z     │
release-candidate-full-proof	UNKNOWN STEP	2026-09-18T08:30:32.5785784Z     └─ mix.lock:11:3
release-candidate-full-proof	UNKNOWN STEP	2026-09-18T08:30:32.5786002Z 
release-candidate-full-proof	UNKNOWN STEP	2026-09-18T08:30:32.5787529Z     warning: found quoted keyword "nimble_options" but the quotes are not required. Note that keywords are always atoms, even when quoted. Similar to atoms, keywords made exclusively of ASCII letters, numbers, and underscores and not beginning with a number do not require quotes
release-candidate-full-proof	UNKNOWN STEP	2026-09-18T08:30:32.5788744Z     │
release-candidate-full-proof	UNKNOWN STEP	2026-09-18T08:30:32.5789692Z  12 │   "nimble_options": {:hex, :nimble_options, "1.1.1", "e3a492d54d85fc3fd7c5baf411d9d2852922f66e69476317787a7b2bb000a61b", [:mix], [], "hexpm", "821b2470ca9442c4b6984882fe9bb0389371b8ddec4d45a9504f00a66f650b44"},
release-candidate-full-proof	UNKNOWN STEP	2026-09-18T08:30:32.5790550Z     │   ~
release-candidate-full-proof	UNKNOWN STEP	2026-09-18T08:30:32.5790738Z     │
release-candidate-full-proof	UNKNOWN STEP	2026-09-18T08:30:32.5790954Z     └─ mix.lock:12:3
release-candidate-full-proof	UNKNOWN STEP	2026-09-18T08:30:32.5791093Z 
release-candidate-full-proof	UNKNOWN STEP	2026-09-18T08:30:32.5791978Z     warning: found quoted keyword "phoenix" but the quotes are not required. Note that keywords are always atoms, even when quoted. Similar to atoms, keywords made exclusively of ASCII letters, numbers, and underscores and not beginning with a number do not require quotes
release-candidate-full-proof	UNKNOWN STEP	2026-09-18T08:30:32.5793009Z     │
release-candidate-full-proof	UNKNOWN STEP	2026-09-18T08:30:32.5799778Z  13 │   "phoenix": {:hex, :phoenix, "1.8.14", "9279cbbcd755ac8d5f42d206915e7df13b9ab49096b98114f1c99ff908e5b42e", [:mix], [{:bandit, "~> 1.0", [hex: :bandit, repo: "hexpm", optional: true]}, {:jason, "~> 1.0", [hex: :jason, repo: "hexpm", optional: true]}, {:phoenix_pubsub, "~> 2.1", [hex: :phoenix_pubsub, repo: "hexpm", optional: false]}, {:phoenix_template, "~> 1.0", [hex: :phoenix_template, repo: "hexpm", optional: false]}, {:phoenix_view, "~> 2.0", [hex: :phoenix_view, repo: "hexpm", optional: true]}, {:plug, "~> 1.14", [hex: :plug, repo: "hexpm", optional: false]}, {:plug_cowboy, "~> 2.7", [hex: :plug_cowboy, repo: "hexpm", optional: true]}, {:plug_crypto, "~> 2.2", [hex: :plug_crypto, repo: "hexpm", optional: false]}, {:telemetry, "~> 0.4 or ~> 1.0", [hex: :telemetry, repo: "hexpm", optional: false]}, {:websock_adapter, "~> 0.5", [hex: :websock_adapter, repo: "hexpm", optional: false]}], "hexpm", "2782ff375824b2b5e41561fbae4764ee7b875af6898483bca49f24a9d1e37816"},
release-candidate-full-proof	UNKNOWN STEP	2026-09-18T08:30:32.5805866Z     │   ~
release-candidate-full-proof	UNKNOWN STEP	2026-09-18T08:30:32.5806238Z     │
release-candidate-full-proof	UNKNOWN STEP	2026-09-18T08:30:32.5806655Z     └─ mix.lock:13:3
release-candidate-full-proof	UNKNOWN STEP	2026-09-18T08:30:32.5806915Z 
release-candidate-full-proof	UNKNOWN STEP	2026-09-18T08:30:32.5808605Z     warning: found quoted keyword "phoenix_html" but the quotes are not required. Note that keywords are always atoms, even when quoted. Similar to atoms, keywords made exclusively of ASCII letters, numbers, and underscores and not beginning with a number do not require quotes
release-candidate-full-proof	UNKNOWN STEP	2026-09-18T08:30:32.5810646Z     │
release-candidate-full-proof	UNKNOWN STEP	2026-09-18T08:30:32.5812597Z  14 │   "phoenix_html": {:hex, :phoenix_html, "4.3.0", "d3577a5df4b6954cd7890c84d955c470b5310bb49647f0a114a6eeecc850f7ad", [:mix], [], "hexpm", "3eaa290a78bab0f075f791a46a981bbe769d94bc776869f4f3063a14f30497ad"},
release-candidate-full-proof	UNKNOWN STEP	2026-09-18T08:30:32.5814342Z     │   ~
release-candidate-full-proof	UNKNOWN STEP	2026-09-18T08:30:32.5814666Z     │
release-candidate-full-proof	UNKNOWN STEP	2026-09-18T08:30:32.5815038Z     └─ mix.lock:14:3
release-candidate-full-proof	UNKNOWN STEP	2026-09-18T08:30:32.5815287Z 
release-candidate-full-proof	UNKNOWN STEP	2026-09-18T08:30:32.5816966Z     warning: found quoted keyword "phoenix_live_reload" but the quotes are not required. Note that keywords are always atoms, even when quoted. Similar to atoms, keywords made exclusively of ASCII letters, numbers, and underscores and not beginning with a number do not require quotes
release-candidate-full-proof	UNKNOWN STEP	2026-09-18T08:30:32.5818844Z     │
release-candidate-full-proof	UNKNOWN STEP	2026-09-18T08:30:32.5821349Z  15 │   "phoenix_live_reload": {:hex, :phoenix_live_reload, "1.7.0", "fb1e429f6d8778ce3a6962debdc5e555428a05a6e7b058d6dbad13d281a2c31f", [:mix], [{:file_system, "~> 0.2.10 or ~> 1.0", [hex: :file_system, repo: "hexpm", optional: false]}, {:phoenix, "~> 1.4", [hex: :phoenix, repo: "hexpm", optional: false]}], "hexpm", "dc9f44271aa6fc4ab7797f2aa374ba096ef2c87520586280eb095626b7387a68"},
release-candidate-full-proof	UNKNOWN STEP	2026-09-18T08:30:32.5822719Z     │   ~
release-candidate-full-proof	UNKNOWN STEP	2026-09-18T08:30:32.5822913Z     │
release-candidate-full-proof	UNKNOWN STEP	2026-09-18T08:30:32.5823132Z     └─ mix.lock:15:3
release-candidate-full-proof	UNKNOWN STEP	2026-09-18T08:30:32.5823269Z 
release-candidate-full-proof	UNKNOWN STEP	2026-09-18T08:30:32.5825424Z     warning: found quoted keyword "phoenix_live_view" but the quotes are not required. Note that keywords are always atoms, even when quoted. Similar to atoms, keywords made exclusively of ASCII letters, numbers, and underscores and not beginning with a number do not require quotes
release-candidate-full-proof	UNKNOWN STEP	2026-09-18T08:30:32.5827451Z     │
release-candidate-full-proof	UNKNOWN STEP	2026-09-18T08:30:32.5833798Z  16 │   "phoenix_live_view": {:hex, :phoenix_live_view, "1.2.12", "35848150bbab579e9d0aff79525269d7c0801a4f61232b84f635c11222cee88f", [:mix], [{:igniter, ">= 0.6.16 and < 1.0.0-0", [hex: :igniter, repo: "hexpm", optional: true]}, {:jason, "~> 1.0", [hex: :jason, repo: "hexpm", optional: true]}, {:lazy_html, "~> 0.1.0", [hex: :lazy_html, repo: "hexpm", optional: true]}, {:phoenix, "~> 1.6.15 or ~> 1.7.0 or ~> 1.8.0", [hex: :phoenix, repo: "hexpm", optional: false]}, {:phoenix_html, "~> 3.3 or ~> 4.0", [hex: :phoenix_html, repo: "hexpm", optional: false]}, {:phoenix_template, "~> 1.0", [hex: :phoenix_template, repo: "hexpm", optional: false]}, {:phoenix_view, "~> 2.0", [hex: :phoenix_view, repo: "hexpm", optional: true]}, {:plug, "~> 1.15", [hex: :plug, repo: "hexpm", optional: false]}, {:telemetry, "~> 0.4.2 or ~> 1.0", [hex: :telemetry, repo: "hexpm", optional: false]}], "hexpm", "656810d716e3369545dd63981196a5d68b77fdb253afe02ef0c6fa14cfd8dc2b"},
release-candidate-full-proof	UNKNOWN STEP	2026-09-18T08:30:32.5838104Z     │   ~
release-candidate-full-proof	UNKNOWN STEP	2026-09-18T08:30:32.5838308Z     │
release-candidate-full-proof	UNKNOWN STEP	2026-09-18T08:30:32.5838542Z     └─ mix.lock:16:3
release-candidate-full-proof	UNKNOWN STEP	2026-09-18T08:30:32.5838684Z 
release-candidate-full-proof	UNKNOWN STEP	2026-09-18T08:30:32.5839610Z     warning: found quoted keyword "phoenix_pubsub" but the quotes are not required. Note that keywords are always atoms, even when quoted. Similar to atoms, keywords made exclusively of ASCII letters, numbers, and underscores and not beginning with a number do not require quotes
release-candidate-full-proof	UNKNOWN STEP	2026-09-18T08:30:32.5840921Z     │
release-candidate-full-proof	UNKNOWN STEP	2026-09-18T08:30:32.5841856Z  17 │   "phoenix_pubsub": {:hex, :phoenix_pubsub, "2.3.0", "03916bfbc31a5121945b3cfffe5aec647a5c97fe1dc172a319b94428562359c9", [:mix], [], "hexpm", "eec7be6e9cf02e2551d389b558402d6c637cd3973796326e7ba4bb03c6b2e91d"},
release-candidate-full-proof	UNKNOWN STEP	2026-09-18T08:30:32.5842705Z     │   ~
release-candidate-full-proof	UNKNOWN STEP	2026-09-18T08:30:32.5842890Z     │
release-candidate-full-proof	UNKNOWN STEP	2026-09-18T08:30:32.5843105Z     └─ mix.lock:17:3
release-candidate-full-proof	UNKNOWN STEP	2026-09-18T08:30:32.5843241Z 
release-candidate-full-proof	UNKNOWN STEP	2026-09-18T08:30:32.5845079Z     warning: found quoted keyword "phoenix_template" but the quotes are not required. Note that keywords are always atoms, even when quoted. Similar to atoms, keywords made exclusively of ASCII letters, numbers, and underscores and not beginning with a number do not require quotes
release-candidate-full-proof	UNKNOWN STEP	2026-09-18T08:30:32.5847114Z     │
release-candidate-full-proof	UNKNOWN STEP	2026-09-18T08:30:32.5849717Z  18 │   "phoenix_template": {:hex, :phoenix_template, "1.0.4", "e2092c132f3b5e5b2d49c96695342eb36d0ed514c5b252a77048d5969330d639", [:mix], [{:phoenix_html, "~> 2.14.2 or ~> 3.0 or ~> 4.0", [hex: :phoenix_html, repo: "hexpm", optional: true]}], "hexpm", "2c0c81f0e5c6753faf5cca2f229c9709919aba34fab866d3bc05060c9c444206"},
release-candidate-full-proof	UNKNOWN STEP	2026-09-18T08:30:32.5851956Z     │   ~
release-candidate-full-proof	UNKNOWN STEP	2026-09-18T08:30:32.5852333Z     │
release-candidate-full-proof	UNKNOWN STEP	2026-09-18T08:30:32.5852748Z     └─ mix.lock:18:3
release-candidate-full-proof	UNKNOWN STEP	2026-09-18T08:30:32.5852995Z 
release-candidate-full-proof	UNKNOWN STEP	2026-09-18T08:30:32.5854721Z     warning: found quoted keyword "plug" but the quotes are not required. Note that keywords are always atoms, even when quoted. Similar to atoms, keywords made exclusively of ASCII letters, numbers, and underscores and not beginning with a number do not require quotes
release-candidate-full-proof	UNKNOWN STEP	2026-09-18T08:30:32.5856670Z     │
release-candidate-full-proof	UNKNOWN STEP	2026-09-18T08:30:32.5859874Z  19 │   "plug": {:hex, :plug, "1.20.3", "56c480c633ec2ce10140e236e15233bf576e1d323887d7c96711bd02ab5160db", [:mix], [{:mime, "~> 1.0 or ~> 2.0", [hex: :mime, repo: "hexpm", optional: false]}, {:plug_crypto, "~> 1.1.1 or ~> 1.2 or ~> 2.0", [hex: :plug_crypto, repo: "hexpm", optional: false]}, {:telemetry, "~> 0.4.3 or ~> 1.0", [hex: :telemetry, repo: "hexpm", optional: false]}], "hexpm", "be266aee1b8536ef6409d58cf39a3121319f0ec47cfa1b24024485aa0e76ad76"},
release-candidate-full-proof	UNKNOWN STEP	2026-09-18T08:30:32.5863041Z     │   ~
release-candidate-full-proof	UNKNOWN STEP	2026-09-18T08:30:32.5863246Z     │
release-candidate-full-proof	UNKNOWN STEP	2026-09-18T08:30:32.5863823Z     └─ mix.lock:19:3
release-candidate-full-proof	UNKNOWN STEP	2026-09-18T08:30:32.5863972Z 
release-candidate-full-proof	UNKNOWN STEP	2026-09-18T08:30:32.5864877Z     warning: found quoted keyword "plug_crypto" but the quotes are not required. Note that keywords are always atoms, even when quoted. Similar to atoms, keywords made exclusively of ASCII letters, numbers, and underscores and not beginning with a number do not require quotes
release-candidate-full-proof	UNKNOWN STEP	2026-09-18T08:30:32.5865929Z     │
release-candidate-full-proof	UNKNOWN STEP	2026-09-18T08:30:32.5866829Z  20 │   "plug_crypto": {:hex, :plug_crypto, "2.2.0", "144014737daaf485407f5ed77daeaad74d651b216a28c87543f8cc7043f8efc8", [:mix], [], "hexpm", "83a95744ab1c75876542b6fab135fcc176280e0f301a111c1f757fddcec95d2c"},
release-candidate-full-proof	UNKNOWN STEP	2026-09-18T08:30:32.5867646Z     │   ~
release-candidate-full-proof	UNKNOWN STEP	2026-09-18T08:30:32.5867833Z     │
release-candidate-full-proof	UNKNOWN STEP	2026-09-18T08:30:32.5868046Z     └─ mix.lock:20:3
release-candidate-full-proof	UNKNOWN STEP	2026-09-18T08:30:32.5868181Z 
release-candidate-full-proof	UNKNOWN STEP	2026-09-18T08:30:32.5869064Z     warning: found quoted keyword "telemetry" but the quotes are not required. Note that keywords are always atoms, even when quoted. Similar to atoms, keywords made exclusively of ASCII letters, numbers, and underscores and not beginning with a number do not require quotes
release-candidate-full-proof	UNKNOWN STEP	2026-09-18T08:30:32.5870111Z     │
release-candidate-full-proof	UNKNOWN STEP	2026-09-18T08:30:32.5870986Z  21 │   "telemetry": {:hex, :telemetry, "1.4.2", "a0cb522801dffb1c49fe6e30561badffc7b6d0e180db1300df759faa22062855", [:rebar3], [], "hexpm", "928f6495066506077862c0d1646609eed891a4326bee3126ba54b60af61febb1"},
release-candidate-full-proof	UNKNOWN STEP	2026-09-18T08:30:32.5871801Z     │   ~
release-candidate-full-proof	UNKNOWN STEP	2026-09-18T08:30:32.5871986Z     │
release-candidate-full-proof	UNKNOWN STEP	2026-09-18T08:30:32.5872193Z     └─ mix.lock:21:3
release-candidate-full-proof	UNKNOWN STEP	2026-09-18T08:30:32.5872337Z 
release-candidate-full-proof	UNKNOWN STEP	2026-09-18T08:30:32.5873532Z     warning: found quoted keyword "telemetry_metrics" but the quotes are not required. Note that keywords are always atoms, even when quoted. Similar to atoms, keywords made exclusively of ASCII letters, numbers, and underscores and not beginning with a number do not require quotes
release-candidate-full-proof	UNKNOWN STEP	2026-09-18T08:30:32.5874648Z     │
release-candidate-full-proof	UNKNOWN STEP	2026-09-18T08:30:32.5876092Z  22 │   "telemetry_metrics": {:hex, :telemetry_metrics, "1.2.0", "7632c19c01d88d8aaca5da1a0e8912f5af39b79e7c08a2c253aeb3c14c2c957e", [:mix], [{:telemetry, "~> 0.4 or ~> 1.0", [hex: :telemetry, repo: "hexpm", optional: false]}], "hexpm", "71dde12fc29b58b9c77ec17ec319109e5ca848d010fc1965ed4463bba1837c07"},
release-candidate-full-proof	UNKNOWN STEP	2026-09-18T08:30:32.5877194Z     │   ~
release-candidate-full-proof	UNKNOWN STEP	2026-09-18T08:30:32.5877379Z     │
release-candidate-full-proof	UNKNOWN STEP	2026-09-18T08:30:32.5877625Z     └─ mix.lock:22:3
release-candidate-full-proof	UNKNOWN STEP	2026-09-18T08:30:32.5877760Z 
release-candidate-full-proof	UNKNOWN STEP	2026-09-18T08:30:32.5878661Z     warning: found quoted keyword "telemetry_poller" but the quotes are not required. Note that keywords are always atoms, even when quoted. Similar to atoms, keywords made exclusively of ASCII letters, numbers, and underscores and not beginning with a number do not require quotes
release-candidate-full-proof	UNKNOWN STEP	2026-09-18T08:30:32.5879716Z     │
release-candidate-full-proof	UNKNOWN STEP	2026-09-18T08:30:32.5881022Z  23 │   "telemetry_poller": {:hex, :telemetry_poller, "1.3.0", "d5c46420126b5ac2d72bc6580fb4f537d35e851cc0f8dbd571acf6d6e10f5ec7", [:rebar3], [{:telemetry, "~> 1.0", [hex: :telemetry, repo: "hexpm", optional: false]}], "hexpm", "51f18bed7128544a50f75897db9974436ea9bfba560420b646af27a9a9b35211"},
release-candidate-full-proof	UNKNOWN STEP	2026-09-18T08:30:32.5882112Z     │   ~
release-candidate-full-proof	UNKNOWN STEP	2026-09-18T08:30:32.5882295Z     │
release-candidate-full-proof	UNKNOWN STEP	2026-09-18T08:30:32.5882502Z     └─ mix.lock:23:3
release-candidate-full-proof	UNKNOWN STEP	2026-09-18T08:30:32.5882637Z 
release-candidate-full-proof	UNKNOWN STEP	2026-09-18T08:30:32.5884194Z     warning: found quoted keyword "thousand_island" but the quotes are not required. Note that keywords are always atoms, even when quoted. Similar to atoms, keywords made exclusively of ASCII letters, numbers, and underscores and not beginning with a number do not require quotes
release-candidate-full-proof	UNKNOWN STEP	2026-09-18T08:30:32.5886018Z     │
release-candidate-full-proof	UNKNOWN STEP	2026-09-18T08:30:32.5888031Z  24 │   "thousand_island": {:hex, :thousand_island, "1.5.0", "f50a213cac97262b6d5ebb85745aa2c00fec1413191e6e66834788d45425cecb", [:mix], [{:telemetry, "~> 0.4 or ~> 1.0", [hex: :telemetry, repo: "hexpm", optional: false]}], "hexpm", "708923d40523e43cf99041ab37a0d4b0ec426ac6438fa3716ab23d919eaeb412"},
release-candidate-full-proof	UNKNOWN STEP	2026-09-18T08:30:32.5889823Z     │   ~
release-candidate-full-proof	UNKNOWN STEP	2026-09-18T08:30:32.5890129Z     │
release-candidate-full-proof	UNKNOWN STEP	2026-09-18T08:30:32.5890474Z     └─ mix.lock:24:3
release-candidate-full-proof	UNKNOWN STEP	2026-09-18T08:30:32.5890693Z 
release-candidate-full-proof	UNKNOWN STEP	2026-09-18T08:30:32.5892166Z     warning: found quoted keyword "websock" but the quotes are not required. Note that keywords are always atoms, even when quoted. Similar to atoms, keywords made exclusively of ASCII letters, numbers, and underscores and not beginning with a number do not require quotes
release-candidate-full-proof	UNKNOWN STEP	2026-09-18T08:30:32.5894189Z     │
release-candidate-full-proof	UNKNOWN STEP	2026-09-18T08:30:32.5895611Z  25 │   "websock": {:hex, :websock, "0.5.3", "2f69a6ebe810328555b6fe5c831a851f485e303a7c8ce6c5f675abeb20ebdadc", [:mix], [], "hexpm", "6105453d7fac22c712ad66fab1d45abdf049868f253cf719b625151460b8b453"},
release-candidate-full-proof	UNKNOWN STEP	2026-09-18T08:30:32.5897094Z     │   ~
release-candidate-full-proof	UNKNOWN STEP	2026-09-18T08:30:32.5897418Z     │
release-candidate-full-proof	UNKNOWN STEP	2026-09-18T08:30:32.5897781Z     └─ mix.lock:25:3
release-candidate-full-proof	UNKNOWN STEP	2026-09-18T08:30:32.5898012Z 
release-candidate-full-proof	UNKNOWN STEP	2026-09-18T08:30:32.5899672Z     warning: found quoted keyword "websock_adapter" but the quotes are not required. Note that keywords are always atoms, even when quoted. Similar to atoms, keywords made exclusively of ASCII letters, numbers, and underscores and not beginning with a number do not require quotes
release-candidate-full-proof	UNKNOWN STEP	2026-09-18T08:30:32.5901632Z     │
release-candidate-full-proof	UNKNOWN STEP	2026-09-18T08:30:32.5905423Z  26 │   "websock_adapter": {:hex, :websock_adapter, "0.6.0", "73db5ab8aaefd1a876a97ce3e6afc96562625de69ef17a4e04426e034849d0b8", [:mix], [{:bandit, ">= 0.6.0", [hex: :bandit, repo: "hexpm", optional: true]}, {:plug, "~> 1.14", [hex: :plug, repo: "hexpm", optional: false]}, {:plug_cowboy, "~> 2.6", [hex: :plug_cowboy, repo: "hexpm", optional: true]}, {:websock, "~> 0.5", [hex: :websock, repo: "hexpm", optional: false]}], "hexpm", "50021a85bce8f203b086705d9e0c5415e2c7eb05d319111b0428fe71f9934617"},
release-candidate-full-proof	UNKNOWN STEP	2026-09-18T08:30:32.5908264Z     │   ~
release-candidate-full-proof	UNKNOWN STEP	2026-09-18T08:30:32.5908559Z     │
release-candidate-full-proof	UNKNOWN STEP	2026-09-18T08:30:32.5908892Z     └─ mix.lock:26:3
release-candidate-full-proof	UNKNOWN STEP	2026-09-18T08:30:32.5909101Z 
release-candidate-full-proof	UNKNOWN STEP	2026-09-18T08:30:32.6043564Z [crosswake] source_mode=candidate-local profile=chimeway install=1 step=generate
release-candidate-full-proof	UNKNOWN STEP	2026-09-18T08:30:33.0895600Z hint: Using 'master' as the name for the initial branch. This default branch name
release-candidate-full-proof	UNKNOWN STEP	2026-09-18T08:30:33.0896523Z hint: will change to "main" in Git 3.0. To configure the initial branch name
release-candidate-full-proof	UNKNOWN STEP	2026-09-18T08:30:33.0897192Z hint: to use in all of your new repositories, which will suppress this warning,
release-candidate-full-proof	UNKNOWN STEP	2026-09-18T08:30:33.0897874Z hint: call:
release-candidate-full-proof	UNKNOWN STEP	2026-09-18T08:30:33.0898174Z hint:
release-candidate-full-proof	UNKNOWN STEP	2026-09-18T08:30:33.0898636Z hint: 	git config --global init.defaultBranch <name>
release-candidate-full-proof	UNKNOWN STEP	2026-09-18T08:30:33.0899142Z hint:
release-candidate-full-proof	UNKNOWN STEP	2026-09-18T08:30:33.0899684Z hint: Names commonly chosen instead of 'master' are 'main', 'trunk' and
release-candidate-full-proof	UNKNOWN STEP	2026-09-18T08:30:33.0900681Z hint: 'development'. The just-created branch can be renamed via this command:
release-candidate-full-proof	UNKNOWN STEP	2026-09-18T08:30:33.0901422Z hint:
release-candidate-full-proof	UNKNOWN STEP	2026-09-18T08:30:33.0901804Z hint: 	git branch -m <name>
release-candidate-full-proof	UNKNOWN STEP	2026-09-18T08:30:33.0902191Z hint:
release-candidate-full-proof	UNKNOWN STEP	2026-09-18T08:30:33.0902803Z hint: Disable this message with "git config set advice.defaultBranchName false"
release-candidate-full-proof	UNKNOWN STEP	2026-09-18T08:31:02.5039394Z     warning: found quoted keyword "bandit" but the quotes are not required. Note that keywords are always atoms, even when quoted. Similar to atoms, keywords made exclusively of ASCII letters, numbers, and underscores and not beginning with a number do not require quotes
release-candidate-full-proof	UNKNOWN STEP	2026-09-18T08:31:02.5042014Z     │
release-candidate-full-proof	UNKNOWN STEP	2026-09-18T08:31:02.5046132Z   2 │   "bandit": {:hex, :bandit, "1.12.5", "af205a8e550f304caae09a97d29fd3c79a7f337526ea7cd772d2ff11d2f7c800", [:mix], [{:hpax, "~> 1.0", [hex: :hpax, repo: "hexpm", optional: false]}, {:plug, "~> 1.18", [hex: :plug, repo: "hexpm", optional: false]}, {:telemetry, "~> 0.4 or ~> 1.0", [hex: :telemetry, repo: "hexpm", optional: false]}, {:thousand_island, "~> 1.5", [hex: :thousand_island, repo: "hexpm", optional: false]}, {:websock, "~> 0.5", [hex: :websock, repo: "hexpm", optional: false]}], "hexpm", "c5684ca062fa407cac115aec3256383f3e2ec9fdced7904d59cf5a7bb7ed6181"},
release-candidate-full-proof	UNKNOWN STEP	2026-09-18T08:31:02.5049608Z     │   ~
release-candidate-full-proof	UNKNOWN STEP	2026-09-18T08:31:02.5050472Z     │
release-candidate-full-proof	UNKNOWN STEP	2026-09-18T08:31:02.5051174Z     └─ mix.lock:2:3
release-candidate-full-proof	UNKNOWN STEP	2026-09-18T08:31:02.5051552Z 
release-candidate-full-proof	UNKNOWN STEP	2026-09-18T08:31:02.5053601Z     warning: found quoted keyword "cc_precompiler" but the quotes are not required. Note that keywords are always atoms, even when quoted. Similar to atoms, keywords made exclusively of ASCII letters, numbers, and underscores and not beginning with a number do not require quotes
release-candidate-full-proof	UNKNOWN STEP	2026-09-18T08:31:02.5056664Z     │
release-candidate-full-proof	UNKNOWN STEP	2026-09-18T08:31:02.5060690Z   3 │   "cc_precompiler": {:hex, :cc_precompiler, "0.1.11", "8c844d0b9fb98a3edea067f94f616b3f6b29b959b6b3bf25fee94ffe34364768", [:mix], [{:elixir_make, "~> 0.7", [hex: :elixir_make, repo: "hexpm", optional: false]}], "hexpm", "3427232caf0835f94680e5bcf082408a70b48ad68a5f5c0b02a3bea9f3a075b9"},
release-candidate-full-proof	UNKNOWN STEP	2026-09-18T08:31:02.5064132Z     │   ~
release-candidate-full-proof	UNKNOWN STEP	2026-09-18T08:31:02.5064549Z     │
release-candidate-full-proof	UNKNOWN STEP	2026-09-18T08:31:02.5064916Z     └─ mix.lock:3:3
release-candidate-full-proof	UNKNOWN STEP	2026-09-18T08:31:02.5065061Z 
release-candidate-full-proof	UNKNOWN STEP	2026-09-18T08:31:02.5066368Z     warning: found quoted keyword "dns_cluster" but the quotes are not required. Note that keywords are always atoms, even when quoted. Similar to atoms, keywords made exclusively of ASCII letters, numbers, and underscores and not beginning with a number do not require quotes
release-candidate-full-proof	UNKNOWN STEP	2026-09-18T08:31:02.5068273Z     │
release-candidate-full-proof	UNKNOWN STEP	2026-09-18T08:31:02.5069387Z   4 │   "dns_cluster": {:hex, :dns_cluster, "0.2.0", "aa8eb46e3bd0326bd67b84790c561733b25c5ba2fe3c7e36f28e88f384ebcb33", [:mix], [], "hexpm", "ba6f1893411c69c01b9e8e8f772062535a4cf70f3f35bcc964a324078d8c8240"},
release-candidate-full-proof	UNKNOWN STEP	2026-09-18T08:31:02.5070922Z     │   ~
release-candidate-full-proof	UNKNOWN STEP	2026-09-18T08:31:02.5071290Z     │
release-candidate-full-proof	UNKNOWN STEP	2026-09-18T08:31:02.5071643Z     └─ mix.lock:4:3
release-candidate-full-proof	UNKNOWN STEP	2026-09-18T08:31:02.5071780Z 
release-candidate-full-proof	UNKNOWN STEP	2026-09-18T08:31:02.5073136Z     warning: found quoted keyword "elixir_make" but the quotes are not required. Note that keywords are always atoms, even when quoted. Similar to atoms, keywords made exclusively of ASCII letters, numbers, and underscores and not beginning with a number do not require quotes
release-candidate-full-proof	UNKNOWN STEP	2026-09-18T08:31:02.5075272Z     │
release-candidate-full-proof	UNKNOWN STEP	2026-09-18T08:31:02.5076642Z   5 │   "elixir_make": {:hex, :elixir_make, "0.10.0", "16577e2583a79bb79237bbff349619ef5d80afffc07eac6e4faf0d00e2ddaf7d", [:mix], [], "hexpm", "dc1f09fb7fa68866b886abd5f0f3c83553b1a19a52359a899e92af1bb3b31982"},
release-candidate-full-proof	UNKNOWN STEP	2026-09-18T08:31:02.5078609Z     │   ~
release-candidate-full-proof	UNKNOWN STEP	2026-09-18T08:31:02.5078817Z     │
release-candidate-full-proof	UNKNOWN STEP	2026-09-18T08:31:02.5079117Z     └─ mix.lock:5:3
release-candidate-full-proof	UNKNOWN STEP	2026-09-18T08:31:02.5079364Z 
release-candidate-full-proof	UNKNOWN STEP	2026-09-18T08:31:02.5080947Z     warning: found quoted keyword "file_system" but the quotes are not required. Note that keywords are always atoms, even when quoted. Similar to atoms, keywords made exclusively of ASCII letters, numbers, and underscores and not beginning with a number do not require quotes
release-candidate-full-proof	UNKNOWN STEP	2026-09-18T08:31:02.5082361Z     │
release-candidate-full-proof	UNKNOWN STEP	2026-09-18T08:31:02.5083739Z   6 │   "file_system": {:hex, :file_system, "1.1.1", "31864f4685b0148f25bd3fbef2b1228457c0c89024ad67f7a81a3ffbc0bbad3a", [:mix], [], "hexpm", "7a15ff97dfe526aeefb090a7a9d3d03aa907e100e262a0f8f7746b78f8f87a5d"},
release-candidate-full-proof	UNKNOWN STEP	2026-09-18T08:31:02.5085288Z     │   ~
release-candidate-full-proof	UNKNOWN STEP	2026-09-18T08:31:02.5085626Z     │
release-candidate-full-proof	UNKNOWN STEP	2026-09-18T08:31:02.5085989Z     └─ mix.lock:6:3
release-candidate-full-proof	UNKNOWN STEP	2026-09-18T08:31:02.5086217Z 
release-candidate-full-proof	UNKNOWN STEP	2026-09-18T08:31:02.5087914Z     warning: found quoted keyword "fine" but the quotes are not required. Note that keywords are always atoms, even when quoted. Similar to atoms, keywords made exclusively of ASCII letters, numbers, and underscores and not beginning with a number do not require quotes
release-candidate-full-proof	UNKNOWN STEP	2026-09-18T08:31:02.5089825Z     │
release-candidate-full-proof	UNKNOWN STEP	2026-09-18T08:31:02.5091382Z   7 │   "fine": {:hex, :fine, "0.1.6", "4bf7151493443c454aac9f2fa2f34f5fefd0346a83fb5586a016c4a135c63247", [:mix], [], "hexpm", "5638eb4495488e885ebec167fa57973e5c35e1a50c344eb7666c90ec1c4e3b12"},
release-candidate-full-proof	UNKNOWN STEP	2026-09-18T08:31:02.5092741Z     │   ~
release-candidate-full-proof	UNKNOWN STEP	2026-09-18T08:31:02.5093103Z     │
release-candidate-full-proof	UNKNOWN STEP	2026-09-18T08:31:02.5093682Z     └─ mix.lock:7:3
release-candidate-full-proof	UNKNOWN STEP	2026-09-18T08:31:02.5093926Z 
release-candidate-full-proof	UNKNOWN STEP	2026-09-18T08:31:02.5095470Z     warning: found quoted keyword "hpax" but the quotes are not required. Note that keywords are always atoms, even when quoted. Similar to atoms, keywords made exclusively of ASCII letters, numbers, and underscores and not beginning with a number do not require quotes
release-candidate-full-proof	UNKNOWN STEP	2026-09-18T08:31:02.5097211Z     │
release-candidate-full-proof	UNKNOWN STEP	2026-09-18T08:31:02.5098764Z   8 │   "hpax": {:hex, :hpax, "1.0.4", "777de5d433b0fbdc7c418159c8055910faa8047ffdb3d6b31098d2a46cd7685c", [:mix], [], "hexpm", "afc7cb142ebcc2d01ce7816190b98ce5dd49e799111b24249f3443d730f377ca"},
release-candidate-full-proof	UNKNOWN STEP	2026-09-18T08:31:02.5099924Z     │   ~
release-candidate-full-proof	UNKNOWN STEP	2026-09-18T08:31:02.5100276Z     │
release-candidate-full-proof	UNKNOWN STEP	2026-09-18T08:31:02.5100654Z     └─ mix.lock:8:3
release-candidate-full-proof	UNKNOWN STEP	2026-09-18T08:31:02.5100873Z 
release-candidate-full-proof	UNKNOWN STEP	2026-09-18T08:31:02.5102290Z     warning: found quoted keyword "jason" but the quotes are not required. Note that keywords are always atoms, even when quoted. Similar to atoms, keywords made exclusively of ASCII letters, numbers, and underscores and not beginning with a number do not require quotes
release-candidate-full-proof	UNKNOWN STEP	2026-09-18T08:31:02.5104391Z     │
release-candidate-full-proof	UNKNOWN STEP	2026-09-18T08:31:02.5106054Z   9 │   "jason": {:hex, :jason, "1.4.5", "2e3a008590b0b8d7388c20293e9dcc9cf3e5d642fd2a114e4cbbb52e595d940a", [:mix], [{:decimal, "~> 1.0 or ~> 2.0 or ~> 3.0", [hex: :decimal, repo: "hexpm", optional: true]}], "hexpm", "b0c823996102bcd0239b3c2444eb00409b72f6a140c1950bc8b457d836b30684"},
release-candidate-full-proof	UNKNOWN STEP	2026-09-18T08:31:02.5107918Z     │   ~
release-candidate-full-proof	UNKNOWN STEP	2026-09-18T08:31:02.5108281Z     │
release-candidate-full-proof	UNKNOWN STEP	2026-09-18T08:31:02.5108543Z     └─ mix.lock:9:3
release-candidate-full-proof	UNKNOWN STEP	2026-09-18T08:31:02.5108744Z 
release-candidate-full-proof	UNKNOWN STEP	2026-09-18T08:31:02.5110392Z     warning: found quoted keyword "lazy_html" but the quotes are not required. Note that keywords are always atoms, even when quoted. Similar to atoms, keywords made exclusively of ASCII letters, numbers, and underscores and not beginning with a number do not require quotes
release-candidate-full-proof	UNKNOWN STEP	2026-09-18T08:31:02.5112142Z     │
release-candidate-full-proof	UNKNOWN STEP	2026-09-18T08:31:02.5115354Z  10 │   "lazy_html": {:hex, :lazy_html, "0.1.12", "31a55ee622918fce988c94b06232227b42daa64e4eab14ac32081d0f3fd8db6f", [:make, :mix], [{:cc_precompiler, "~> 0.1", [hex: :cc_precompiler, repo: "hexpm", optional: false]}, {:elixir_make, "~> 0.9", [hex: :elixir_make, repo: "hexpm", optional: false]}, {:fine, "~> 0.1.0", [hex: :fine, repo: "hexpm", optional: false]}], "hexpm", "8a0da594776caee58782c6f93b2abaa5bdb809daf8d43351a561f7de9dc2e2a8"},
release-candidate-full-proof	UNKNOWN STEP	2026-09-18T08:31:02.5117867Z     │   ~
release-candidate-full-proof	UNKNOWN STEP	2026-09-18T08:31:02.5118088Z     │
release-candidate-full-proof	UNKNOWN STEP	2026-09-18T08:31:02.5118311Z     └─ mix.lock:10:3
release-candidate-full-proof	UNKNOWN STEP	2026-09-18T08:31:02.5118579Z 
release-candidate-full-proof	UNKNOWN STEP	2026-09-18T08:31:02.5120319Z     warning: found quoted keyword "mime" but the quotes are not required. Note that keywords are always atoms, even when quoted. Similar to atoms, keywords made exclusively of ASCII letters, numbers, and underscores and not beginning with a number do not require quotes
release-candidate-full-proof	UNKNOWN STEP	2026-09-18T08:31:02.5122072Z     │
release-candidate-full-proof	UNKNOWN STEP	2026-09-18T08:31:02.5123101Z  11 │   "mime": {:hex, :mime, "2.0.7", "b8d739037be7cd402aee1ba0306edfdef982687ee7e9859bee6198c1e7e2f128", [:mix], [], "hexpm", "6171188e399ee16023ffc5b76ce445eb6d9672e2e241d2df6050f3c771e80ccd"},
release-candidate-full-proof	UNKNOWN STEP	2026-09-18T08:31:02.5124199Z     │   ~
release-candidate-full-proof	UNKNOWN STEP	2026-09-18T08:31:02.5124399Z     │
release-candidate-full-proof	UNKNOWN STEP	2026-09-18T08:31:02.5124612Z     └─ mix.lock:11:3
release-candidate-full-proof	UNKNOWN STEP	2026-09-18T08:31:02.5124754Z 
release-candidate-full-proof	UNKNOWN STEP	2026-09-18T08:31:02.5125654Z     warning: found quoted keyword "nimble_options" but the quotes are not required. Note that keywords are always atoms, even when quoted. Similar to atoms, keywords made exclusively of ASCII letters, numbers, and underscores and not beginning with a number do not require quotes
release-candidate-full-proof	UNKNOWN STEP	2026-09-18T08:31:02.5126870Z     │
release-candidate-full-proof	UNKNOWN STEP	2026-09-18T08:31:02.5127799Z  12 │   "nimble_options": {:hex, :nimble_options, "1.1.1", "e3a492d54d85fc3fd7c5baf411d9d2852922f66e69476317787a7b2bb000a61b", [:mix], [], "hexpm", "821b2470ca9442c4b6984882fe9bb0389371b8ddec4d45a9504f00a66f650b44"},
release-candidate-full-proof	UNKNOWN STEP	2026-09-18T08:31:02.5128632Z     │   ~
release-candidate-full-proof	UNKNOWN STEP	2026-09-18T08:31:02.5128820Z     │
release-candidate-full-proof	UNKNOWN STEP	2026-09-18T08:31:02.5129034Z     └─ mix.lock:12:3
release-candidate-full-proof	UNKNOWN STEP	2026-09-18T08:31:02.5129170Z 
release-candidate-full-proof	UNKNOWN STEP	2026-09-18T08:31:02.5130440Z     warning: found quoted keyword "phoenix" but the quotes are not required. Note that keywords are always atoms, even when quoted. Similar to atoms, keywords made exclusively of ASCII letters, numbers, and underscores and not beginning with a number do not require quotes
release-candidate-full-proof	UNKNOWN STEP	2026-09-18T08:31:02.5132242Z     │
release-candidate-full-proof	UNKNOWN STEP	2026-09-18T08:31:02.5137199Z  13 │   "phoenix": {:hex, :phoenix, "1.8.14", "9279cbbcd755ac8d5f42d206915e7df13b9ab49096b98114f1c99ff908e5b42e", [:mix], [{:bandit, "~> 1.0", [hex: :bandit, repo: "hexpm", optional: true]}, {:jason, "~> 1.0", [hex: :jason, repo: "hexpm", optional: true]}, {:phoenix_pubsub, "~> 2.1", [hex: :phoenix_pubsub, repo: "hexpm", optional: false]}, {:phoenix_template, "~> 1.0", [hex: :phoenix_template, repo: "hexpm", optional: false]}, {:phoenix_view, "~> 2.0", [hex: :phoenix_view, repo: "hexpm", optional: true]}, {:plug, "~> 1.14", [hex: :plug, repo: "hexpm", optional: false]}, {:plug_cowboy, "~> 2.7", [hex: :plug_cowboy, repo: "hexpm", optional: true]}, {:plug_crypto, "~> 2.2", [hex: :plug_crypto, repo: "hexpm", optional: false]}, {:telemetry, "~> 0.4 or ~> 1.0", [hex: :telemetry, repo: "hexpm", optional: false]}, {:websock_adapter, "~> 0.5", [hex: :websock_adapter, repo: "hexpm", optional: false]}], "hexpm", "2782ff375824b2b5e41561fbae4764ee7b875af6898483bca49f24a9d1e37816"},
release-candidate-full-proof	UNKNOWN STEP	2026-09-18T08:31:02.5141869Z     │   ~
release-candidate-full-proof	UNKNOWN STEP	2026-09-18T08:31:02.5142174Z     │
release-candidate-full-proof	UNKNOWN STEP	2026-09-18T08:31:02.5142517Z     └─ mix.lock:13:3
release-candidate-full-proof	UNKNOWN STEP	2026-09-18T08:31:02.5142747Z 
release-candidate-full-proof	UNKNOWN STEP	2026-09-18T08:31:02.5143948Z     warning: found quoted keyword "phoenix_html" but the quotes are not required. Note that keywords are always atoms, even when quoted. Similar to atoms, keywords made exclusively of ASCII letters, numbers, and underscores and not beginning with a number do not require quotes
release-candidate-full-proof	UNKNOWN STEP	2026-09-18T08:31:02.5145038Z     │
release-candidate-full-proof	UNKNOWN STEP	2026-09-18T08:31:02.5145947Z  14 │   "phoenix_html": {:hex, :phoenix_html, "4.3.0", "d3577a5df4b6954cd7890c84d955c470b5310bb49647f0a114a6eeecc850f7ad", [:mix], [], "hexpm", "3eaa290a78bab0f075f791a46a981bbe769d94bc776869f4f3063a14f30497ad"},
release-candidate-full-proof	UNKNOWN STEP	2026-09-18T08:31:02.5146776Z     │   ~
release-candidate-full-proof	UNKNOWN STEP	2026-09-18T08:31:02.5146962Z     │
release-candidate-full-proof	UNKNOWN STEP	2026-09-18T08:31:02.5147239Z     └─ mix.lock:14:3
release-candidate-full-proof	UNKNOWN STEP	2026-09-18T08:31:02.5147477Z 
release-candidate-full-proof	UNKNOWN STEP	2026-09-18T08:31:02.5149024Z     warning: found quoted keyword "phoenix_live_reload" but the quotes are not required. Note that keywords are always atoms, even when quoted. Similar to atoms, keywords made exclusively of ASCII letters, numbers, and underscores and not beginning with a number do not require quotes
release-candidate-full-proof	UNKNOWN STEP	2026-09-18T08:31:02.5150845Z     │
release-candidate-full-proof	UNKNOWN STEP	2026-09-18T08:31:02.5153497Z  15 │   "phoenix_live_reload": {:hex, :phoenix_live_reload, "1.7.0", "fb1e429f6d8778ce3a6962debdc5e555428a05a6e7b058d6dbad13d281a2c31f", [:mix], [{:file_system, "~> 0.2.10 or ~> 1.0", [hex: :file_system, repo: "hexpm", optional: false]}, {:phoenix, "~> 1.4", [hex: :phoenix, repo: "hexpm", optional: false]}], "hexpm", "dc9f44271aa6fc4ab7797f2aa374ba096ef2c87520586280eb095626b7387a68"},
release-candidate-full-proof	UNKNOWN STEP	2026-09-18T08:31:02.5156058Z     │   ~
release-candidate-full-proof	UNKNOWN STEP	2026-09-18T08:31:02.5156363Z     │
release-candidate-full-proof	UNKNOWN STEP	2026-09-18T08:31:02.5156710Z     └─ mix.lock:15:3
release-candidate-full-proof	UNKNOWN STEP	2026-09-18T08:31:02.5156931Z 
release-candidate-full-proof	UNKNOWN STEP	2026-09-18T08:31:02.5157945Z     warning: found quoted keyword "phoenix_live_view" but the quotes are not required. Note that keywords are always atoms, even when quoted. Similar to atoms, keywords made exclusively of ASCII letters, numbers, and underscores and not beginning with a number do not require quotes
release-candidate-full-proof	UNKNOWN STEP	2026-09-18T08:31:02.5159027Z     │
release-candidate-full-proof	UNKNOWN STEP	2026-09-18T08:31:02.5163910Z  16 │   "phoenix_live_view": {:hex, :phoenix_live_view, "1.2.12", "35848150bbab579e9d0aff79525269d7c0801a4f61232b84f635c11222cee88f", [:mix], [{:igniter, ">= 0.6.16 and < 1.0.0-0", [hex: :igniter, repo: "hexpm", optional: true]}, {:jason, "~> 1.0", [hex: :jason, repo: "hexpm", optional: true]}, {:lazy_html, "~> 0.1.0", [hex: :lazy_html, repo: "hexpm", optional: true]}, {:phoenix, "~> 1.6.15 or ~> 1.7.0 or ~> 1.8.0", [hex: :phoenix, repo: "hexpm", optional: false]}, {:phoenix_html, "~> 3.3 or ~> 4.0", [hex: :phoenix_html, repo: "hexpm", optional: false]}, {:phoenix_template, "~> 1.0", [hex: :phoenix_template, repo: "hexpm", optional: false]}, {:phoenix_view, "~> 2.0", [hex: :phoenix_view, repo: "hexpm", optional: true]}, {:plug, "~> 1.15", [hex: :plug, repo: "hexpm", optional: false]}, {:telemetry, "~> 0.4.2 or ~> 1.0", [hex: :telemetry, repo: "hexpm", optional: false]}], "hexpm", "656810d716e3369545dd63981196a5d68b77fdb253afe02ef0c6fa14cfd8dc2b"},
release-candidate-full-proof	UNKNOWN STEP	2026-09-18T08:31:02.5168620Z     │   ~
release-candidate-full-proof	UNKNOWN STEP	2026-09-18T08:31:02.5168940Z     │
release-candidate-full-proof	UNKNOWN STEP	2026-09-18T08:31:02.5169307Z     └─ mix.lock:16:3
release-candidate-full-proof	UNKNOWN STEP	2026-09-18T08:31:02.5169520Z 
release-candidate-full-proof	UNKNOWN STEP	2026-09-18T08:31:02.5171047Z     warning: found quoted keyword "phoenix_pubsub" but the quotes are not required. Note that keywords are always atoms, even when quoted. Similar to atoms, keywords made exclusively of ASCII letters, numbers, and underscores and not beginning with a number do not require quotes
release-candidate-full-proof	UNKNOWN STEP	2026-09-18T08:31:02.5172842Z     │
release-candidate-full-proof	UNKNOWN STEP	2026-09-18T08:31:02.5174652Z  17 │   "phoenix_pubsub": {:hex, :phoenix_pubsub, "2.3.0", "03916bfbc31a5121945b3cfffe5aec647a5c97fe1dc172a319b94428562359c9", [:mix], [], "hexpm", "eec7be6e9cf02e2551d389b558402d6c637cd3973796326e7ba4bb03c6b2e91d"},
release-candidate-full-proof	UNKNOWN STEP	2026-09-18T08:31:02.5175901Z     │   ~
release-candidate-full-proof	UNKNOWN STEP	2026-09-18T08:31:02.5176232Z     │
release-candidate-full-proof	UNKNOWN STEP	2026-09-18T08:31:02.5176558Z     └─ mix.lock:17:3
release-candidate-full-proof	UNKNOWN STEP	2026-09-18T08:31:02.5176699Z 
release-candidate-full-proof	UNKNOWN STEP	2026-09-18T08:31:02.5178943Z     warning: found quoted keyword "phoenix_template" but the quotes are not required. Note that keywords are always atoms, even when quoted. Similar to atoms, keywords made exclusively of ASCII letters, numbers, and underscores and not beginning with a number do not require quotes
release-candidate-full-proof	UNKNOWN STEP	2026-09-18T08:31:02.5180126Z     │
release-candidate-full-proof	UNKNOWN STEP	2026-09-18T08:31:02.5181442Z  18 │   "phoenix_template": {:hex, :phoenix_template, "1.0.4", "e2092c132f3b5e5b2d49c96695342eb36d0ed514c5b252a77048d5969330d639", [:mix], [{:phoenix_html, "~> 2.14.2 or ~> 3.0 or ~> 4.0", [hex: :phoenix_html, repo: "hexpm", optional: true]}], "hexpm", "2c0c81f0e5c6753faf5cca2f229c9709919aba34fab866d3bc05060c9c444206"},
release-candidate-full-proof	UNKNOWN STEP	2026-09-18T08:31:02.5182610Z     │   ~
release-candidate-full-proof	UNKNOWN STEP	2026-09-18T08:31:02.5182801Z     │
release-candidate-full-proof	UNKNOWN STEP	2026-09-18T08:31:02.5183029Z     └─ mix.lock:18:3
release-candidate-full-proof	UNKNOWN STEP	2026-09-18T08:31:02.5183165Z 
release-candidate-full-proof	UNKNOWN STEP	2026-09-18T08:31:02.5184405Z     warning: found quoted keyword "plug" but the quotes are not required. Note that keywords are always atoms, even when quoted. Similar to atoms, keywords made exclusively of ASCII letters, numbers, and underscores and not beginning with a number do not require quotes
release-candidate-full-proof	UNKNOWN STEP	2026-09-18T08:31:02.5185464Z     │
release-candidate-full-proof	UNKNOWN STEP	2026-09-18T08:31:02.5187195Z  19 │   "plug": {:hex, :plug, "1.20.3", "56c480c633ec2ce10140e236e15233bf576e1d323887d7c96711bd02ab5160db", [:mix], [{:mime, "~> 1.0 or ~> 2.0", [hex: :mime, repo: "hexpm", optional: false]}, {:plug_crypto, "~> 1.1.1 or ~> 1.2 or ~> 2.0", [hex: :plug_crypto, repo: "hexpm", optional: false]}, {:telemetry, "~> 0.4.3 or ~> 1.0", [hex: :telemetry, repo: "hexpm", optional: false]}], "hexpm", "be266aee1b8536ef6409d58cf39a3121319f0ec47cfa1b24024485aa0e76ad76"},
release-candidate-full-proof	UNKNOWN STEP	2026-09-18T08:31:02.5188903Z     │   ~
release-candidate-full-proof	UNKNOWN STEP	2026-09-18T08:31:02.5189090Z     │
release-candidate-full-proof	UNKNOWN STEP	2026-09-18T08:31:02.5189309Z     └─ mix.lock:19:3
release-candidate-full-proof	UNKNOWN STEP	2026-09-18T08:31:02.5189440Z 
release-candidate-full-proof	UNKNOWN STEP	2026-09-18T08:31:02.5190325Z     warning: found quoted keyword "plug_crypto" but the quotes are not required. Note that keywords are always atoms, even when quoted. Similar to atoms, keywords made exclusively of ASCII letters, numbers, and underscores and not beginning with a number do not require quotes
release-candidate-full-proof	UNKNOWN STEP	2026-09-18T08:31:02.5191435Z     │
release-candidate-full-proof	UNKNOWN STEP	2026-09-18T08:31:02.5192438Z  20 │   "plug_crypto": {:hex, :plug_crypto, "2.2.0", "144014737daaf485407f5ed77daeaad74d651b216a28c87543f8cc7043f8efc8", [:mix], [], "hexpm", "83a95744ab1c75876542b6fab135fcc176280e0f301a111c1f757fddcec95d2c"},
release-candidate-full-proof	UNKNOWN STEP	2026-09-18T08:31:02.5193267Z     │   ~
release-candidate-full-proof	UNKNOWN STEP	2026-09-18T08:31:02.5193717Z     │
release-candidate-full-proof	UNKNOWN STEP	2026-09-18T08:31:02.5193954Z     └─ mix.lock:20:3
release-candidate-full-proof	UNKNOWN STEP	2026-09-18T08:31:02.5194086Z 
release-candidate-full-proof	UNKNOWN STEP	2026-09-18T08:31:02.5194957Z     warning: found quoted keyword "telemetry" but the quotes are not required. Note that keywords are always atoms, even when quoted. Similar to atoms, keywords made exclusively of ASCII letters, numbers, and underscores and not beginning with a number do not require quotes
release-candidate-full-proof	UNKNOWN STEP	2026-09-18T08:31:02.5195991Z     │
release-candidate-full-proof	UNKNOWN STEP	2026-09-18T08:31:02.5196872Z  21 │   "telemetry": {:hex, :telemetry, "1.4.2", "a0cb522801dffb1c49fe6e30561badffc7b6d0e180db1300df759faa22062855", [:rebar3], [], "hexpm", "928f6495066506077862c0d1646609eed891a4326bee3126ba54b60af61febb1"},
release-candidate-full-proof	UNKNOWN STEP	2026-09-18T08:31:02.5197687Z     │   ~
release-candidate-full-proof	UNKNOWN STEP	2026-09-18T08:31:02.5197875Z     │
release-candidate-full-proof	UNKNOWN STEP	2026-09-18T08:31:02.5198091Z     └─ mix.lock:21:3
release-candidate-full-proof	UNKNOWN STEP	2026-09-18T08:31:02.5198222Z 
release-candidate-full-proof	UNKNOWN STEP	2026-09-18T08:31:02.5199134Z     warning: found quoted keyword "telemetry_metrics" but the quotes are not required. Note that keywords are always atoms, even when quoted. Similar to atoms, keywords made exclusively of ASCII letters, numbers, and underscores and not beginning with a number do not require quotes
release-candidate-full-proof	UNKNOWN STEP	2026-09-18T08:31:02.5200240Z     │
release-candidate-full-proof	UNKNOWN STEP	2026-09-18T08:31:02.5201485Z  22 │   "telemetry_metrics": {:hex, :telemetry_metrics, "1.2.0", "7632c19c01d88d8aaca5da1a0e8912f5af39b79e7c08a2c253aeb3c14c2c957e", [:mix], [{:telemetry, "~> 0.4 or ~> 1.0", [hex: :telemetry, repo: "hexpm", optional: false]}], "hexpm", "71dde12fc29b58b9c77ec17ec319109e5ca848d010fc1965ed4463bba1837c07"},
release-candidate-full-proof	UNKNOWN STEP	2026-09-18T08:31:02.5202605Z     │   ~
release-candidate-full-proof	UNKNOWN STEP	2026-09-18T08:31:02.5202808Z     │
release-candidate-full-proof	UNKNOWN STEP	2026-09-18T08:31:02.5203021Z     └─ mix.lock:22:3
release-candidate-full-proof	UNKNOWN STEP	2026-09-18T08:31:02.5203152Z 
release-candidate-full-proof	UNKNOWN STEP	2026-09-18T08:31:02.5204292Z     warning: found quoted keyword "telemetry_poller" but the quotes are not required. Note that keywords are always atoms, even when quoted. Similar to atoms, keywords made exclusively of ASCII letters, numbers, and underscores and not beginning with a number do not require quotes
release-candidate-full-proof	UNKNOWN STEP	2026-09-18T08:31:02.5205388Z     │
release-candidate-full-proof	UNKNOWN STEP	2026-09-18T08:31:02.5206584Z  23 │   "telemetry_poller": {:hex, :telemetry_poller, "1.3.0", "d5c46420126b5ac2d72bc6580fb4f537d35e851cc0f8dbd571acf6d6e10f5ec7", [:rebar3], [{:telemetry, "~> 1.0", [hex: :telemetry, repo: "hexpm", optional: false]}], "hexpm", "51f18bed7128544a50f75897db9974436ea9bfba560420b646af27a9a9b35211"},
release-candidate-full-proof	UNKNOWN STEP	2026-09-18T08:31:02.5207669Z     │   ~
release-candidate-full-proof	UNKNOWN STEP	2026-09-18T08:31:02.5207848Z     │
release-candidate-full-proof	UNKNOWN STEP	2026-09-18T08:31:02.5208054Z     └─ mix.lock:23:3
release-candidate-full-proof	UNKNOWN STEP	2026-09-18T08:31:02.5208186Z 
release-candidate-full-proof	UNKNOWN STEP	2026-09-18T08:31:02.5209110Z     warning: found quoted keyword "thousand_island" but the quotes are not required. Note that keywords are always atoms, even when quoted. Similar to atoms, keywords made exclusively of ASCII letters, numbers, and underscores and not beginning with a number do not require quotes
release-candidate-full-proof	UNKNOWN STEP	2026-09-18T08:31:02.5210175Z     │
release-candidate-full-proof	UNKNOWN STEP	2026-09-18T08:31:02.5211371Z  24 │   "thousand_island": {:hex, :thousand_island, "1.5.0", "f50a213cac97262b6d5ebb85745aa2c00fec1413191e6e66834788d45425cecb", [:mix], [{:telemetry, "~> 0.4 or ~> 1.0", [hex: :telemetry, repo: "hexpm", optional: false]}], "hexpm", "708923d40523e43cf99041ab37a0d4b0ec426ac6438fa3716ab23d919eaeb412"},
release-candidate-full-proof	UNKNOWN STEP	2026-09-18T08:31:02.5213671Z     │   ~
release-candidate-full-proof	UNKNOWN STEP	2026-09-18T08:31:02.5213875Z     │
release-candidate-full-proof	UNKNOWN STEP	2026-09-18T08:31:02.5214112Z     └─ mix.lock:24:3
release-candidate-full-proof	UNKNOWN STEP	2026-09-18T08:31:02.5214255Z 
release-candidate-full-proof	UNKNOWN STEP	2026-09-18T08:31:02.5215137Z     warning: found quoted keyword "websock" but the quotes are not required. Note that keywords are always atoms, even when quoted. Similar to atoms, keywords made exclusively of ASCII letters, numbers, and underscores and not beginning with a number do not require quotes
release-candidate-full-proof	UNKNOWN STEP	2026-09-18T08:31:02.5216167Z     │
release-candidate-full-proof	UNKNOWN STEP	2026-09-18T08:31:02.5217025Z  25 │   "websock": {:hex, :websock, "0.5.3", "2f69a6ebe810328555b6fe5c831a851f485e303a7c8ce6c5f675abeb20ebdadc", [:mix], [], "hexpm", "6105453d7fac22c712ad66fab1d45abdf049868f253cf719b625151460b8b453"},
release-candidate-full-proof	UNKNOWN STEP	2026-09-18T08:31:02.5217832Z     │   ~
release-candidate-full-proof	UNKNOWN STEP	2026-09-18T08:31:02.5218040Z     │
release-candidate-full-proof	UNKNOWN STEP	2026-09-18T08:31:02.5218501Z     └─ mix.lock:25:3
release-candidate-full-proof	UNKNOWN STEP	2026-09-18T08:31:02.5218660Z 
release-candidate-full-proof	UNKNOWN STEP	2026-09-18T08:31:02.5219569Z     warning: found quoted keyword "websock_adapter" but the quotes are not required. Note that keywords are always atoms, even when quoted. Similar to atoms, keywords made exclusively of ASCII letters, numbers, and underscores and not beginning with a number do not require quotes
release-candidate-full-proof	UNKNOWN STEP	2026-09-18T08:31:02.5220627Z     │
release-candidate-full-proof	UNKNOWN STEP	2026-09-18T08:31:02.5222489Z  26 │   "websock_adapter": {:hex, :websock_adapter, "0.6.0", "73db5ab8aaefd1a876a97ce3e6afc96562625de69ef17a4e04426e034849d0b8", [:mix], [{:bandit, ">= 0.6.0", [hex: :bandit, repo: "hexpm", optional: true]}, {:plug, "~> 1.14", [hex: :plug, repo: "hexpm", optional: false]}, {:plug_cowboy, "~> 2.6", [hex: :plug_cowboy, repo: "hexpm", optional: true]}, {:websock, "~> 0.5", [hex: :websock, repo: "hexpm", optional: false]}], "hexpm", "50021a85bce8f203b086705d9e0c5415e2c7eb05d319111b0428fe71f9934617"},
release-candidate-full-proof	UNKNOWN STEP	2026-09-18T08:31:02.5224353Z     │   ~
release-candidate-full-proof	UNKNOWN STEP	2026-09-18T08:31:02.5224552Z     │
release-candidate-full-proof	UNKNOWN STEP	2026-09-18T08:31:02.5224778Z     └─ mix.lock:26:3
release-candidate-full-proof	UNKNOWN STEP	2026-09-18T08:31:02.5224923Z 
release-candidate-full-proof	UNKNOWN STEP	2026-09-18T08:31:02.5327617Z [crosswake] source_mode=candidate-local profile=chimeway install=2 step=generate
release-candidate-full-proof	UNKNOWN STEP	2026-09-18T08:31:03.0171315Z hint: Using 'master' as the name for the initial branch. This default branch name
release-candidate-full-proof	UNKNOWN STEP	2026-09-18T08:31:03.0171974Z hint: will change to "main" in Git 3.0. To configure the initial branch name
release-candidate-full-proof	UNKNOWN STEP	2026-09-18T08:31:03.0172537Z hint: to use in all of your new repositories, which will suppress this warning,
release-candidate-full-proof	UNKNOWN STEP	2026-09-18T08:31:03.0173214Z hint: call:
release-candidate-full-proof	UNKNOWN STEP	2026-09-18T08:31:03.0173740Z hint:
release-candidate-full-proof	UNKNOWN STEP	2026-09-18T08:31:03.0174185Z hint: 	git config --global init.defaultBranch <name>
release-candidate-full-proof	UNKNOWN STEP	2026-09-18T08:31:03.0174685Z hint:
release-candidate-full-proof	UNKNOWN STEP	2026-09-18T08:31:03.0175248Z hint: Names commonly chosen instead of 'master' are 'main', 'trunk' and
release-candidate-full-proof	UNKNOWN STEP	2026-09-18T08:31:03.0176234Z hint: 'development'. The just-created branch can be renamed via this command:
release-candidate-full-proof	UNKNOWN STEP	2026-09-18T08:31:03.0176942Z hint:
release-candidate-full-proof	UNKNOWN STEP	2026-09-18T08:31:03.0177322Z hint: 	git branch -m <name>
release-candidate-full-proof	UNKNOWN STEP	2026-09-18T08:31:03.0177711Z hint:
release-candidate-full-proof	UNKNOWN STEP	2026-09-18T08:31:03.0178331Z hint: Disable this message with "git config set advice.defaultBranchName false"
release-candidate-full-proof	UNKNOWN STEP	2026-09-18T08:31:31.9110917Z     warning: found quoted keyword "bandit" but the quotes are not required. Note that keywords are always atoms, even when quoted. Similar to atoms, keywords made exclusively of ASCII letters, numbers, and underscores and not beginning with a number do not require quotes
release-candidate-full-proof	UNKNOWN STEP	2026-09-18T08:31:31.9113245Z     │
release-candidate-full-proof	UNKNOWN STEP	2026-09-18T08:31:31.9136402Z   2 │   "bandit": {:hex, :bandit, "1.12.5", "af205a8e550f304caae09a97d29fd3c79a7f337526ea7cd772d2ff11d2f7c800", [:mix], [{:hpax, "~> 1.0", [hex: :hpax, repo: "hexpm", optional: false]}, {:plug, "~> 1.18", [hex: :plug, repo: "hexpm", optional: false]}, {:telemetry, "~> 0.4 or ~> 1.0", [hex: :telemetry, repo: "hexpm", optional: false]}, {:thousand_island, "~> 1.5", [hex: :thousand_island, repo: "hexpm", optional: false]}, {:websock, "~> 0.5", [hex: :websock, repo: "hexpm", optional: false]}], "hexpm", "c5684ca062fa407cac115aec3256383f3e2ec9fdced7904d59cf5a7bb7ed6181"},
release-candidate-full-proof	UNKNOWN STEP	2026-09-18T08:31:31.9140477Z     │   ~
release-candidate-full-proof	UNKNOWN STEP	2026-09-18T08:31:31.9140875Z     │
release-candidate-full-proof	UNKNOWN STEP	2026-09-18T08:31:31.9141305Z     └─ mix.lock:2:3
release-candidate-full-proof	UNKNOWN STEP	2026-09-18T08:31:31.9141535Z 
release-candidate-full-proof	UNKNOWN STEP	2026-09-18T08:31:31.9143254Z     warning: found quoted keyword "cc_precompiler" but the quotes are not required. Note that keywords are always atoms, even when quoted. Similar to atoms, keywords made exclusively of ASCII letters, numbers, and underscores and not beginning with a number do not require quotes
release-candidate-full-proof	UNKNOWN STEP	2026-09-18T08:31:31.9145571Z     │
release-candidate-full-proof	UNKNOWN STEP	2026-09-18T08:31:31.9147850Z   3 │   "cc_precompiler": {:hex, :cc_precompiler, "0.1.11", "8c844d0b9fb98a3edea067f94f616b3f6b29b959b6b3bf25fee94ffe34364768", [:mix], [{:elixir_make, "~> 0.7", [hex: :elixir_make, repo: "hexpm", optional: false]}], "hexpm", "3427232caf0835f94680e5bcf082408a70b48ad68a5f5c0b02a3bea9f3a075b9"},
release-candidate-full-proof	UNKNOWN STEP	2026-09-18T08:31:31.9149945Z     │   ~
release-candidate-full-proof	UNKNOWN STEP	2026-09-18T08:31:31.9150315Z     │
release-candidate-full-proof	UNKNOWN STEP	2026-09-18T08:31:31.9150727Z     └─ mix.lock:3:3
release-candidate-full-proof	UNKNOWN STEP	2026-09-18T08:31:31.9150981Z 
release-candidate-full-proof	UNKNOWN STEP	2026-09-18T08:31:31.9152991Z     warning: found quoted keyword "dns_cluster" but the quotes are not required. Note that keywords are always atoms, even when quoted. Similar to atoms, keywords made exclusively of ASCII letters, numbers, and underscores and not beginning with a number do not require quotes
release-candidate-full-proof	UNKNOWN STEP	2026-09-18T08:31:31.9155605Z     │
release-candidate-full-proof	UNKNOWN STEP	2026-09-18T08:31:31.9157373Z   4 │   "dns_cluster": {:hex, :dns_cluster, "0.2.0", "aa8eb46e3bd0326bd67b84790c561733b25c5ba2fe3c7e36f28e88f384ebcb33", [:mix], [], "hexpm", "ba6f1893411c69c01b9e8e8f772062535a4cf70f3f35bcc964a324078d8c8240"},
release-candidate-full-proof	UNKNOWN STEP	2026-09-18T08:31:31.9159057Z     │   ~
release-candidate-full-proof	UNKNOWN STEP	2026-09-18T08:31:31.9159456Z     │
release-candidate-full-proof	UNKNOWN STEP	2026-09-18T08:31:31.9159896Z     └─ mix.lock:4:3
release-candidate-full-proof	UNKNOWN STEP	2026-09-18T08:31:31.9160141Z 
release-candidate-full-proof	UNKNOWN STEP	2026-09-18T08:31:31.9161842Z     warning: found quoted keyword "elixir_make" but the quotes are not required. Note that keywords are always atoms, even when quoted. Similar to atoms, keywords made exclusively of ASCII letters, numbers, and underscores and not beginning with a number do not require quotes
release-candidate-full-proof	UNKNOWN STEP	2026-09-18T08:31:31.9164204Z     │
release-candidate-full-proof	UNKNOWN STEP	2026-09-18T08:31:31.9166010Z   5 │   "elixir_make": {:hex, :elixir_make, "0.10.0", "16577e2583a79bb79237bbff349619ef5d80afffc07eac6e4faf0d00e2ddaf7d", [:mix], [], "hexpm", "dc1f09fb7fa68866b886abd5f0f3c83553b1a19a52359a899e92af1bb3b31982"},
release-candidate-full-proof	UNKNOWN STEP	2026-09-18T08:31:31.9167689Z     │   ~
release-candidate-full-proof	UNKNOWN STEP	2026-09-18T08:31:31.9168066Z     │
release-candidate-full-proof	UNKNOWN STEP	2026-09-18T08:31:31.9168514Z     └─ mix.lock:5:3
release-candidate-full-proof	UNKNOWN STEP	2026-09-18T08:31:31.9168768Z 
release-candidate-full-proof	UNKNOWN STEP	2026-09-18T08:31:31.9170468Z     warning: found quoted keyword "file_system" but the quotes are not required. Note that keywords are always atoms, even when quoted. Similar to atoms, keywords made exclusively of ASCII letters, numbers, and underscores and not beginning with a number do not require quotes
release-candidate-full-proof	UNKNOWN STEP	2026-09-18T08:31:31.9172533Z     │
release-candidate-full-proof	UNKNOWN STEP	2026-09-18T08:31:31.9175011Z   6 │   "file_system": {:hex, :file_system, "1.1.1", "31864f4685b0148f25bd3fbef2b1228457c0c89024ad67f7a81a3ffbc0bbad3a", [:mix], [], "hexpm", "7a15ff97dfe526aeefb090a7a9d3d03aa907e100e262a0f8f7746b78f8f87a5d"},
release-candidate-full-proof	UNKNOWN STEP	2026-09-18T08:31:31.9176679Z     │   ~
release-candidate-full-proof	UNKNOWN STEP	2026-09-18T08:31:31.9177080Z     │
release-candidate-full-proof	UNKNOWN STEP	2026-09-18T08:31:31.9177487Z     └─ mix.lock:6:3
release-candidate-full-proof	UNKNOWN STEP	2026-09-18T08:31:31.9177712Z 
release-candidate-full-proof	UNKNOWN STEP	2026-09-18T08:31:31.9179265Z     warning: found quoted keyword "fine" but the quotes are not required. Note that keywords are always atoms, even when quoted. Similar to atoms, keywords made exclusively of ASCII letters, numbers, and underscores and not beginning with a number do not require quotes
release-candidate-full-proof	UNKNOWN STEP	2026-09-18T08:31:31.9180891Z     │
release-candidate-full-proof	UNKNOWN STEP	2026-09-18T08:31:31.9181747Z   7 │   "fine": {:hex, :fine, "0.1.6", "4bf7151493443c454aac9f2fa2f34f5fefd0346a83fb5586a016c4a135c63247", [:mix], [], "hexpm", "5638eb4495488e885ebec167fa57973e5c35e1a50c344eb7666c90ec1c4e3b12"},
release-candidate-full-proof	UNKNOWN STEP	2026-09-18T08:31:31.9182525Z     │   ~
release-candidate-full-proof	UNKNOWN STEP	2026-09-18T08:31:31.9182718Z     │
release-candidate-full-proof	UNKNOWN STEP	2026-09-18T08:31:31.9182932Z     └─ mix.lock:7:3
release-candidate-full-proof	UNKNOWN STEP	2026-09-18T08:31:31.9183068Z 
release-candidate-full-proof	UNKNOWN STEP	2026-09-18T08:31:31.9185112Z     warning: found quoted keyword "hpax" but the quotes are not required. Note that keywords are always atoms, even when quoted. Similar to atoms, keywords made exclusively of ASCII letters, numbers, and underscores and not beginning with a number do not require quotes
release-candidate-full-proof	UNKNOWN STEP	2026-09-18T08:31:31.9187324Z     │
release-candidate-full-proof	UNKNOWN STEP	2026-09-18T08:31:31.9188916Z   8 │   "hpax": {:hex, :hpax, "1.0.4", "777de5d433b0fbdc7c418159c8055910faa8047ffdb3d6b31098d2a46cd7685c", [:mix], [], "hexpm", "afc7cb142ebcc2d01ce7816190b98ce5dd49e799111b24249f3443d730f377ca"},
release-candidate-full-proof	UNKNOWN STEP	2026-09-18T08:31:31.9190078Z     │   ~
release-candidate-full-proof	UNKNOWN STEP	2026-09-18T08:31:31.9190280Z     │
release-candidate-full-proof	UNKNOWN STEP	2026-09-18T08:31:31.9190564Z     └─ mix.lock:8:3
release-candidate-full-proof	UNKNOWN STEP	2026-09-18T08:31:31.9190790Z 
release-candidate-full-proof	UNKNOWN STEP	2026-09-18T08:31:31.9191796Z     warning: found quoted keyword "jason" but the quotes are not required. Note that keywords are always atoms, even when quoted. Similar to atoms, keywords made exclusively of ASCII letters, numbers, and underscores and not beginning with a number do not require quotes
release-candidate-full-proof	UNKNOWN STEP	2026-09-18T08:31:31.9193068Z     │
release-candidate-full-proof	UNKNOWN STEP	2026-09-18T08:31:31.9194664Z   9 │   "jason": {:hex, :jason, "1.4.5", "2e3a008590b0b8d7388c20293e9dcc9cf3e5d642fd2a114e4cbbb52e595d940a", [:mix], [{:decimal, "~> 1.0 or ~> 2.0 or ~> 3.0", [hex: :decimal, repo: "hexpm", optional: true]}], "hexpm", "b0c823996102bcd0239b3c2444eb00409b72f6a140c1950bc8b457d836b30684"},
release-candidate-full-proof	UNKNOWN STEP	2026-09-18T08:31:31.9195720Z     │   ~
release-candidate-full-proof	UNKNOWN STEP	2026-09-18T08:31:31.9195916Z     │
release-candidate-full-proof	UNKNOWN STEP	2026-09-18T08:31:31.9196133Z     └─ mix.lock:9:3
release-candidate-full-proof	UNKNOWN STEP	2026-09-18T08:31:31.9196269Z 
release-candidate-full-proof	UNKNOWN STEP	2026-09-18T08:31:31.9197154Z     warning: found quoted keyword "lazy_html" but the quotes are not required. Note that keywords are always atoms, even when quoted. Similar to atoms, keywords made exclusively of ASCII letters, numbers, and underscores and not beginning with a number do not require quotes
release-candidate-full-proof	UNKNOWN STEP	2026-09-18T08:31:31.9198187Z     │
release-candidate-full-proof	UNKNOWN STEP	2026-09-18T08:31:31.9199867Z  10 │   "lazy_html": {:hex, :lazy_html, "0.1.12", "31a55ee622918fce988c94b06232227b42daa64e4eab14ac32081d0f3fd8db6f", [:make, :mix], [{:cc_precompiler, "~> 0.1", [hex: :cc_precompiler, repo: "hexpm", optional: false]}, {:elixir_make, "~> 0.9", [hex: :elixir_make, repo: "hexpm", optional: false]}, {:fine, "~> 0.1.0", [hex: :fine, repo: "hexpm", optional: false]}], "hexpm", "8a0da594776caee58782c6f93b2abaa5bdb809daf8d43351a561f7de9dc2e2a8"},
release-candidate-full-proof	UNKNOWN STEP	2026-09-18T08:31:31.9201665Z     │   ~
release-candidate-full-proof	UNKNOWN STEP	2026-09-18T08:31:31.9201862Z     │
release-candidate-full-proof	UNKNOWN STEP	2026-09-18T08:31:31.9202084Z     └─ mix.lock:10:3
release-candidate-full-proof	UNKNOWN STEP	2026-09-18T08:31:31.9202227Z 
release-candidate-full-proof	UNKNOWN STEP	2026-09-18T08:31:31.9203088Z     warning: found quoted keyword "mime" but the quotes are not required. Note that keywords are always atoms, even when quoted. Similar to atoms, keywords made exclusively of ASCII letters, numbers, and underscores and not beginning with a number do not require quotes
release-candidate-full-proof	UNKNOWN STEP	2026-09-18T08:31:31.9204388Z     │
release-candidate-full-proof	UNKNOWN STEP	2026-09-18T08:31:31.9205239Z  11 │   "mime": {:hex, :mime, "2.0.7", "b8d739037be7cd402aee1ba0306edfdef982687ee7e9859bee6198c1e7e2f128", [:mix], [], "hexpm", "6171188e399ee16023ffc5b76ce445eb6d9672e2e241d2df6050f3c771e80ccd"},
release-candidate-full-proof	UNKNOWN STEP	2026-09-18T08:31:31.9206293Z     │   ~
release-candidate-full-proof	UNKNOWN STEP	2026-09-18T08:31:31.9206642Z     │
release-candidate-full-proof	UNKNOWN STEP	2026-09-18T08:31:31.9207016Z     └─ mix.lock:11:3
release-candidate-full-proof	UNKNOWN STEP	2026-09-18T08:31:31.9207252Z 
release-candidate-full-proof	UNKNOWN STEP	2026-09-18T08:31:31.9208815Z     warning: found quoted keyword "nimble_options" but the quotes are not required. Note that keywords are always atoms, even when quoted. Similar to atoms, keywords made exclusively of ASCII letters, numbers, and underscores and not beginning with a number do not require quotes
release-candidate-full-proof	UNKNOWN STEP	2026-09-18T08:31:31.9210619Z     │
release-candidate-full-proof	UNKNOWN STEP	2026-09-18T08:31:31.9211824Z  12 │   "nimble_options": {:hex, :nimble_options, "1.1.1", "e3a492d54d85fc3fd7c5baf411d9d2852922f66e69476317787a7b2bb000a61b", [:mix], [], "hexpm", "821b2470ca9442c4b6984882fe9bb0389371b8ddec4d45a9504f00a66f650b44"},
release-candidate-full-proof	UNKNOWN STEP	2026-09-18T08:31:31.9212670Z     │   ~
release-candidate-full-proof	UNKNOWN STEP	2026-09-18T08:31:31.9212857Z     │
release-candidate-full-proof	UNKNOWN STEP	2026-09-18T08:31:31.9213068Z     └─ mix.lock:12:3
release-candidate-full-proof	UNKNOWN STEP	2026-09-18T08:31:31.9213204Z 
release-candidate-full-proof	UNKNOWN STEP	2026-09-18T08:31:31.9214335Z     warning: found quoted keyword "phoenix" but the quotes are not required. Note that keywords are always atoms, even when quoted. Similar to atoms, keywords made exclusively of ASCII letters, numbers, and underscores and not beginning with a number do not require quotes
release-candidate-full-proof	UNKNOWN STEP	2026-09-18T08:31:31.9215860Z     │
release-candidate-full-proof	UNKNOWN STEP	2026-09-18T08:31:31.9222334Z  13 │   "phoenix": {:hex, :phoenix, "1.8.14", "9279cbbcd755ac8d5f42d206915e7df13b9ab49096b98114f1c99ff908e5b42e", [:mix], [{:bandit, "~> 1.0", [hex: :bandit, repo: "hexpm", optional: true]}, {:jason, "~> 1.0", [hex: :jason, repo: "hexpm", optional: true]}, {:phoenix_pubsub, "~> 2.1", [hex: :phoenix_pubsub, repo: "hexpm", optional: false]}, {:phoenix_template, "~> 1.0", [hex: :phoenix_template, repo: "hexpm", optional: false]}, {:phoenix_view, "~> 2.0", [hex: :phoenix_view, repo: "hexpm", optional: true]}, {:plug, "~> 1.14", [hex: :plug, repo: "hexpm", optional: false]}, {:plug_cowboy, "~> 2.7", [hex: :plug_cowboy, repo: "hexpm", optional: true]}, {:plug_crypto, "~> 2.2", [hex: :plug_crypto, repo: "hexpm", optional: false]}, {:telemetry, "~> 0.4 or ~> 1.0", [hex: :telemetry, repo: "hexpm", optional: false]}, {:websock_adapter, "~> 0.5", [hex: :websock_adapter, repo: "hexpm", optional: false]}], "hexpm", "2782ff375824b2b5e41561fbae4764ee7b875af6898483bca49f24a9d1e37816"},
release-candidate-full-proof	UNKNOWN STEP	2026-09-18T08:31:31.9228000Z     │   ~
release-candidate-full-proof	UNKNOWN STEP	2026-09-18T08:31:31.9228338Z     │
release-candidate-full-proof	UNKNOWN STEP	2026-09-18T08:31:31.9228734Z     └─ mix.lock:13:3
release-candidate-full-proof	UNKNOWN STEP	2026-09-18T08:31:31.9228964Z 
release-candidate-full-proof	UNKNOWN STEP	2026-09-18T08:31:31.9230528Z     warning: found quoted keyword "phoenix_html" but the quotes are not required. Note that keywords are always atoms, even when quoted. Similar to atoms, keywords made exclusively of ASCII letters, numbers, and underscores and not beginning with a number do not require quotes
release-candidate-full-proof	UNKNOWN STEP	2026-09-18T08:31:31.9233115Z     │
release-candidate-full-proof	UNKNOWN STEP	2026-09-18T08:31:31.9234410Z  14 │   "phoenix_html": {:hex, :phoenix_html, "4.3.0", "d3577a5df4b6954cd7890c84d955c470b5310bb49647f0a114a6eeecc850f7ad", [:mix], [], "hexpm", "3eaa290a78bab0f075f791a46a981bbe769d94bc776869f4f3063a14f30497ad"},
release-candidate-full-proof	UNKNOWN STEP	2026-09-18T08:31:31.9235262Z     │   ~
release-candidate-full-proof	UNKNOWN STEP	2026-09-18T08:31:31.9235456Z     │
release-candidate-full-proof	UNKNOWN STEP	2026-09-18T08:31:31.9235683Z     └─ mix.lock:14:3
release-candidate-full-proof	UNKNOWN STEP	2026-09-18T08:31:31.9235819Z 
release-candidate-full-proof	UNKNOWN STEP	2026-09-18T08:31:31.9236762Z     warning: found quoted keyword "phoenix_live_reload" but the quotes are not required. Note that keywords are always atoms, even when quoted. Similar to atoms, keywords made exclusively of ASCII letters, numbers, and underscores and not beginning with a number do not require quotes
release-candidate-full-proof	UNKNOWN STEP	2026-09-18T08:31:31.9237867Z     │
release-candidate-full-proof	UNKNOWN STEP	2026-09-18T08:31:31.9239400Z  15 │   "phoenix_live_reload": {:hex, :phoenix_live_reload, "1.7.0", "fb1e429f6d8778ce3a6962debdc5e555428a05a6e7b058d6dbad13d281a2c31f", [:mix], [{:file_system, "~> 0.2.10 or ~> 1.0", [hex: :file_system, repo: "hexpm", optional: false]}, {:phoenix, "~> 1.4", [hex: :phoenix, repo: "hexpm", optional: false]}], "hexpm", "dc9f44271aa6fc4ab7797f2aa374ba096ef2c87520586280eb095626b7387a68"},
release-candidate-full-proof	UNKNOWN STEP	2026-09-18T08:31:31.9240743Z     │   ~
release-candidate-full-proof	UNKNOWN STEP	2026-09-18T08:31:31.9240933Z     │
release-candidate-full-proof	UNKNOWN STEP	2026-09-18T08:31:31.9241156Z     └─ mix.lock:15:3
release-candidate-full-proof	UNKNOWN STEP	2026-09-18T08:31:31.9241287Z 
release-candidate-full-proof	UNKNOWN STEP	2026-09-18T08:31:31.9242200Z     warning: found quoted keyword "phoenix_live_view" but the quotes are not required. Note that keywords are always atoms, even when quoted. Similar to atoms, keywords made exclusively of ASCII letters, numbers, and underscores and not beginning with a number do not require quotes
release-candidate-full-proof	UNKNOWN STEP	2026-09-18T08:31:31.9243566Z     │
release-candidate-full-proof	UNKNOWN STEP	2026-09-18T08:31:31.9247020Z  16 │   "phoenix_live_view": {:hex, :phoenix_live_view, "1.2.12", "35848150bbab579e9d0aff79525269d7c0801a4f61232b84f635c11222cee88f", [:mix], [{:igniter, ">= 0.6.16 and < 1.0.0-0", [hex: :igniter, repo: "hexpm", optional: true]}, {:jason, "~> 1.0", [hex: :jason, repo: "hexpm", optional: true]}, {:lazy_html, "~> 0.1.0", [hex: :lazy_html, repo: "hexpm", optional: true]}, {:phoenix, "~> 1.6.15 or ~> 1.7.0 or ~> 1.8.0", [hex: :phoenix, repo: "hexpm", optional: false]}, {:phoenix_html, "~> 3.3 or ~> 4.0", [hex: :phoenix_html, repo: "hexpm", optional: false]}, {:phoenix_template, "~> 1.0", [hex: :phoenix_template, repo: "hexpm", optional: false]}, {:phoenix_view, "~> 2.0", [hex: :phoenix_view, repo: "hexpm", optional: true]}, {:plug, "~> 1.15", [hex: :plug, repo: "hexpm", optional: false]}, {:telemetry, "~> 0.4.2 or ~> 1.0", [hex: :telemetry, repo: "hexpm", optional: false]}], "hexpm", "656810d716e3369545dd63981196a5d68b77fdb253afe02ef0c6fa14cfd8dc2b"},
release-candidate-full-proof	UNKNOWN STEP	2026-09-18T08:31:31.9250153Z     │   ~
release-candidate-full-proof	UNKNOWN STEP	2026-09-18T08:31:31.9250350Z     │
release-candidate-full-proof	UNKNOWN STEP	2026-09-18T08:31:31.9250567Z     └─ mix.lock:16:3
release-candidate-full-proof	UNKNOWN STEP	2026-09-18T08:31:31.9250706Z 
release-candidate-full-proof	UNKNOWN STEP	2026-09-18T08:31:31.9251646Z     warning: found quoted keyword "phoenix_pubsub" but the quotes are not required. Note that keywords are always atoms, even when quoted. Similar to atoms, keywords made exclusively of ASCII letters, numbers, and underscores and not beginning with a number do not require quotes
release-candidate-full-proof	UNKNOWN STEP	2026-09-18T08:31:31.9252707Z     │
release-candidate-full-proof	UNKNOWN STEP	2026-09-18T08:31:31.9253880Z  17 │   "phoenix_pubsub": {:hex, :phoenix_pubsub, "2.3.0", "03916bfbc31a5121945b3cfffe5aec647a5c97fe1dc172a319b94428562359c9", [:mix], [], "hexpm", "eec7be6e9cf02e2551d389b558402d6c637cd3973796326e7ba4bb03c6b2e91d"},
release-candidate-full-proof	UNKNOWN STEP	2026-09-18T08:31:31.9254747Z     │   ~
release-candidate-full-proof	UNKNOWN STEP	2026-09-18T08:31:31.9254935Z     │
release-candidate-full-proof	UNKNOWN STEP	2026-09-18T08:31:31.9255150Z     └─ mix.lock:17:3
release-candidate-full-proof	UNKNOWN STEP	2026-09-18T08:31:31.9255287Z 
release-candidate-full-proof	UNKNOWN STEP	2026-09-18T08:31:31.9256333Z     warning: found quoted keyword "phoenix_template" but the quotes are not required. Note that keywords are always atoms, even when quoted. Similar to atoms, keywords made exclusively of ASCII letters, numbers, and underscores and not beginning with a number do not require quotes
release-candidate-full-proof	UNKNOWN STEP	2026-09-18T08:31:31.9257416Z     │
release-candidate-full-proof	UNKNOWN STEP	2026-09-18T08:31:31.9258712Z  18 │   "phoenix_template": {:hex, :phoenix_template, "1.0.4", "e2092c132f3b5e5b2d49c96695342eb36d0ed514c5b252a77048d5969330d639", [:mix], [{:phoenix_html, "~> 2.14.2 or ~> 3.0 or ~> 4.0", [hex: :phoenix_html, repo: "hexpm", optional: true]}], "hexpm", "2c0c81f0e5c6753faf5cca2f229c9709919aba34fab866d3bc05060c9c444206"},
release-candidate-full-proof	UNKNOWN STEP	2026-09-18T08:31:31.9259900Z     │   ~
release-candidate-full-proof	UNKNOWN STEP	2026-09-18T08:31:31.9260089Z     │
release-candidate-full-proof	UNKNOWN STEP	2026-09-18T08:31:31.9260330Z     └─ mix.lock:18:3
release-candidate-full-proof	UNKNOWN STEP	2026-09-18T08:31:31.9260466Z 
release-candidate-full-proof	UNKNOWN STEP	2026-09-18T08:31:31.9261335Z     warning: found quoted keyword "plug" but the quotes are not required. Note that keywords are always atoms, even when quoted. Similar to atoms, keywords made exclusively of ASCII letters, numbers, and underscores and not beginning with a number do not require quotes
release-candidate-full-proof	UNKNOWN STEP	2026-09-18T08:31:31.9262365Z     │
release-candidate-full-proof	UNKNOWN STEP	2026-09-18T08:31:31.9264278Z  19 │   "plug": {:hex, :plug, "1.20.3", "56c480c633ec2ce10140e236e15233bf576e1d323887d7c96711bd02ab5160db", [:mix], [{:mime, "~> 1.0 or ~> 2.0", [hex: :mime, repo: "hexpm", optional: false]}, {:plug_crypto, "~> 1.1.1 or ~> 1.2 or ~> 2.0", [hex: :plug_crypto, repo: "hexpm", optional: false]}, {:telemetry, "~> 0.4.3 or ~> 1.0", [hex: :telemetry, repo: "hexpm", optional: false]}], "hexpm", "be266aee1b8536ef6409d58cf39a3121319f0ec47cfa1b24024485aa0e76ad76"},
release-candidate-full-proof	UNKNOWN STEP	2026-09-18T08:31:31.9265780Z     │   ~
release-candidate-full-proof	UNKNOWN STEP	2026-09-18T08:31:31.9265993Z     │
release-candidate-full-proof	UNKNOWN STEP	2026-09-18T08:31:31.9266213Z     └─ mix.lock:19:3
release-candidate-full-proof	UNKNOWN STEP	2026-09-18T08:31:31.9266341Z 
release-candidate-full-proof	UNKNOWN STEP	2026-09-18T08:31:31.9267250Z     warning: found quoted keyword "plug_crypto" but the quotes are not required. Note that keywords are always atoms, even when quoted. Similar to atoms, keywords made exclusively of ASCII letters, numbers, and underscores and not beginning with a number do not require quotes
release-candidate-full-proof	UNKNOWN STEP	2026-09-18T08:31:31.9268301Z     │
release-candidate-full-proof	UNKNOWN STEP	2026-09-18T08:31:31.9269191Z  20 │   "plug_crypto": {:hex, :plug_crypto, "2.2.0", "144014737daaf485407f5ed77daeaad74d651b216a28c87543f8cc7043f8efc8", [:mix], [], "hexpm", "83a95744ab1c75876542b6fab135fcc176280e0f301a111c1f757fddcec95d2c"},
release-candidate-full-proof	UNKNOWN STEP	2026-09-18T08:31:31.9270005Z     │   ~
release-candidate-full-proof	UNKNOWN STEP	2026-09-18T08:31:31.9270187Z     │
release-candidate-full-proof	UNKNOWN STEP	2026-09-18T08:31:31.9270405Z     └─ mix.lock:20:3
release-candidate-full-proof	UNKNOWN STEP	2026-09-18T08:31:31.9270530Z 
release-candidate-full-proof	UNKNOWN STEP	2026-09-18T08:31:31.9271402Z     warning: found quoted keyword "telemetry" but the quotes are not required. Note that keywords are always atoms, even when quoted. Similar to atoms, keywords made exclusively of ASCII letters, numbers, and underscores and not beginning with a number do not require quotes
release-candidate-full-proof	UNKNOWN STEP	2026-09-18T08:31:31.9272580Z     │
release-candidate-full-proof	UNKNOWN STEP	2026-09-18T08:31:31.9273797Z  21 │   "telemetry": {:hex, :telemetry, "1.4.2", "a0cb522801dffb1c49fe6e30561badffc7b6d0e180db1300df759faa22062855", [:rebar3], [], "hexpm", "928f6495066506077862c0d1646609eed891a4326bee3126ba54b60af61febb1"},
release-candidate-full-proof	UNKNOWN STEP	2026-09-18T08:31:31.9274807Z     │   ~
release-candidate-full-proof	UNKNOWN STEP	2026-09-18T08:31:31.9274995Z     │
release-candidate-full-proof	UNKNOWN STEP	2026-09-18T08:31:31.9275210Z     └─ mix.lock:21:3
release-candidate-full-proof	UNKNOWN STEP	2026-09-18T08:31:31.9275341Z 
release-candidate-full-proof	UNKNOWN STEP	2026-09-18T08:31:31.9276247Z     warning: found quoted keyword "telemetry_metrics" but the quotes are not required. Note that keywords are always atoms, even when quoted. Similar to atoms, keywords made exclusively of ASCII letters, numbers, and underscores and not beginning with a number do not require quotes
release-candidate-full-proof	UNKNOWN STEP	2026-09-18T08:31:31.9277314Z     │
release-candidate-full-proof	UNKNOWN STEP	2026-09-18T08:31:31.9278534Z  22 │   "telemetry_metrics": {:hex, :telemetry_metrics, "1.2.0", "7632c19c01d88d8aaca5da1a0e8912f5af39b79e7c08a2c253aeb3c14c2c957e", [:mix], [{:telemetry, "~> 0.4 or ~> 1.0", [hex: :telemetry, repo: "hexpm", optional: false]}], "hexpm", "71dde12fc29b58b9c77ec17ec319109e5ca848d010fc1965ed4463bba1837c07"},
release-candidate-full-proof	UNKNOWN STEP	2026-09-18T08:31:31.9279641Z     │   ~
release-candidate-full-proof	UNKNOWN STEP	2026-09-18T08:31:31.9279826Z     │
release-candidate-full-proof	UNKNOWN STEP	2026-09-18T08:31:31.9280071Z     └─ mix.lock:22:3
release-candidate-full-proof	UNKNOWN STEP	2026-09-18T08:31:31.9280203Z 
release-candidate-full-proof	UNKNOWN STEP	2026-09-18T08:31:31.9281219Z     warning: found quoted keyword "telemetry_poller" but the quotes are not required. Note that keywords are always atoms, even when quoted. Similar to atoms, keywords made exclusively of ASCII letters, numbers, and underscores and not beginning with a number do not require quotes
release-candidate-full-proof	UNKNOWN STEP	2026-09-18T08:31:31.9282292Z     │
release-candidate-full-proof	UNKNOWN STEP	2026-09-18T08:31:31.9284481Z  23 │   "telemetry_poller": {:hex, :telemetry_poller, "1.3.0", "d5c46420126b5ac2d72bc6580fb4f537d35e851cc0f8dbd571acf6d6e10f5ec7", [:rebar3], [{:telemetry, "~> 1.0", [hex: :telemetry, repo: "hexpm", optional: false]}], "hexpm", "51f18bed7128544a50f75897db9974436ea9bfba560420b646af27a9a9b35211"},
release-candidate-full-proof	UNKNOWN STEP	2026-09-18T08:31:31.9286535Z     │   ~
release-candidate-full-proof	UNKNOWN STEP	2026-09-18T08:31:31.9286920Z     │
release-candidate-full-proof	UNKNOWN STEP	2026-09-18T08:31:31.9287321Z     └─ mix.lock:23:3
release-candidate-full-proof	UNKNOWN STEP	2026-09-18T08:31:31.9287498Z 
release-candidate-full-proof	UNKNOWN STEP	2026-09-18T08:31:31.9288431Z     warning: found quoted keyword "thousand_island" but the quotes are not required. Note that keywords are always atoms, even when quoted. Similar to atoms, keywords made exclusively of ASCII letters, numbers, and underscores and not beginning with a number do not require quotes
release-candidate-full-proof	UNKNOWN STEP	2026-09-18T08:31:31.9289586Z     │
release-candidate-full-proof	UNKNOWN STEP	2026-09-18T08:31:31.9291070Z  24 │   "thousand_island": {:hex, :thousand_island, "1.5.0", "f50a213cac97262b6d5ebb85745aa2c00fec1413191e6e66834788d45425cecb", [:mix], [{:telemetry, "~> 0.4 or ~> 1.0", [hex: :telemetry, repo: "hexpm", optional: false]}], "hexpm", "708923d40523e43cf99041ab37a0d4b0ec426ac6438fa3716ab23d919eaeb412"},
release-candidate-full-proof	UNKNOWN STEP	2026-09-18T08:31:31.9292147Z     │   ~
release-candidate-full-proof	UNKNOWN STEP	2026-09-18T08:31:31.9292333Z     │
release-candidate-full-proof	UNKNOWN STEP	2026-09-18T08:31:31.9292548Z     └─ mix.lock:24:3
release-candidate-full-proof	UNKNOWN STEP	2026-09-18T08:31:31.9292683Z 
release-candidate-full-proof	UNKNOWN STEP	2026-09-18T08:31:31.9293990Z     warning: found quoted keyword "websock" but the quotes are not required. Note that keywords are always atoms, even when quoted. Similar to atoms, keywords made exclusively of ASCII letters, numbers, and underscores and not beginning with a number do not require quotes
release-candidate-full-proof	UNKNOWN STEP	2026-09-18T08:31:31.9295094Z     │
release-candidate-full-proof	UNKNOWN STEP	2026-09-18T08:31:31.9295968Z  25 │   "websock": {:hex, :websock, "0.5.3", "2f69a6ebe810328555b6fe5c831a851f485e303a7c8ce6c5f675abeb20ebdadc", [:mix], [], "hexpm", "6105453d7fac22c712ad66fab1d45abdf049868f253cf719b625151460b8b453"},
release-candidate-full-proof	UNKNOWN STEP	2026-09-18T08:31:31.9296773Z     │   ~
release-candidate-full-proof	UNKNOWN STEP	2026-09-18T08:31:31.9296958Z     │
release-candidate-full-proof	UNKNOWN STEP	2026-09-18T08:31:31.9297170Z     └─ mix.lock:25:3
release-candidate-full-proof	UNKNOWN STEP	2026-09-18T08:31:31.9297302Z 
release-candidate-full-proof	UNKNOWN STEP	2026-09-18T08:31:31.9298198Z     warning: found quoted keyword "websock_adapter" but the quotes are not required. Note that keywords are always atoms, even when quoted. Similar to atoms, keywords made exclusively of ASCII letters, numbers, and underscores and not beginning with a number do not require quotes
release-candidate-full-proof	UNKNOWN STEP	2026-09-18T08:31:31.9299262Z     │
release-candidate-full-proof	UNKNOWN STEP	2026-09-18T08:31:31.9301126Z  26 │   "websock_adapter": {:hex, :websock_adapter, "0.6.0", "73db5ab8aaefd1a876a97ce3e6afc96562625de69ef17a4e04426e034849d0b8", [:mix], [{:bandit, ">= 0.6.0", [hex: :bandit, repo: "hexpm", optional: true]}, {:plug, "~> 1.14", [hex: :plug, repo: "hexpm", optional: false]}, {:plug_cowboy, "~> 2.6", [hex: :plug_cowboy, repo: "hexpm", optional: true]}, {:websock, "~> 0.5", [hex: :websock, repo: "hexpm", optional: false]}], "hexpm", "50021a85bce8f203b086705d9e0c5415e2c7eb05d319111b0428fe71f9934617"},
release-candidate-full-proof	UNKNOWN STEP	2026-09-18T08:31:31.9302931Z     │   ~
release-candidate-full-proof	UNKNOWN STEP	2026-09-18T08:31:31.9303115Z     │
release-candidate-full-proof	UNKNOWN STEP	2026-09-18T08:31:31.9303620Z     └─ mix.lock:26:3
release-candidate-full-proof	UNKNOWN STEP	2026-09-18T08:31:31.9303778Z 
release-candidate-full-proof	UNKNOWN STEP	2026-09-18T08:31:31.9391023Z [crosswake] source_mode=candidate-local profile=threadline install=1 step=generate
release-candidate-full-proof	UNKNOWN STEP	2026-09-18T08:31:32.4136281Z hint: Using 'master' as the name for the initial branch. This default branch name
release-candidate-full-proof	UNKNOWN STEP	2026-09-18T08:31:32.4137039Z hint: will change to "main" in Git 3.0. To configure the initial branch name
release-candidate-full-proof	UNKNOWN STEP	2026-09-18T08:31:32.4137769Z hint: to use in all of your new repositories, which will suppress this warning,
release-candidate-full-proof	UNKNOWN STEP	2026-09-18T08:31:32.4138178Z hint: call:
release-candidate-full-proof	UNKNOWN STEP	2026-09-18T08:31:32.4138370Z hint:
release-candidate-full-proof	UNKNOWN STEP	2026-09-18T08:31:32.4138657Z hint: 	git config --global init.defaultBranch <name>
release-candidate-full-proof	UNKNOWN STEP	2026-09-18T08:31:32.4138964Z hint:
release-candidate-full-proof	UNKNOWN STEP	2026-09-18T08:31:32.4139647Z hint: Names commonly chosen instead of 'master' are 'main', 'trunk' and
release-candidate-full-proof	UNKNOWN STEP	2026-09-18T08:31:32.4140705Z hint: 'development'. The just-created branch can be renamed via this command:
release-candidate-full-proof	UNKNOWN STEP	2026-09-18T08:31:32.4141116Z hint:
release-candidate-full-proof	UNKNOWN STEP	2026-09-18T08:31:32.4141348Z hint: 	git branch -m <name>
release-candidate-full-proof	UNKNOWN STEP	2026-09-18T08:31:32.4141789Z hint:
release-candidate-full-proof	UNKNOWN STEP	2026-09-18T08:31:32.4142418Z hint: Disable this message with "git config set advice.defaultBranchName false"
release-candidate-full-proof	UNKNOWN STEP	2026-09-18T08:32:01.4104486Z     warning: found quoted keyword "bandit" but the quotes are not required. Note that keywords are always atoms, even when quoted. Similar to atoms, keywords made exclusively of ASCII letters, numbers, and underscores and not beginning with a number do not require quotes
release-candidate-full-proof	UNKNOWN STEP	2026-09-18T08:32:01.4107278Z     │
release-candidate-full-proof	UNKNOWN STEP	2026-09-18T08:32:01.4111323Z   2 │   "bandit": {:hex, :bandit, "1.12.5", "af205a8e550f304caae09a97d29fd3c79a7f337526ea7cd772d2ff11d2f7c800", [:mix], [{:hpax, "~> 1.0", [hex: :hpax, repo: "hexpm", optional: false]}, {:plug, "~> 1.18", [hex: :plug, repo: "hexpm", optional: false]}, {:telemetry, "~> 0.4 or ~> 1.0", [hex: :telemetry, repo: "hexpm", optional: false]}, {:thousand_island, "~> 1.5", [hex: :thousand_island, repo: "hexpm", optional: false]}, {:websock, "~> 0.5", [hex: :websock, repo: "hexpm", optional: false]}], "hexpm", "c5684ca062fa407cac115aec3256383f3e2ec9fdced7904d59cf5a7bb7ed6181"},
release-candidate-full-proof	UNKNOWN STEP	2026-09-18T08:32:01.4114935Z     │   ~
release-candidate-full-proof	UNKNOWN STEP	2026-09-18T08:32:01.4115436Z     │
release-candidate-full-proof	UNKNOWN STEP	2026-09-18T08:32:01.4115961Z     └─ mix.lock:2:3
release-candidate-full-proof	UNKNOWN STEP	2026-09-18T08:32:01.4116327Z 
release-candidate-full-proof	UNKNOWN STEP	2026-09-18T08:32:01.4118074Z     warning: found quoted keyword "cc_precompiler" but the quotes are not required. Note that keywords are always atoms, even when quoted. Similar to atoms, keywords made exclusively of ASCII letters, numbers, and underscores and not beginning with a number do not require quotes
release-candidate-full-proof	UNKNOWN STEP	2026-09-18T08:32:01.4120115Z     │
release-candidate-full-proof	UNKNOWN STEP	2026-09-18T08:32:01.4122420Z   3 │   "cc_precompiler": {:hex, :cc_precompiler, "0.1.11", "8c844d0b9fb98a3edea067f94f616b3f6b29b959b6b3bf25fee94ffe34364768", [:mix], [{:elixir_make, "~> 0.7", [hex: :elixir_make, repo: "hexpm", optional: false]}], "hexpm", "3427232caf0835f94680e5bcf082408a70b48ad68a5f5c0b02a3bea9f3a075b9"},
release-candidate-full-proof	UNKNOWN STEP	2026-09-18T08:32:01.4124714Z     │   ~
release-candidate-full-proof	UNKNOWN STEP	2026-09-18T08:32:01.4125188Z     │
release-candidate-full-proof	UNKNOWN STEP	2026-09-18T08:32:01.4125712Z     └─ mix.lock:3:3
release-candidate-full-proof	UNKNOWN STEP	2026-09-18T08:32:01.4126057Z 
release-candidate-full-proof	UNKNOWN STEP	2026-09-18T08:32:01.4127719Z     warning: found quoted keyword "dns_cluster" but the quotes are not required. Note that keywords are always atoms, even when quoted. Similar to atoms, keywords made exclusively of ASCII letters, numbers, and underscores and not beginning with a number do not require quotes
release-candidate-full-proof	UNKNOWN STEP	2026-09-18T08:32:01.4129737Z     │
release-candidate-full-proof	UNKNOWN STEP	2026-09-18T08:32:01.4132024Z   4 │   "dns_cluster": {:hex, :dns_cluster, "0.2.0", "aa8eb46e3bd0326bd67b84790c561733b25c5ba2fe3c7e36f28e88f384ebcb33", [:mix], [], "hexpm", "ba6f1893411c69c01b9e8e8f772062535a4cf70f3f35bcc964a324078d8c8240"},
release-candidate-full-proof	UNKNOWN STEP	2026-09-18T08:32:01.4133556Z     │   ~
release-candidate-full-proof	UNKNOWN STEP	2026-09-18T08:32:01.4134024Z     │
release-candidate-full-proof	UNKNOWN STEP	2026-09-18T08:32:01.4134521Z     └─ mix.lock:4:3
release-candidate-full-proof	UNKNOWN STEP	2026-09-18T08:32:01.4134780Z 
release-candidate-full-proof	UNKNOWN STEP	2026-09-18T08:32:01.4136290Z     warning: found quoted keyword "elixir_make" but the quotes are not required. Note that keywords are always atoms, even when quoted. Similar to atoms, keywords made exclusively of ASCII letters, numbers, and underscores and not beginning with a number do not require quotes
release-candidate-full-proof	UNKNOWN STEP	2026-09-18T08:32:01.4138608Z     │
release-candidate-full-proof	UNKNOWN STEP	2026-09-18T08:32:01.4140356Z   5 │   "elixir_make": {:hex, :elixir_make, "0.10.0", "16577e2583a79bb79237bbff349619ef5d80afffc07eac6e4faf0d00e2ddaf7d", [:mix], [], "hexpm", "dc1f09fb7fa68866b886abd5f0f3c83553b1a19a52359a899e92af1bb3b31982"},
release-candidate-full-proof	UNKNOWN STEP	2026-09-18T08:32:01.4141840Z     │   ~
release-candidate-full-proof	UNKNOWN STEP	2026-09-18T08:32:01.4142101Z     │
release-candidate-full-proof	UNKNOWN STEP	2026-09-18T08:32:01.4142326Z     └─ mix.lock:5:3
release-candidate-full-proof	UNKNOWN STEP	2026-09-18T08:32:01.4142462Z 
release-candidate-full-proof	UNKNOWN STEP	2026-09-18T08:32:01.4144225Z     warning: found quoted keyword "file_system" but the quotes are not required. Note that keywords are always atoms, even when quoted. Similar to atoms, keywords made exclusively of ASCII letters, numbers, and underscores and not beginning with a number do not require quotes
release-candidate-full-proof	UNKNOWN STEP	2026-09-18T08:32:01.4146188Z     │
release-candidate-full-proof	UNKNOWN STEP	2026-09-18T08:32:01.4148147Z   6 │   "file_system": {:hex, :file_system, "1.1.1", "31864f4685b0148f25bd3fbef2b1228457c0c89024ad67f7a81a3ffbc0bbad3a", [:mix], [], "hexpm", "7a15ff97dfe526aeefb090a7a9d3d03aa907e100e262a0f8f7746b78f8f87a5d"},
release-candidate-full-proof	UNKNOWN STEP	2026-09-18T08:32:01.4149717Z     │   ~
release-candidate-full-proof	UNKNOWN STEP	2026-09-18T08:32:01.4150061Z     │
release-candidate-full-proof	UNKNOWN STEP	2026-09-18T08:32:01.4150439Z     └─ mix.lock:6:3
release-candidate-full-proof	UNKNOWN STEP	2026-09-18T08:32:01.4150661Z 
release-candidate-full-proof	UNKNOWN STEP	2026-09-18T08:32:01.4152263Z     warning: found quoted keyword "fine" but the quotes are not required. Note that keywords are always atoms, even when quoted. Similar to atoms, keywords made exclusively of ASCII letters, numbers, and underscores and not beginning with a number do not require quotes
release-candidate-full-proof	UNKNOWN STEP	2026-09-18T08:32:01.4154319Z     │
release-candidate-full-proof	UNKNOWN STEP	2026-09-18T08:32:01.4155849Z   7 │   "fine": {:hex, :fine, "0.1.6", "4bf7151493443c454aac9f2fa2f34f5fefd0346a83fb5586a016c4a135c63247", [:mix], [], "hexpm", "5638eb4495488e885ebec167fa57973e5c35e1a50c344eb7666c90ec1c4e3b12"},
release-candidate-full-proof	UNKNOWN STEP	2026-09-18T08:32:01.4157280Z     │   ~
release-candidate-full-proof	UNKNOWN STEP	2026-09-18T08:32:01.4157609Z     │
release-candidate-full-proof	UNKNOWN STEP	2026-09-18T08:32:01.4158059Z     └─ mix.lock:7:3
release-candidate-full-proof	UNKNOWN STEP	2026-09-18T08:32:01.4158321Z 
release-candidate-full-proof	UNKNOWN STEP	2026-09-18T08:32:01.4159755Z     warning: found quoted keyword "hpax" but the quotes are not required. Note that keywords are always atoms, even when quoted. Similar to atoms, keywords made exclusively of ASCII letters, numbers, and underscores and not beginning with a number do not require quotes
release-candidate-full-proof	UNKNOWN STEP	2026-09-18T08:32:01.4161415Z     │
release-candidate-full-proof	UNKNOWN STEP	2026-09-18T08:32:01.4162732Z   8 │   "hpax": {:hex, :hpax, "1.0.4", "777de5d433b0fbdc7c418159c8055910faa8047ffdb3d6b31098d2a46cd7685c", [:mix], [], "hexpm", "afc7cb142ebcc2d01ce7816190b98ce5dd49e799111b24249f3443d730f377ca"},
release-candidate-full-proof	UNKNOWN STEP	2026-09-18T08:32:01.4164060Z     │   ~
release-candidate-full-proof	UNKNOWN STEP	2026-09-18T08:32:01.4164447Z     │
release-candidate-full-proof	UNKNOWN STEP	2026-09-18T08:32:01.4164865Z     └─ mix.lock:8:3
release-candidate-full-proof	UNKNOWN STEP	2026-09-18T08:32:01.4165122Z 
release-candidate-full-proof	UNKNOWN STEP	2026-09-18T08:32:01.4166399Z     warning: found quoted keyword "jason" but the quotes are not required. Note that keywords are always atoms, even when quoted. Similar to atoms, keywords made exclusively of ASCII letters, numbers, and underscores and not beginning with a number do not require quotes
release-candidate-full-proof	UNKNOWN STEP	2026-09-18T08:32:01.4168448Z     │
release-candidate-full-proof	UNKNOWN STEP	2026-09-18T08:32:01.4170384Z   9 │   "jason": {:hex, :jason, "1.4.5", "2e3a008590b0b8d7388c20293e9dcc9cf3e5d642fd2a114e4cbbb52e595d940a", [:mix], [{:decimal, "~> 1.0 or ~> 2.0 or ~> 3.0", [hex: :decimal, repo: "hexpm", optional: true]}], "hexpm", "b0c823996102bcd0239b3c2444eb00409b72f6a140c1950bc8b457d836b30684"},
release-candidate-full-proof	UNKNOWN STEP	2026-09-18T08:32:01.4171945Z     │   ~
release-candidate-full-proof	UNKNOWN STEP	2026-09-18T08:32:01.4172275Z     │
release-candidate-full-proof	UNKNOWN STEP	2026-09-18T08:32:01.4172504Z     └─ mix.lock:9:3
release-candidate-full-proof	UNKNOWN STEP	2026-09-18T08:32:01.4172636Z 
release-candidate-full-proof	UNKNOWN STEP	2026-09-18T08:32:01.4174000Z     warning: found quoted keyword "lazy_html" but the quotes are not required. Note that keywords are always atoms, even when quoted. Similar to atoms, keywords made exclusively of ASCII letters, numbers, and underscores and not beginning with a number do not require quotes
release-candidate-full-proof	UNKNOWN STEP	2026-09-18T08:32:01.4175940Z     │
release-candidate-full-proof	UNKNOWN STEP	2026-09-18T08:32:01.4179405Z  10 │   "lazy_html": {:hex, :lazy_html, "0.1.12", "31a55ee622918fce988c94b06232227b42daa64e4eab14ac32081d0f3fd8db6f", [:make, :mix], [{:cc_precompiler, "~> 0.1", [hex: :cc_precompiler, repo: "hexpm", optional: false]}, {:elixir_make, "~> 0.9", [hex: :elixir_make, repo: "hexpm", optional: false]}, {:fine, "~> 0.1.0", [hex: :fine, repo: "hexpm", optional: false]}], "hexpm", "8a0da594776caee58782c6f93b2abaa5bdb809daf8d43351a561f7de9dc2e2a8"},
release-candidate-full-proof	UNKNOWN STEP	2026-09-18T08:32:01.4182320Z     │   ~
release-candidate-full-proof	UNKNOWN STEP	2026-09-18T08:32:01.4182685Z     │
release-candidate-full-proof	UNKNOWN STEP	2026-09-18T08:32:01.4183112Z     └─ mix.lock:10:3
release-candidate-full-proof	UNKNOWN STEP	2026-09-18T08:32:01.4183583Z 
release-candidate-full-proof	UNKNOWN STEP	2026-09-18T08:32:01.4185005Z     warning: found quoted keyword "mime" but the quotes are not required. Note that keywords are always atoms, even when quoted. Similar to atoms, keywords made exclusively of ASCII letters, numbers, and underscores and not beginning with a number do not require quotes
release-candidate-full-proof	UNKNOWN STEP	2026-09-18T08:32:01.4186876Z     │
release-candidate-full-proof	UNKNOWN STEP	2026-09-18T08:32:01.4188935Z  11 │   "mime": {:hex, :mime, "2.0.7", "b8d739037be7cd402aee1ba0306edfdef982687ee7e9859bee6198c1e7e2f128", [:mix], [], "hexpm", "6171188e399ee16023ffc5b76ce445eb6d9672e2e241d2df6050f3c771e80ccd"},
release-candidate-full-proof	UNKNOWN STEP	2026-09-18T08:32:01.4190293Z     │   ~
release-candidate-full-proof	UNKNOWN STEP	2026-09-18T08:32:01.4190605Z     │
release-candidate-full-proof	UNKNOWN STEP	2026-09-18T08:32:01.4190957Z     └─ mix.lock:11:3
release-candidate-full-proof	UNKNOWN STEP	2026-09-18T08:32:01.4191168Z 
release-candidate-full-proof	UNKNOWN STEP	2026-09-18T08:32:01.4192698Z     warning: found quoted keyword "nimble_options" but the quotes are not required. Note that keywords are always atoms, even when quoted. Similar to atoms, keywords made exclusively of ASCII letters, numbers, and underscores and not beginning with a number do not require quotes
release-candidate-full-proof	UNKNOWN STEP	2026-09-18T08:32:01.4194749Z     │
release-candidate-full-proof	UNKNOWN STEP	2026-09-18T08:32:01.4196357Z  12 │   "nimble_options": {:hex, :nimble_options, "1.1.1", "e3a492d54d85fc3fd7c5baf411d9d2852922f66e69476317787a7b2bb000a61b", [:mix], [], "hexpm", "821b2470ca9442c4b6984882fe9bb0389371b8ddec4d45a9504f00a66f650b44"},
release-candidate-full-proof	UNKNOWN STEP	2026-09-18T08:32:01.4197793Z     │   ~
release-candidate-full-proof	UNKNOWN STEP	2026-09-18T08:32:01.4198095Z     │
release-candidate-full-proof	UNKNOWN STEP	2026-09-18T08:32:01.4198444Z     └─ mix.lock:12:3
release-candidate-full-proof	UNKNOWN STEP	2026-09-18T08:32:01.4198653Z 
release-candidate-full-proof	UNKNOWN STEP	2026-09-18T08:32:01.4199955Z     warning: found quoted keyword "phoenix" but the quotes are not required. Note that keywords are always atoms, even when quoted. Similar to atoms, keywords made exclusively of ASCII letters, numbers, and underscores and not beginning with a number do not require quotes
release-candidate-full-proof	UNKNOWN STEP	2026-09-18T08:32:01.4201036Z     │
release-candidate-full-proof	UNKNOWN STEP	2026-09-18T08:32:01.4204999Z  13 │   "phoenix": {:hex, :phoenix, "1.8.14", "9279cbbcd755ac8d5f42d206915e7df13b9ab49096b98114f1c99ff908e5b42e", [:mix], [{:bandit, "~> 1.0", [hex: :bandit, repo: "hexpm", optional: true]}, {:jason, "~> 1.0", [hex: :jason, repo: "hexpm", optional: true]}, {:phoenix_pubsub, "~> 2.1", [hex: :phoenix_pubsub, repo: "hexpm", optional: false]}, {:phoenix_template, "~> 1.0", [hex: :phoenix_template, repo: "hexpm", optional: false]}, {:phoenix_view, "~> 2.0", [hex: :phoenix_view, repo: "hexpm", optional: true]}, {:plug, "~> 1.14", [hex: :plug, repo: "hexpm", optional: false]}, {:plug_cowboy, "~> 2.7", [hex: :plug_cowboy, repo: "hexpm", optional: true]}, {:plug_crypto, "~> 2.2", [hex: :plug_crypto, repo: "hexpm", optional: false]}, {:telemetry, "~> 0.4 or ~> 1.0", [hex: :telemetry, repo: "hexpm", optional: false]}, {:websock_adapter, "~> 0.5", [hex: :websock_adapter, repo: "hexpm", optional: false]}], "hexpm", "2782ff375824b2b5e41561fbae4764ee7b875af6898483bca49f24a9d1e37816"},
release-candidate-full-proof	UNKNOWN STEP	2026-09-18T08:32:01.4210104Z     │   ~
release-candidate-full-proof	UNKNOWN STEP	2026-09-18T08:32:01.4210307Z     │
release-candidate-full-proof	UNKNOWN STEP	2026-09-18T08:32:01.4210527Z     └─ mix.lock:13:3
release-candidate-full-proof	UNKNOWN STEP	2026-09-18T08:32:01.4210667Z 
release-candidate-full-proof	UNKNOWN STEP	2026-09-18T08:32:01.4211563Z     warning: found quoted keyword "phoenix_html" but the quotes are not required. Note that keywords are always atoms, even when quoted. Similar to atoms, keywords made exclusively of ASCII letters, numbers, and underscores and not beginning with a number do not require quotes
release-candidate-full-proof	UNKNOWN STEP	2026-09-18T08:32:01.4212616Z     │
release-candidate-full-proof	UNKNOWN STEP	2026-09-18T08:32:01.4213953Z  14 │   "phoenix_html": {:hex, :phoenix_html, "4.3.0", "d3577a5df4b6954cd7890c84d955c470b5310bb49647f0a114a6eeecc850f7ad", [:mix], [], "hexpm", "3eaa290a78bab0f075f791a46a981bbe769d94bc776869f4f3063a14f30497ad"},
release-candidate-full-proof	UNKNOWN STEP	2026-09-18T08:32:01.4215415Z     │   ~
release-candidate-full-proof	UNKNOWN STEP	2026-09-18T08:32:01.4215932Z     │
release-candidate-full-proof	UNKNOWN STEP	2026-09-18T08:32:01.4216303Z     └─ mix.lock:14:3
release-candidate-full-proof	UNKNOWN STEP	2026-09-18T08:32:01.4216526Z 
release-candidate-full-proof	UNKNOWN STEP	2026-09-18T08:32:01.4218075Z     warning: found quoted keyword "phoenix_live_reload" but the quotes are not required. Note that keywords are always atoms, even when quoted. Similar to atoms, keywords made exclusively of ASCII letters, numbers, and underscores and not beginning with a number do not require quotes
release-candidate-full-proof	UNKNOWN STEP	2026-09-18T08:32:01.4219900Z     │
release-candidate-full-proof	UNKNOWN STEP	2026-09-18T08:32:01.4221723Z  15 │   "phoenix_live_reload": {:hex, :phoenix_live_reload, "1.7.0", "fb1e429f6d8778ce3a6962debdc5e555428a05a6e7b058d6dbad13d281a2c31f", [:mix], [{:file_system, "~> 0.2.10 or ~> 1.0", [hex: :file_system, repo: "hexpm", optional: false]}, {:phoenix, "~> 1.4", [hex: :phoenix, repo: "hexpm", optional: false]}], "hexpm", "dc9f44271aa6fc4ab7797f2aa374ba096ef2c87520586280eb095626b7387a68"},
release-candidate-full-proof	UNKNOWN STEP	2026-09-18T08:32:01.4223062Z     │   ~
release-candidate-full-proof	UNKNOWN STEP	2026-09-18T08:32:01.4223258Z     │
release-candidate-full-proof	UNKNOWN STEP	2026-09-18T08:32:01.4223832Z     └─ mix.lock:15:3
release-candidate-full-proof	UNKNOWN STEP	2026-09-18T08:32:01.4224081Z 
release-candidate-full-proof	UNKNOWN STEP	2026-09-18T08:32:01.4225687Z     warning: found quoted keyword "phoenix_live_view" but the quotes are not required. Note that keywords are always atoms, even when quoted. Similar to atoms, keywords made exclusively of ASCII letters, numbers, and underscores and not beginning with a number do not require quotes
release-candidate-full-proof	UNKNOWN STEP	2026-09-18T08:32:01.4227528Z     │
release-candidate-full-proof	UNKNOWN STEP	2026-09-18T08:32:01.4244192Z  16 │   "phoenix_live_view": {:hex, :phoenix_live_view, "1.2.12", "35848150bbab579e9d0aff79525269d7c0801a4f61232b84f635c11222cee88f", [:mix], [{:igniter, ">= 0.6.16 and < 1.0.0-0", [hex: :igniter, repo: "hexpm", optional: true]}, {:jason, "~> 1.0", [hex: :jason, repo: "hexpm", optional: true]}, {:lazy_html, "~> 0.1.0", [hex: :lazy_html, repo: "hexpm", optional: true]}, {:phoenix, "~> 1.6.15 or ~> 1.7.0 or ~> 1.8.0", [hex: :phoenix, repo: "hexpm", optional: false]}, {:phoenix_html, "~> 3.3 or ~> 4.0", [hex: :phoenix_html, repo: "hexpm", optional: false]}, {:phoenix_template, "~> 1.0", [hex: :phoenix_template, repo: "hexpm", optional: false]}, {:phoenix_view, "~> 2.0", [hex: :phoenix_view, repo: "hexpm", optional: true]}, {:plug, "~> 1.15", [hex: :plug, repo: "hexpm", optional: false]}, {:telemetry, "~> 0.4.2 or ~> 1.0", [hex: :telemetry, repo: "hexpm", optional: false]}], "hexpm", "656810d716e3369545dd63981196a5d68b77fdb253afe02ef0c6fa14cfd8dc2b"},
release-candidate-full-proof	UNKNOWN STEP	2026-09-18T08:32:01.4249472Z     │   ~
release-candidate-full-proof	UNKNOWN STEP	2026-09-18T08:32:01.4249838Z     │
release-candidate-full-proof	UNKNOWN STEP	2026-09-18T08:32:01.4250217Z     └─ mix.lock:16:3
release-candidate-full-proof	UNKNOWN STEP	2026-09-18T08:32:01.4250452Z 
release-candidate-full-proof	UNKNOWN STEP	2026-09-18T08:32:01.4252069Z     warning: found quoted keyword "phoenix_pubsub" but the quotes are not required. Note that keywords are always atoms, even when quoted. Similar to atoms, keywords made exclusively of ASCII letters, numbers, and underscores and not beginning with a number do not require quotes
release-candidate-full-proof	UNKNOWN STEP	2026-09-18T08:32:01.4254183Z     │
release-candidate-full-proof	UNKNOWN STEP	2026-09-18T08:32:01.4255866Z  17 │   "phoenix_pubsub": {:hex, :phoenix_pubsub, "2.3.0", "03916bfbc31a5121945b3cfffe5aec647a5c97fe1dc172a319b94428562359c9", [:mix], [], "hexpm", "eec7be6e9cf02e2551d389b558402d6c637cd3973796326e7ba4bb03c6b2e91d"},
release-candidate-full-proof	UNKNOWN STEP	2026-09-18T08:32:01.4257669Z     │   ~
release-candidate-full-proof	UNKNOWN STEP	2026-09-18T08:32:01.4258005Z     │
release-candidate-full-proof	UNKNOWN STEP	2026-09-18T08:32:01.4258350Z     └─ mix.lock:17:3
release-candidate-full-proof	UNKNOWN STEP	2026-09-18T08:32:01.4258570Z 
release-candidate-full-proof	UNKNOWN STEP	2026-09-18T08:32:01.4260206Z     warning: found quoted keyword "phoenix_template" but the quotes are not required. Note that keywords are always atoms, even when quoted. Similar to atoms, keywords made exclusively of ASCII letters, numbers, and underscores and not beginning with a number do not require quotes
release-candidate-full-proof	UNKNOWN STEP	2026-09-18T08:32:01.4262163Z     │
release-candidate-full-proof	UNKNOWN STEP	2026-09-18T08:32:01.4264577Z  18 │   "phoenix_template": {:hex, :phoenix_template, "1.0.4", "e2092c132f3b5e5b2d49c96695342eb36d0ed514c5b252a77048d5969330d639", [:mix], [{:phoenix_html, "~> 2.14.2 or ~> 3.0 or ~> 4.0", [hex: :phoenix_html, repo: "hexpm", optional: true]}], "hexpm", "2c0c81f0e5c6753faf5cca2f229c9709919aba34fab866d3bc05060c9c444206"},
release-candidate-full-proof	UNKNOWN STEP	2026-09-18T08:32:01.4266548Z     │   ~
release-candidate-full-proof	UNKNOWN STEP	2026-09-18T08:32:01.4266844Z     │
release-candidate-full-proof	UNKNOWN STEP	2026-09-18T08:32:01.4267187Z     └─ mix.lock:18:3
release-candidate-full-proof	UNKNOWN STEP	2026-09-18T08:32:01.4267612Z 
release-candidate-full-proof	UNKNOWN STEP	2026-09-18T08:32:01.4269143Z     warning: found quoted keyword "plug" but the quotes are not required. Note that keywords are always atoms, even when quoted. Similar to atoms, keywords made exclusively of ASCII letters, numbers, and underscores and not beginning with a number do not require quotes
release-candidate-full-proof	UNKNOWN STEP	2026-09-18T08:32:01.4271027Z     │
release-candidate-full-proof	UNKNOWN STEP	2026-09-18T08:32:01.4274195Z  19 │   "plug": {:hex, :plug, "1.20.3", "56c480c633ec2ce10140e236e15233bf576e1d323887d7c96711bd02ab5160db", [:mix], [{:mime, "~> 1.0 or ~> 2.0", [hex: :mime, repo: "hexpm", optional: false]}, {:plug_crypto, "~> 1.1.1 or ~> 1.2 or ~> 2.0", [hex: :plug_crypto, repo: "hexpm", optional: false]}, {:telemetry, "~> 0.4.3 or ~> 1.0", [hex: :telemetry, repo: "hexpm", optional: false]}], "hexpm", "be266aee1b8536ef6409d58cf39a3121319f0ec47cfa1b24024485aa0e76ad76"},
release-candidate-full-proof	UNKNOWN STEP	2026-09-18T08:32:01.4276894Z     │   ~
release-candidate-full-proof	UNKNOWN STEP	2026-09-18T08:32:01.4277217Z     │
release-candidate-full-proof	UNKNOWN STEP	2026-09-18T08:32:01.4277580Z     └─ mix.lock:19:3
release-candidate-full-proof	UNKNOWN STEP	2026-09-18T08:32:01.4277807Z 
release-candidate-full-proof	UNKNOWN STEP	2026-09-18T08:32:01.4279412Z     warning: found quoted keyword "plug_crypto" but the quotes are not required. Note that keywords are always atoms, even when quoted. Similar to atoms, keywords made exclusively of ASCII letters, numbers, and underscores and not beginning with a number do not require quotes
release-candidate-full-proof	UNKNOWN STEP	2026-09-18T08:32:01.4281298Z     │
release-candidate-full-proof	UNKNOWN STEP	2026-09-18T08:32:01.4282889Z  20 │   "plug_crypto": {:hex, :plug_crypto, "2.2.0", "144014737daaf485407f5ed77daeaad74d651b216a28c87543f8cc7043f8efc8", [:mix], [], "hexpm", "83a95744ab1c75876542b6fab135fcc176280e0f301a111c1f757fddcec95d2c"},
release-candidate-full-proof	UNKNOWN STEP	2026-09-18T08:32:01.4284554Z     │   ~
release-candidate-full-proof	UNKNOWN STEP	2026-09-18T08:32:01.4284876Z     │
release-candidate-full-proof	UNKNOWN STEP	2026-09-18T08:32:01.4285234Z     └─ mix.lock:20:3
release-candidate-full-proof	UNKNOWN STEP	2026-09-18T08:32:01.4285458Z 
release-candidate-full-proof	UNKNOWN STEP	2026-09-18T08:32:01.4286830Z     warning: found quoted keyword "telemetry" but the quotes are not required. Note that keywords are always atoms, even when quoted. Similar to atoms, keywords made exclusively of ASCII letters, numbers, and underscores and not beginning with a number do not require quotes
release-candidate-full-proof	UNKNOWN STEP	2026-09-18T08:32:01.4287934Z     │
release-candidate-full-proof	UNKNOWN STEP	2026-09-18T08:32:01.4288836Z  21 │   "telemetry": {:hex, :telemetry, "1.4.2", "a0cb522801dffb1c49fe6e30561badffc7b6d0e180db1300df759faa22062855", [:rebar3], [], "hexpm", "928f6495066506077862c0d1646609eed891a4326bee3126ba54b60af61febb1"},
release-candidate-full-proof	UNKNOWN STEP	2026-09-18T08:32:01.4289669Z     │   ~
release-candidate-full-proof	UNKNOWN STEP	2026-09-18T08:32:01.4289863Z     │
release-candidate-full-proof	UNKNOWN STEP	2026-09-18T08:32:01.4290078Z     └─ mix.lock:21:3
release-candidate-full-proof	UNKNOWN STEP	2026-09-18T08:32:01.4290208Z 
release-candidate-full-proof	UNKNOWN STEP	2026-09-18T08:32:01.4291117Z     warning: found quoted keyword "telemetry_metrics" but the quotes are not required. Note that keywords are always atoms, even when quoted. Similar to atoms, keywords made exclusively of ASCII letters, numbers, and underscores and not beginning with a number do not require quotes
release-candidate-full-proof	UNKNOWN STEP	2026-09-18T08:32:01.4292190Z     │
release-candidate-full-proof	UNKNOWN STEP	2026-09-18T08:32:01.4293741Z  22 │   "telemetry_metrics": {:hex, :telemetry_metrics, "1.2.0", "7632c19c01d88d8aaca5da1a0e8912f5af39b79e7c08a2c253aeb3c14c2c957e", [:mix], [{:telemetry, "~> 0.4 or ~> 1.0", [hex: :telemetry, repo: "hexpm", optional: false]}], "hexpm", "71dde12fc29b58b9c77ec17ec319109e5ca848d010fc1965ed4463bba1837c07"},
release-candidate-full-proof	UNKNOWN STEP	2026-09-18T08:32:01.4295110Z     │   ~
release-candidate-full-proof	UNKNOWN STEP	2026-09-18T08:32:01.4295303Z     │
release-candidate-full-proof	UNKNOWN STEP	2026-09-18T08:32:01.4295528Z     └─ mix.lock:22:3
release-candidate-full-proof	UNKNOWN STEP	2026-09-18T08:32:01.4295659Z 
release-candidate-full-proof	UNKNOWN STEP	2026-09-18T08:32:01.4296567Z     warning: found quoted keyword "telemetry_poller" but the quotes are not required. Note that keywords are always atoms, even when quoted. Similar to atoms, keywords made exclusively of ASCII letters, numbers, and underscores and not beginning with a number do not require quotes
release-candidate-full-proof	UNKNOWN STEP	2026-09-18T08:32:01.4297632Z     │
release-candidate-full-proof	UNKNOWN STEP	2026-09-18T08:32:01.4298833Z  23 │   "telemetry_poller": {:hex, :telemetry_poller, "1.3.0", "d5c46420126b5ac2d72bc6580fb4f537d35e851cc0f8dbd571acf6d6e10f5ec7", [:rebar3], [{:telemetry, "~> 1.0", [hex: :telemetry, repo: "hexpm", optional: false]}], "hexpm", "51f18bed7128544a50f75897db9974436ea9bfba560420b646af27a9a9b35211"},
release-candidate-full-proof	UNKNOWN STEP	2026-09-18T08:32:01.4299906Z     │   ~
release-candidate-full-proof	UNKNOWN STEP	2026-09-18T08:32:01.4300089Z     │
release-candidate-full-proof	UNKNOWN STEP	2026-09-18T08:32:01.4300304Z     └─ mix.lock:23:3
release-candidate-full-proof	UNKNOWN STEP	2026-09-18T08:32:01.4300560Z 
release-candidate-full-proof	UNKNOWN STEP	2026-09-18T08:32:01.4301462Z     warning: found quoted keyword "thousand_island" but the quotes are not required. Note that keywords are always atoms, even when quoted. Similar to atoms, keywords made exclusively of ASCII letters, numbers, and underscores and not beginning with a number do not require quotes
release-candidate-full-proof	UNKNOWN STEP	2026-09-18T08:32:01.4302517Z     │
release-candidate-full-proof	UNKNOWN STEP	2026-09-18T08:32:01.4303969Z  24 │   "thousand_island": {:hex, :thousand_island, "1.5.0", "f50a213cac97262b6d5ebb85745aa2c00fec1413191e6e66834788d45425cecb", [:mix], [{:telemetry, "~> 0.4 or ~> 1.0", [hex: :telemetry, repo: "hexpm", optional: false]}], "hexpm", "708923d40523e43cf99041ab37a0d4b0ec426ac6438fa3716ab23d919eaeb412"},
release-candidate-full-proof	UNKNOWN STEP	2026-09-18T08:32:01.4305078Z     │   ~
release-candidate-full-proof	UNKNOWN STEP	2026-09-18T08:32:01.4305264Z     │
release-candidate-full-proof	UNKNOWN STEP	2026-09-18T08:32:01.4305482Z     └─ mix.lock:24:3
release-candidate-full-proof	UNKNOWN STEP	2026-09-18T08:32:01.4305609Z 
release-candidate-full-proof	UNKNOWN STEP	2026-09-18T08:32:01.4306485Z     warning: found quoted keyword "websock" but the quotes are not required. Note that keywords are always atoms, even when quoted. Similar to atoms, keywords made exclusively of ASCII letters, numbers, and underscores and not beginning with a number do not require quotes
release-candidate-full-proof	UNKNOWN STEP	2026-09-18T08:32:01.4307521Z     │
release-candidate-full-proof	UNKNOWN STEP	2026-09-18T08:32:01.4308378Z  25 │   "websock": {:hex, :websock, "0.5.3", "2f69a6ebe810328555b6fe5c831a851f485e303a7c8ce6c5f675abeb20ebdadc", [:mix], [], "hexpm", "6105453d7fac22c712ad66fab1d45abdf049868f253cf719b625151460b8b453"},
release-candidate-full-proof	UNKNOWN STEP	2026-09-18T08:32:01.4309160Z     │   ~
release-candidate-full-proof	UNKNOWN STEP	2026-09-18T08:32:01.4309340Z     │
release-candidate-full-proof	UNKNOWN STEP	2026-09-18T08:32:01.4309557Z     └─ mix.lock:25:3
release-candidate-full-proof	UNKNOWN STEP	2026-09-18T08:32:01.4309682Z 
release-candidate-full-proof	UNKNOWN STEP	2026-09-18T08:32:01.4310585Z     warning: found quoted keyword "websock_adapter" but the quotes are not required. Note that keywords are always atoms, even when quoted. Similar to atoms, keywords made exclusively of ASCII letters, numbers, and underscores and not beginning with a number do not require quotes
release-candidate-full-proof	UNKNOWN STEP	2026-09-18T08:32:01.4311639Z     │
release-candidate-full-proof	UNKNOWN STEP	2026-09-18T08:32:01.4313851Z  26 │   "websock_adapter": {:hex, :websock_adapter, "0.6.0", "73db5ab8aaefd1a876a97ce3e6afc96562625de69ef17a4e04426e034849d0b8", [:mix], [{:bandit, ">= 0.6.0", [hex: :bandit, repo: "hexpm", optional: true]}, {:plug, "~> 1.14", [hex: :plug, repo: "hexpm", optional: false]}, {:plug_cowboy, "~> 2.6", [hex: :plug_cowboy, repo: "hexpm", optional: true]}, {:websock, "~> 0.5", [hex: :websock, repo: "hexpm", optional: false]}], "hexpm", "50021a85bce8f203b086705d9e0c5415e2c7eb05d319111b0428fe71f9934617"},
release-candidate-full-proof	UNKNOWN STEP	2026-09-18T08:32:01.4315519Z     │   ~
release-candidate-full-proof	UNKNOWN STEP	2026-09-18T08:32:01.4315703Z     │
release-candidate-full-proof	UNKNOWN STEP	2026-09-18T08:32:01.4315917Z     └─ mix.lock:26:3
release-candidate-full-proof	UNKNOWN STEP	2026-09-18T08:32:01.4316044Z 
release-candidate-full-proof	UNKNOWN STEP	2026-09-18T08:32:01.4395111Z [crosswake] source_mode=candidate-local profile=threadline install=2 step=generate
release-candidate-full-proof	UNKNOWN STEP	2026-09-18T08:32:01.9293880Z hint: Using 'master' as the name for the initial branch. This default branch name
release-candidate-full-proof	UNKNOWN STEP	2026-09-18T08:32:01.9294527Z hint: will change to "main" in Git 3.0. To configure the initial branch name
release-candidate-full-proof	UNKNOWN STEP	2026-09-18T08:32:01.9295095Z hint: to use in all of your new repositories, which will suppress this warning,
release-candidate-full-proof	UNKNOWN STEP	2026-09-18T08:32:01.9295702Z hint: call:
release-candidate-full-proof	UNKNOWN STEP	2026-09-18T08:32:01.9296321Z hint:
release-candidate-full-proof	UNKNOWN STEP	2026-09-18T08:32:01.9296760Z hint: 	git config --global init.defaultBranch <name>
release-candidate-full-proof	UNKNOWN STEP	2026-09-18T08:32:01.9297272Z hint:
release-candidate-full-proof	UNKNOWN STEP	2026-09-18T08:32:01.9297806Z hint: Names commonly chosen instead of 'master' are 'main', 'trunk' and
release-candidate-full-proof	UNKNOWN STEP	2026-09-18T08:32:01.9298804Z hint: 'development'. The just-created branch can be renamed via this command:
release-candidate-full-proof	UNKNOWN STEP	2026-09-18T08:32:01.9299541Z hint:
release-candidate-full-proof	UNKNOWN STEP	2026-09-18T08:32:01.9299936Z hint: 	git branch -m <name>
release-candidate-full-proof	UNKNOWN STEP	2026-09-18T08:32:01.9300321Z hint:
release-candidate-full-proof	UNKNOWN STEP	2026-09-18T08:32:01.9300903Z hint: Disable this message with "git config set advice.defaultBranchName false"
release-candidate-full-proof	UNKNOWN STEP	2026-09-18T08:32:30.8429044Z     warning: found quoted keyword "bandit" but the quotes are not required. Note that keywords are always atoms, even when quoted. Similar to atoms, keywords made exclusively of ASCII letters, numbers, and underscores and not beginning with a number do not require quotes
release-candidate-full-proof	UNKNOWN STEP	2026-09-18T08:32:30.8431054Z     │
release-candidate-full-proof	UNKNOWN STEP	2026-09-18T08:32:30.8433953Z   2 │   "bandit": {:hex, :bandit, "1.12.5", "af205a8e550f304caae09a97d29fd3c79a7f337526ea7cd772d2ff11d2f7c800", [:mix], [{:hpax, "~> 1.0", [hex: :hpax, repo: "hexpm", optional: false]}, {:plug, "~> 1.18", [hex: :plug, repo: "hexpm", optional: false]}, {:telemetry, "~> 0.4 or ~> 1.0", [hex: :telemetry, repo: "hexpm", optional: false]}, {:thousand_island, "~> 1.5", [hex: :thousand_island, repo: "hexpm", optional: false]}, {:websock, "~> 0.5", [hex: :websock, repo: "hexpm", optional: false]}], "hexpm", "c5684ca062fa407cac115aec3256383f3e2ec9fdced7904d59cf5a7bb7ed6181"},
release-candidate-full-proof	UNKNOWN STEP	2026-09-18T08:32:30.8436878Z     │   ~
release-candidate-full-proof	UNKNOWN STEP	2026-09-18T08:32:30.8437088Z     │
release-candidate-full-proof	UNKNOWN STEP	2026-09-18T08:32:30.8437318Z     └─ mix.lock:2:3
release-candidate-full-proof	UNKNOWN STEP	2026-09-18T08:32:30.8437459Z 
release-candidate-full-proof	UNKNOWN STEP	2026-09-18T08:32:30.8441361Z     warning: found quoted keyword "cc_precompiler" but the quotes are not required. Note that keywords are always atoms, even when quoted. Similar to atoms, keywords made exclusively of ASCII letters, numbers, and underscores and not beginning with a number do not require quotes
release-candidate-full-proof	UNKNOWN STEP	2026-09-18T08:32:30.8443210Z     │
release-candidate-full-proof	UNKNOWN STEP	2026-09-18T08:32:30.8444881Z   3 │   "cc_precompiler": {:hex, :cc_precompiler, "0.1.11", "8c844d0b9fb98a3edea067f94f616b3f6b29b959b6b3bf25fee94ffe34364768", [:mix], [{:elixir_make, "~> 0.7", [hex: :elixir_make, repo: "hexpm", optional: false]}], "hexpm", "3427232caf0835f94680e5bcf082408a70b48ad68a5f5c0b02a3bea9f3a075b9"},
release-candidate-full-proof	UNKNOWN STEP	2026-09-18T08:32:30.8445973Z     │   ~
release-candidate-full-proof	UNKNOWN STEP	2026-09-18T08:32:30.8446171Z     │
release-candidate-full-proof	UNKNOWN STEP	2026-09-18T08:32:30.8446390Z     └─ mix.lock:3:3
release-candidate-full-proof	UNKNOWN STEP	2026-09-18T08:32:30.8446527Z 
release-candidate-full-proof	UNKNOWN STEP	2026-09-18T08:32:30.8450523Z     warning: found quoted keyword "dns_cluster" but the quotes are not required. Note that keywords are always atoms, even when quoted. Similar to atoms, keywords made exclusively of ASCII letters, numbers, and underscores and not beginning with a number do not require quotes
release-candidate-full-proof	UNKNOWN STEP	2026-09-18T08:32:30.8452361Z     │
release-candidate-full-proof	UNKNOWN STEP	2026-09-18T08:32:30.8454047Z   4 │   "dns_cluster": {:hex, :dns_cluster, "0.2.0", "aa8eb46e3bd0326bd67b84790c561733b25c5ba2fe3c7e36f28e88f384ebcb33", [:mix], [], "hexpm", "ba6f1893411c69c01b9e8e8f772062535a4cf70f3f35bcc964a324078d8c8240"},
release-candidate-full-proof	UNKNOWN STEP	2026-09-18T08:32:30.8455647Z     │   ~
release-candidate-full-proof	UNKNOWN STEP	2026-09-18T08:32:30.8455973Z     │
release-candidate-full-proof	UNKNOWN STEP	2026-09-18T08:32:30.8456340Z     └─ mix.lock:4:3
release-candidate-full-proof	UNKNOWN STEP	2026-09-18T08:32:30.8456579Z 
release-candidate-full-proof	UNKNOWN STEP	2026-09-18T08:32:30.8458168Z     warning: found quoted keyword "elixir_make" but the quotes are not required. Note that keywords are always atoms, even when quoted. Similar to atoms, keywords made exclusively of ASCII letters, numbers, and underscores and not beginning with a number do not require quotes
release-candidate-full-proof	UNKNOWN STEP	2026-09-18T08:32:30.8459995Z     │
release-candidate-full-proof	UNKNOWN STEP	2026-09-18T08:32:30.8461576Z   5 │   "elixir_make": {:hex, :elixir_make, "0.10.0", "16577e2583a79bb79237bbff349619ef5d80afffc07eac6e4faf0d00e2ddaf7d", [:mix], [], "hexpm", "dc1f09fb7fa68866b886abd5f0f3c83553b1a19a52359a899e92af1bb3b31982"},
release-candidate-full-proof	UNKNOWN STEP	2026-09-18T08:32:30.8463024Z     │   ~
release-candidate-full-proof	UNKNOWN STEP	2026-09-18T08:32:30.8463562Z     │
release-candidate-full-proof	UNKNOWN STEP	2026-09-18T08:32:30.8463970Z     └─ mix.lock:5:3
release-candidate-full-proof	UNKNOWN STEP	2026-09-18T08:32:30.8464195Z 
release-candidate-full-proof	UNKNOWN STEP	2026-09-18T08:32:30.8465717Z     warning: found quoted keyword "file_system" but the quotes are not required. Note that keywords are always atoms, even when quoted. Similar to atoms, keywords made exclusively of ASCII letters, numbers, and underscores and not beginning with a number do not require quotes
release-candidate-full-proof	UNKNOWN STEP	2026-09-18T08:32:30.8467967Z     │
release-candidate-full-proof	UNKNOWN STEP	2026-09-18T08:32:30.8469526Z   6 │   "file_system": {:hex, :file_system, "1.1.1", "31864f4685b0148f25bd3fbef2b1228457c0c89024ad67f7a81a3ffbc0bbad3a", [:mix], [], "hexpm", "7a15ff97dfe526aeefb090a7a9d3d03aa907e100e262a0f8f7746b78f8f87a5d"},
release-candidate-full-proof	UNKNOWN STEP	2026-09-18T08:32:30.8470960Z     │   ~
release-candidate-full-proof	UNKNOWN STEP	2026-09-18T08:32:30.8471278Z     │
release-candidate-full-proof	UNKNOWN STEP	2026-09-18T08:32:30.8471635Z     └─ mix.lock:6:3
release-candidate-full-proof	UNKNOWN STEP	2026-09-18T08:32:30.8471851Z 
release-candidate-full-proof	UNKNOWN STEP	2026-09-18T08:32:30.8473534Z     warning: found quoted keyword "fine" but the quotes are not required. Note that keywords are always atoms, even when quoted. Similar to atoms, keywords made exclusively of ASCII letters, numbers, and underscores and not beginning with a number do not require quotes
release-candidate-full-proof	UNKNOWN STEP	2026-09-18T08:32:30.8475331Z     │
release-candidate-full-proof	UNKNOWN STEP	2026-09-18T08:32:30.8476993Z   7 │   "fine": {:hex, :fine, "0.1.6", "4bf7151493443c454aac9f2fa2f34f5fefd0346a83fb5586a016c4a135c63247", [:mix], [], "hexpm", "5638eb4495488e885ebec167fa57973e5c35e1a50c344eb7666c90ec1c4e3b12"},
release-candidate-full-proof	UNKNOWN STEP	2026-09-18T08:32:30.8478347Z     │   ~
release-candidate-full-proof	UNKNOWN STEP	2026-09-18T08:32:30.8478668Z     │
release-candidate-full-proof	UNKNOWN STEP	2026-09-18T08:32:30.8479021Z     └─ mix.lock:7:3
release-candidate-full-proof	UNKNOWN STEP	2026-09-18T08:32:30.8479234Z 
release-candidate-full-proof	UNKNOWN STEP	2026-09-18T08:32:30.8480716Z     warning: found quoted keyword "hpax" but the quotes are not required. Note that keywords are always atoms, even when quoted. Similar to atoms, keywords made exclusively of ASCII letters, numbers, and underscores and not beginning with a number do not require quotes
release-candidate-full-proof	UNKNOWN STEP	2026-09-18T08:32:30.8482455Z     │
release-candidate-full-proof	UNKNOWN STEP	2026-09-18T08:32:30.8484081Z   8 │   "hpax": {:hex, :hpax, "1.0.4", "777de5d433b0fbdc7c418159c8055910faa8047ffdb3d6b31098d2a46cd7685c", [:mix], [], "hexpm", "afc7cb142ebcc2d01ce7816190b98ce5dd49e799111b24249f3443d730f377ca"},
release-candidate-full-proof	UNKNOWN STEP	2026-09-18T08:32:30.8485409Z     │   ~
release-candidate-full-proof	UNKNOWN STEP	2026-09-18T08:32:30.8485713Z     │
release-candidate-full-proof	UNKNOWN STEP	2026-09-18T08:32:30.8486050Z     └─ mix.lock:8:3
release-candidate-full-proof	UNKNOWN STEP	2026-09-18T08:32:30.8486266Z 
release-candidate-full-proof	UNKNOWN STEP	2026-09-18T08:32:30.8489804Z     warning: found quoted keyword "jason" but the quotes are not required. Note that keywords are always atoms, even when quoted. Similar to atoms, keywords made exclusively of ASCII letters, numbers, and underscores and not beginning with a number do not require quotes
release-candidate-full-proof	UNKNOWN STEP	2026-09-18T08:32:30.8491631Z     │
release-candidate-full-proof	UNKNOWN STEP	2026-09-18T08:32:30.8493840Z   9 │   "jason": {:hex, :jason, "1.4.5", "2e3a008590b0b8d7388c20293e9dcc9cf3e5d642fd2a114e4cbbb52e595d940a", [:mix], [{:decimal, "~> 1.0 or ~> 2.0 or ~> 3.0", [hex: :decimal, repo: "hexpm", optional: true]}], "hexpm", "b0c823996102bcd0239b3c2444eb00409b72f6a140c1950bc8b457d836b30684"},
release-candidate-full-proof	UNKNOWN STEP	2026-09-18T08:32:30.8495579Z     │   ~
release-candidate-full-proof	UNKNOWN STEP	2026-09-18T08:32:30.8495895Z     │
release-candidate-full-proof	UNKNOWN STEP	2026-09-18T08:32:30.8496250Z     └─ mix.lock:9:3
release-candidate-full-proof	UNKNOWN STEP	2026-09-18T08:32:30.8496458Z 
release-candidate-full-proof	UNKNOWN STEP	2026-09-18T08:32:30.8498002Z     warning: found quoted keyword "lazy_html" but the quotes are not required. Note that keywords are always atoms, even when quoted. Similar to atoms, keywords made exclusively of ASCII letters, numbers, and underscores and not beginning with a number do not require quotes
release-candidate-full-proof	UNKNOWN STEP	2026-09-18T08:32:30.8499773Z     │
release-candidate-full-proof	UNKNOWN STEP	2026-09-18T08:32:30.8502648Z  10 │   "lazy_html": {:hex, :lazy_html, "0.1.12", "31a55ee622918fce988c94b06232227b42daa64e4eab14ac32081d0f3fd8db6f", [:make, :mix], [{:cc_precompiler, "~> 0.1", [hex: :cc_precompiler, repo: "hexpm", optional: false]}, {:elixir_make, "~> 0.9", [hex: :elixir_make, repo: "hexpm", optional: false]}, {:fine, "~> 0.1.0", [hex: :fine, repo: "hexpm", optional: false]}], "hexpm", "8a0da594776caee58782c6f93b2abaa5bdb809daf8d43351a561f7de9dc2e2a8"},
release-candidate-full-proof	UNKNOWN STEP	2026-09-18T08:32:30.8505812Z     │   ~
release-candidate-full-proof	UNKNOWN STEP	2026-09-18T08:32:30.8506124Z     │
release-candidate-full-proof	UNKNOWN STEP	2026-09-18T08:32:30.8506485Z     └─ mix.lock:10:3
release-candidate-full-proof	UNKNOWN STEP	2026-09-18T08:32:30.8506720Z 
release-candidate-full-proof	UNKNOWN STEP	2026-09-18T08:32:30.8508195Z     warning: found quoted keyword "mime" but the quotes are not required. Note that keywords are always atoms, even when quoted. Similar to atoms, keywords made exclusively of ASCII letters, numbers, and underscores and not beginning with a number do not require quotes
release-candidate-full-proof	UNKNOWN STEP	2026-09-18T08:32:30.8510176Z     │
release-candidate-full-proof	UNKNOWN STEP	2026-09-18T08:32:30.8511590Z  11 │   "mime": {:hex, :mime, "2.0.7", "b8d739037be7cd402aee1ba0306edfdef982687ee7e9859bee6198c1e7e2f128", [:mix], [], "hexpm", "6171188e399ee16023ffc5b76ce445eb6d9672e2e241d2df6050f3c771e80ccd"},
release-candidate-full-proof	UNKNOWN STEP	2026-09-18T08:32:30.8512903Z     │   ~
release-candidate-full-proof	UNKNOWN STEP	2026-09-18T08:32:30.8513207Z     │
release-candidate-full-proof	UNKNOWN STEP	2026-09-18T08:32:30.8513764Z     └─ mix.lock:11:3
release-candidate-full-proof	UNKNOWN STEP	2026-09-18T08:32:30.8513984Z 
release-candidate-full-proof	UNKNOWN STEP	2026-09-18T08:32:30.8515500Z     warning: found quoted keyword "nimble_options" but the quotes are not required. Note that keywords are always atoms, even when quoted. Similar to atoms, keywords made exclusively of ASCII letters, numbers, and underscores and not beginning with a number do not require quotes
release-candidate-full-proof	UNKNOWN STEP	2026-09-18T08:32:30.8517320Z     │
release-candidate-full-proof	UNKNOWN STEP	2026-09-18T08:32:30.8519069Z  12 │   "nimble_options": {:hex, :nimble_options, "1.1.1", "e3a492d54d85fc3fd7c5baf411d9d2852922f66e69476317787a7b2bb000a61b", [:mix], [], "hexpm", "821b2470ca9442c4b6984882fe9bb0389371b8ddec4d45a9504f00a66f650b44"},
release-candidate-full-proof	UNKNOWN STEP	2026-09-18T08:32:30.8520522Z     │   ~
release-candidate-full-proof	UNKNOWN STEP	2026-09-18T08:32:30.8520829Z     │
release-candidate-full-proof	UNKNOWN STEP	2026-09-18T08:32:30.8521170Z     └─ mix.lock:12:3
release-candidate-full-proof	UNKNOWN STEP	2026-09-18T08:32:30.8521384Z 
release-candidate-full-proof	UNKNOWN STEP	2026-09-18T08:32:30.8522854Z     warning: found quoted keyword "phoenix" but the quotes are not required. Note that keywords are always atoms, even when quoted. Similar to atoms, keywords made exclusively of ASCII letters, numbers, and underscores and not beginning with a number do not require quotes
release-candidate-full-proof	UNKNOWN STEP	2026-09-18T08:32:30.8524895Z     │
release-candidate-full-proof	UNKNOWN STEP	2026-09-18T08:32:30.8530911Z  13 │   "phoenix": {:hex, :phoenix, "1.8.14", "9279cbbcd755ac8d5f42d206915e7df13b9ab49096b98114f1c99ff908e5b42e", [:mix], [{:bandit, "~> 1.0", [hex: :bandit, repo: "hexpm", optional: true]}, {:jason, "~> 1.0", [hex: :jason, repo: "hexpm", optional: true]}, {:phoenix_pubsub, "~> 2.1", [hex: :phoenix_pubsub, repo: "hexpm", optional: false]}, {:phoenix_template, "~> 1.0", [hex: :phoenix_template, repo: "hexpm", optional: false]}, {:phoenix_view, "~> 2.0", [hex: :phoenix_view, repo: "hexpm", optional: true]}, {:plug, "~> 1.14", [hex: :plug, repo: "hexpm", optional: false]}, {:plug_cowboy, "~> 2.7", [hex: :plug_cowboy, repo: "hexpm", optional: true]}, {:plug_crypto, "~> 2.2", [hex: :plug_crypto, repo: "hexpm", optional: false]}, {:telemetry, "~> 0.4 or ~> 1.0", [hex: :telemetry, repo: "hexpm", optional: false]}, {:websock_adapter, "~> 0.5", [hex: :websock_adapter, repo: "hexpm", optional: false]}], "hexpm", "2782ff375824b2b5e41561fbae4764ee7b875af6898483bca49f24a9d1e37816"},
release-candidate-full-proof	UNKNOWN STEP	2026-09-18T08:32:30.8536406Z     │   ~
release-candidate-full-proof	UNKNOWN STEP	2026-09-18T08:32:30.8536722Z     │
release-candidate-full-proof	UNKNOWN STEP	2026-09-18T08:32:30.8537073Z     └─ mix.lock:13:3
release-candidate-full-proof	UNKNOWN STEP	2026-09-18T08:32:30.8537294Z 
release-candidate-full-proof	UNKNOWN STEP	2026-09-18T08:32:30.8538819Z     warning: found quoted keyword "phoenix_html" but the quotes are not required. Note that keywords are always atoms, even when quoted. Similar to atoms, keywords made exclusively of ASCII letters, numbers, and underscores and not beginning with a number do not require quotes
release-candidate-full-proof	UNKNOWN STEP	2026-09-18T08:32:30.8540608Z     │
release-candidate-full-proof	UNKNOWN STEP	2026-09-18T08:32:30.8542153Z  14 │   "phoenix_html": {:hex, :phoenix_html, "4.3.0", "d3577a5df4b6954cd7890c84d955c470b5310bb49647f0a114a6eeecc850f7ad", [:mix], [], "hexpm", "3eaa290a78bab0f075f791a46a981bbe769d94bc776869f4f3063a14f30497ad"},
release-candidate-full-proof	UNKNOWN STEP	2026-09-18T08:32:30.8543800Z     │   ~
release-candidate-full-proof	UNKNOWN STEP	2026-09-18T08:32:30.8544107Z     │
release-candidate-full-proof	UNKNOWN STEP	2026-09-18T08:32:30.8544464Z     └─ mix.lock:14:3
release-candidate-full-proof	UNKNOWN STEP	2026-09-18T08:32:30.8544680Z 
release-candidate-full-proof	UNKNOWN STEP	2026-09-18T08:32:30.8546243Z     warning: found quoted keyword "phoenix_live_reload" but the quotes are not required. Note that keywords are always atoms, even when quoted. Similar to atoms, keywords made exclusively of ASCII letters, numbers, and underscores and not beginning with a number do not require quotes
release-candidate-full-proof	UNKNOWN STEP	2026-09-18T08:32:30.8547392Z     │
release-candidate-full-proof	UNKNOWN STEP	2026-09-18T08:32:30.8550079Z  15 │   "phoenix_live_reload": {:hex, :phoenix_live_reload, "1.7.0", "fb1e429f6d8778ce3a6962debdc5e555428a05a6e7b058d6dbad13d281a2c31f", [:mix], [{:file_system, "~> 0.2.10 or ~> 1.0", [hex: :file_system, repo: "hexpm", optional: false]}, {:phoenix, "~> 1.4", [hex: :phoenix, repo: "hexpm", optional: false]}], "hexpm", "dc9f44271aa6fc4ab7797f2aa374ba096ef2c87520586280eb095626b7387a68"},
release-candidate-full-proof	UNKNOWN STEP	2026-09-18T08:32:30.8552629Z     │   ~
release-candidate-full-proof	UNKNOWN STEP	2026-09-18T08:32:30.8552938Z     │
release-candidate-full-proof	UNKNOWN STEP	2026-09-18T08:32:30.8553477Z     └─ mix.lock:15:3
release-candidate-full-proof	UNKNOWN STEP	2026-09-18T08:32:30.8553726Z 
release-candidate-full-proof	UNKNOWN STEP	2026-09-18T08:32:30.8555277Z     warning: found quoted keyword "phoenix_live_view" but the quotes are not required. Note that keywords are always atoms, even when quoted. Similar to atoms, keywords made exclusively of ASCII letters, numbers, and underscores and not beginning with a number do not require quotes
release-candidate-full-proof	UNKNOWN STEP	2026-09-18T08:32:30.8557106Z     │
release-candidate-full-proof	UNKNOWN STEP	2026-09-18T08:32:30.8561257Z  16 │   "phoenix_live_view": {:hex, :phoenix_live_view, "1.2.12", "35848150bbab579e9d0aff79525269d7c0801a4f61232b84f635c11222cee88f", [:mix], [{:igniter, ">= 0.6.16 and < 1.0.0-0", [hex: :igniter, repo: "hexpm", optional: true]}, {:jason, "~> 1.0", [hex: :jason, repo: "hexpm", optional: true]}, {:lazy_html, "~> 0.1.0", [hex: :lazy_html, repo: "hexpm", optional: true]}, {:phoenix, "~> 1.6.15 or ~> 1.7.0 or ~> 1.8.0", [hex: :phoenix, repo: "hexpm", optional: false]}, {:phoenix_html, "~> 3.3 or ~> 4.0", [hex: :phoenix_html, repo: "hexpm", optional: false]}, {:phoenix_template, "~> 1.0", [hex: :phoenix_template, repo: "hexpm", optional: false]}, {:phoenix_view, "~> 2.0", [hex: :phoenix_view, repo: "hexpm", optional: true]}, {:plug, "~> 1.15", [hex: :plug, repo: "hexpm", optional: false]}, {:telemetry, "~> 0.4.2 or ~> 1.0", [hex: :telemetry, repo: "hexpm", optional: false]}], "hexpm", "656810d716e3369545dd63981196a5d68b77fdb253afe02ef0c6fa14cfd8dc2b"},
release-candidate-full-proof	UNKNOWN STEP	2026-09-18T08:32:30.8564502Z     │   ~
release-candidate-full-proof	UNKNOWN STEP	2026-09-18T08:32:30.8564698Z     │
release-candidate-full-proof	UNKNOWN STEP	2026-09-18T08:32:30.8564917Z     └─ mix.lock:16:3
release-candidate-full-proof	UNKNOWN STEP	2026-09-18T08:32:30.8565049Z 
release-candidate-full-proof	UNKNOWN STEP	2026-09-18T08:32:30.8565976Z     warning: found quoted keyword "phoenix_pubsub" but the quotes are not required. Note that keywords are always atoms, even when quoted. Similar to atoms, keywords made exclusively of ASCII letters, numbers, and underscores and not beginning with a number do not require quotes
release-candidate-full-proof	UNKNOWN STEP	2026-09-18T08:32:30.8567058Z     │
release-candidate-full-proof	UNKNOWN STEP	2026-09-18T08:32:30.8568006Z  17 │   "phoenix_pubsub": {:hex, :phoenix_pubsub, "2.3.0", "03916bfbc31a5121945b3cfffe5aec647a5c97fe1dc172a319b94428562359c9", [:mix], [], "hexpm", "eec7be6e9cf02e2551d389b558402d6c637cd3973796326e7ba4bb03c6b2e91d"},
release-candidate-full-proof	UNKNOWN STEP	2026-09-18T08:32:30.8569066Z     │   ~
release-candidate-full-proof	UNKNOWN STEP	2026-09-18T08:32:30.8569433Z     │
release-candidate-full-proof	UNKNOWN STEP	2026-09-18T08:32:30.8569807Z     └─ mix.lock:17:3
release-candidate-full-proof	UNKNOWN STEP	2026-09-18T08:32:30.8570045Z 
release-candidate-full-proof	UNKNOWN STEP	2026-09-18T08:32:30.8571570Z     warning: found quoted keyword "phoenix_template" but the quotes are not required. Note that keywords are always atoms, even when quoted. Similar to atoms, keywords made exclusively of ASCII letters, numbers, and underscores and not beginning with a number do not require quotes
release-candidate-full-proof	UNKNOWN STEP	2026-09-18T08:32:30.8573540Z     │
release-candidate-full-proof	UNKNOWN STEP	2026-09-18T08:32:30.8574936Z  18 │   "phoenix_template": {:hex, :phoenix_template, "1.0.4", "e2092c132f3b5e5b2d49c96695342eb36d0ed514c5b252a77048d5969330d639", [:mix], [{:phoenix_html, "~> 2.14.2 or ~> 3.0 or ~> 4.0", [hex: :phoenix_html, repo: "hexpm", optional: true]}], "hexpm", "2c0c81f0e5c6753faf5cca2f229c9709919aba34fab866d3bc05060c9c444206"},
release-candidate-full-proof	UNKNOWN STEP	2026-09-18T08:32:30.8576089Z     │   ~
release-candidate-full-proof	UNKNOWN STEP	2026-09-18T08:32:30.8576283Z     │
release-candidate-full-proof	UNKNOWN STEP	2026-09-18T08:32:30.8576496Z     └─ mix.lock:18:3
release-candidate-full-proof	UNKNOWN STEP	2026-09-18T08:32:30.8576629Z 
release-candidate-full-proof	UNKNOWN STEP	2026-09-18T08:32:30.8577487Z     warning: found quoted keyword "plug" but the quotes are not required. Note that keywords are always atoms, even when quoted. Similar to atoms, keywords made exclusively of ASCII letters, numbers, and underscores and not beginning with a number do not require quotes
release-candidate-full-proof	UNKNOWN STEP	2026-09-18T08:32:30.8578585Z     │
release-candidate-full-proof	UNKNOWN STEP	2026-09-18T08:32:30.8581532Z  19 │   "plug": {:hex, :plug, "1.20.3", "56c480c633ec2ce10140e236e15233bf576e1d323887d7c96711bd02ab5160db", [:mix], [{:mime, "~> 1.0 or ~> 2.0", [hex: :mime, repo: "hexpm", optional: false]}, {:plug_crypto, "~> 1.1.1 or ~> 1.2 or ~> 2.0", [hex: :plug_crypto, repo: "hexpm", optional: false]}, {:telemetry, "~> 0.4.3 or ~> 1.0", [hex: :telemetry, repo: "hexpm", optional: false]}], "hexpm", "be266aee1b8536ef6409d58cf39a3121319f0ec47cfa1b24024485aa0e76ad76"},
release-candidate-full-proof	UNKNOWN STEP	2026-09-18T08:32:30.8583949Z     │   ~
release-candidate-full-proof	UNKNOWN STEP	2026-09-18T08:32:30.8584148Z     │
release-candidate-full-proof	UNKNOWN STEP	2026-09-18T08:32:30.8584361Z     └─ mix.lock:19:3
release-candidate-full-proof	UNKNOWN STEP	2026-09-18T08:32:30.8584494Z 
release-candidate-full-proof	UNKNOWN STEP	2026-09-18T08:32:30.8585669Z     warning: found quoted keyword "plug_crypto" but the quotes are not required. Note that keywords are always atoms, even when quoted. Similar to atoms, keywords made exclusively of ASCII letters, numbers, and underscores and not beginning with a number do not require quotes
release-candidate-full-proof	UNKNOWN STEP	2026-09-18T08:32:30.8587486Z     │
release-candidate-full-proof	UNKNOWN STEP	2026-09-18T08:32:30.8588980Z  20 │   "plug_crypto": {:hex, :plug_crypto, "2.2.0", "144014737daaf485407f5ed77daeaad74d651b216a28c87543f8cc7043f8efc8", [:mix], [], "hexpm", "83a95744ab1c75876542b6fab135fcc176280e0f301a111c1f757fddcec95d2c"},
release-candidate-full-proof	UNKNOWN STEP	2026-09-18T08:32:30.8590440Z     │   ~
release-candidate-full-proof	UNKNOWN STEP	2026-09-18T08:32:30.8590782Z     │
release-candidate-full-proof	UNKNOWN STEP	2026-09-18T08:32:30.8591165Z     └─ mix.lock:20:3
release-candidate-full-proof	UNKNOWN STEP	2026-09-18T08:32:30.8591409Z 
release-candidate-full-proof	UNKNOWN STEP	2026-09-18T08:32:30.8593234Z     warning: found quoted keyword "telemetry" but the quotes are not required. Note that keywords are always atoms, even when quoted. Similar to atoms, keywords made exclusively of ASCII letters, numbers, and underscores and not beginning with a number do not require quotes
release-candidate-full-proof	UNKNOWN STEP	2026-09-18T08:32:30.8596483Z     │
release-candidate-full-proof	UNKNOWN STEP	2026-09-18T08:32:30.8597419Z  21 │   "telemetry": {:hex, :telemetry, "1.4.2", "a0cb522801dffb1c49fe6e30561badffc7b6d0e180db1300df759faa22062855", [:rebar3], [], "hexpm", "928f6495066506077862c0d1646609eed891a4326bee3126ba54b60af61febb1"},
release-candidate-full-proof	UNKNOWN STEP	2026-09-18T08:32:30.8598254Z     │   ~
release-candidate-full-proof	UNKNOWN STEP	2026-09-18T08:32:30.8598457Z     │
release-candidate-full-proof	UNKNOWN STEP	2026-09-18T08:32:30.8598683Z     └─ mix.lock:21:3
release-candidate-full-proof	UNKNOWN STEP	2026-09-18T08:32:30.8598819Z 
release-candidate-full-proof	UNKNOWN STEP	2026-09-18T08:32:30.8599737Z     warning: found quoted keyword "telemetry_metrics" but the quotes are not required. Note that keywords are always atoms, even when quoted. Similar to atoms, keywords made exclusively of ASCII letters, numbers, and underscores and not beginning with a number do not require quotes
release-candidate-full-proof	UNKNOWN STEP	2026-09-18T08:32:30.8600820Z     │
release-candidate-full-proof	UNKNOWN STEP	2026-09-18T08:32:30.8602067Z  22 │   "telemetry_metrics": {:hex, :telemetry_metrics, "1.2.0", "7632c19c01d88d8aaca5da1a0e8912f5af39b79e7c08a2c253aeb3c14c2c957e", [:mix], [{:telemetry, "~> 0.4 or ~> 1.0", [hex: :telemetry, repo: "hexpm", optional: false]}], "hexpm", "71dde12fc29b58b9c77ec17ec319109e5ca848d010fc1965ed4463bba1837c07"},
release-candidate-full-proof	UNKNOWN STEP	2026-09-18T08:32:30.8603169Z     │   ~
release-candidate-full-proof	UNKNOWN STEP	2026-09-18T08:32:30.8603612Z     │
release-candidate-full-proof	UNKNOWN STEP	2026-09-18T08:32:30.8603855Z     └─ mix.lock:22:3
release-candidate-full-proof	UNKNOWN STEP	2026-09-18T08:32:30.8603992Z 
release-candidate-full-proof	UNKNOWN STEP	2026-09-18T08:32:30.8604899Z     warning: found quoted keyword "telemetry_poller" but the quotes are not required. Note that keywords are always atoms, even when quoted. Similar to atoms, keywords made exclusively of ASCII letters, numbers, and underscores and not beginning with a number do not require quotes
release-candidate-full-proof	UNKNOWN STEP	2026-09-18T08:32:30.8605964Z     │
release-candidate-full-proof	UNKNOWN STEP	2026-09-18T08:32:30.8607232Z  23 │   "telemetry_poller": {:hex, :telemetry_poller, "1.3.0", "d5c46420126b5ac2d72bc6580fb4f537d35e851cc0f8dbd571acf6d6e10f5ec7", [:rebar3], [{:telemetry, "~> 1.0", [hex: :telemetry, repo: "hexpm", optional: false]}], "hexpm", "51f18bed7128544a50f75897db9974436ea9bfba560420b646af27a9a9b35211"},
release-candidate-full-proof	UNKNOWN STEP	2026-09-18T08:32:30.8608322Z     │   ~
release-candidate-full-proof	UNKNOWN STEP	2026-09-18T08:32:30.8608505Z     │
release-candidate-full-proof	UNKNOWN STEP	2026-09-18T08:32:30.8608719Z     └─ mix.lock:23:3
release-candidate-full-proof	UNKNOWN STEP	2026-09-18T08:32:30.8608848Z 
release-candidate-full-proof	UNKNOWN STEP	2026-09-18T08:32:30.8609742Z     warning: found quoted keyword "thousand_island" but the quotes are not required. Note that keywords are always atoms, even when quoted. Similar to atoms, keywords made exclusively of ASCII letters, numbers, and underscores and not beginning with a number do not require quotes
release-candidate-full-proof	UNKNOWN STEP	2026-09-18T08:32:30.8610797Z     │
release-candidate-full-proof	UNKNOWN STEP	2026-09-18T08:32:30.8611999Z  24 │   "thousand_island": {:hex, :thousand_island, "1.5.0", "f50a213cac97262b6d5ebb85745aa2c00fec1413191e6e66834788d45425cecb", [:mix], [{:telemetry, "~> 0.4 or ~> 1.0", [hex: :telemetry, repo: "hexpm", optional: false]}], "hexpm", "708923d40523e43cf99041ab37a0d4b0ec426ac6438fa3716ab23d919eaeb412"},
release-candidate-full-proof	UNKNOWN STEP	2026-09-18T08:32:30.8613074Z     │   ~
release-candidate-full-proof	UNKNOWN STEP	2026-09-18T08:32:30.8613255Z     │
release-candidate-full-proof	UNKNOWN STEP	2026-09-18T08:32:30.8613913Z     └─ mix.lock:24:3
release-candidate-full-proof	UNKNOWN STEP	2026-09-18T08:32:30.8614059Z 
release-candidate-full-proof	UNKNOWN STEP	2026-09-18T08:32:30.8614971Z     warning: found quoted keyword "websock" but the quotes are not required. Note that keywords are always atoms, even when quoted. Similar to atoms, keywords made exclusively of ASCII letters, numbers, and underscores and not beginning with a number do not require quotes
release-candidate-full-proof	UNKNOWN STEP	2026-09-18T08:32:30.8616043Z     │
release-candidate-full-proof	UNKNOWN STEP	2026-09-18T08:32:30.8616929Z  25 │   "websock": {:hex, :websock, "0.5.3", "2f69a6ebe810328555b6fe5c831a851f485e303a7c8ce6c5f675abeb20ebdadc", [:mix], [], "hexpm", "6105453d7fac22c712ad66fab1d45abdf049868f253cf719b625151460b8b453"},
release-candidate-full-proof	UNKNOWN STEP	2026-09-18T08:32:30.8617749Z     │   ~
release-candidate-full-proof	UNKNOWN STEP	2026-09-18T08:32:30.8617939Z     │
release-candidate-full-proof	UNKNOWN STEP	2026-09-18T08:32:30.8618158Z     └─ mix.lock:25:3
release-candidate-full-proof	UNKNOWN STEP	2026-09-18T08:32:30.8618287Z 
release-candidate-full-proof	UNKNOWN STEP	2026-09-18T08:32:30.8619319Z     warning: found quoted keyword "websock_adapter" but the quotes are not required. Note that keywords are always atoms, even when quoted. Similar to atoms, keywords made exclusively of ASCII letters, numbers, and underscores and not beginning with a number do not require quotes
release-candidate-full-proof	UNKNOWN STEP	2026-09-18T08:32:30.8620397Z     │
release-candidate-full-proof	UNKNOWN STEP	2026-09-18T08:32:30.8622265Z  26 │   "websock_adapter": {:hex, :websock_adapter, "0.6.0", "73db5ab8aaefd1a876a97ce3e6afc96562625de69ef17a4e04426e034849d0b8", [:mix], [{:bandit, ">= 0.6.0", [hex: :bandit, repo: "hexpm", optional: true]}, {:plug, "~> 1.14", [hex: :plug, repo: "hexpm", optional: false]}, {:plug_cowboy, "~> 2.6", [hex: :plug_cowboy, repo: "hexpm", optional: true]}, {:websock, "~> 0.5", [hex: :websock, repo: "hexpm", optional: false]}], "hexpm", "50021a85bce8f203b086705d9e0c5415e2c7eb05d319111b0428fe71f9934617"},
release-candidate-full-proof	UNKNOWN STEP	2026-09-18T08:32:30.8624195Z     │   ~
release-candidate-full-proof	UNKNOWN STEP	2026-09-18T08:32:30.8624405Z     │
release-candidate-full-proof	UNKNOWN STEP	2026-09-18T08:32:30.8624631Z     └─ mix.lock:26:3
release-candidate-full-proof	UNKNOWN STEP	2026-09-18T08:32:30.8624762Z 
release-candidate-full-proof	UNKNOWN STEP	2026-09-18T08:32:31.4745137Z {"state":null,"source_mode":"candidate-local","generator_version":"1.8.13","install_count":2,"package_count":6,"profile_count":5,"path_lock_count":0,"succeeded_packages":null,"failed_packages":null,"attested_packages":null,"package_claims":null,"profile_results":[{"profile":"rulestead","status":"PASS","package":"crosswake_rulestead","digest":"16efdca0c41ba99e84cacceef4179f71373cb1c9fb69389ab0ce81bff88cbc78","negative_control":"PASS","passed_checks":["generated_phoenix","compile_warnings_as_errors","runtime_config_loaded","router_output","public_smoke","registration","doctor","engine_loaded","dependency_validated"]},{"profile":"rindle","status":"PASS","package":"crosswake_rindle","digest":"88d4d5d133407d3495cfe118aed88aa40d87ca0453e6989c4f03c2285d002d46","negative_control":"PASS","passed_checks":["generated_phoenix","compile_warnings_as_errors","runtime_config_loaded","router_output","public_smoke","registration","doctor","engine_loaded","dependency_validated","contracts_nonempty"]},{"profile":"sigra","status":"PASS","package":"crosswake_sigra","digest":"aa44b43999d11c1e3a30d8340a2093410edb7aa708a58d1369187d7f8b057a87","negative_control":"PASS","passed_checks":["generated_phoenix","compile_warnings_as_errors","runtime_config_loaded","router_output","public_smoke","registration","doctor","auth_non_vacuous"]},{"profile":"chimeway","status":"PASS","package":"crosswake_chimeway","digest":"894829f8d2bd412d630ef2b55f76d6659c93758381acd487a87ef2170020a0f6","negative_control":"PASS","passed_checks":["generated_phoenix","compile_warnings_as_errors","runtime_config_loaded","router_output","public_smoke","registration","doctor","sigra_absent","telemetry_events"]},{"profile":"threadline","status":"PASS","package":"crosswake_threadline","digest":"c3fd94a9b65b1500e70b0dbd1e96a8fdd3d7fc92467f0ba1a040585187c72775","negative_control":"PASS","passed_checks":["generated_phoenix","compile_warnings_as_errors","runtime_config_loaded","router_output","public_smoke","registration","doctor","observer_unregistered","siblings_absent","plug","telemetry","ledger","templates"]}],"live_status":"not_applicable"}
release-candidate-full-proof	UNKNOWN STEP	2026-09-18T08:32:31.4752930Z [crosswake] OK: candidate-local package family passed five non-vacuous profiles across two isolated installs.
release-candidate-full-proof	UNKNOWN STEP	2026-09-18T08:32:32.1688570Z ##[group]Run mix test test/crosswake/release_candidate/coordinate_test.exs test/crosswake/release_candidate/mirror_test.exs test/crosswake/release_candidate/workflow_test.exs test/crosswake/release_candidate/receipt_test.exs test/mix/tasks/crosswake_release_candidate_test.exs --max-cases 1
release-candidate-full-proof	UNKNOWN STEP	2026-09-18T08:32:32.1690718Z ^[[36;1mmix test test/crosswake/release_candidate/coordinate_test.exs test/crosswake/release_candidate/mirror_test.exs test/crosswake/release_candidate/workflow_test.exs test/crosswake/release_candidate/receipt_test.exs test/mix/tasks/crosswake_release_candidate_test.exs --max-cases 1^[[0m
release-candidate-full-proof	UNKNOWN STEP	2026-09-18T08:32:32.1728496Z shell: /usr/bin/bash -e {0}
release-candidate-full-proof	UNKNOWN STEP	2026-09-18T08:32:32.1728755Z env:
release-candidate-full-proof	UNKNOWN STEP	2026-09-18T08:32:32.1728945Z   MIX_ENV: test
release-candidate-full-proof	UNKNOWN STEP	2026-09-18T08:32:32.1729244Z   CANDIDATE_REF: bcb8acaa1bdbbd81610af2a672da64bfe561de9e
release-candidate-full-proof	UNKNOWN STEP	2026-09-18T08:32:32.1729687Z   CANDIDATE_ROOT: /tmp/crosswake-release-candidate-35324177344-1
release-candidate-full-proof	UNKNOWN STEP	2026-09-18T08:32:32.1730170Z   INSTALL_DIR_FOR_OTP: /home/runner/work/_temp/.setup-beam/otp
release-candidate-full-proof	UNKNOWN STEP	2026-09-18T08:32:32.1730609Z   INSTALL_DIR_FOR_ELIXIR: /home/runner/work/_temp/.setup-beam/elixir
release-candidate-full-proof	UNKNOWN STEP	2026-09-18T08:32:32.1730956Z ##[endgroup]
release-candidate-full-proof	UNKNOWN STEP	2026-09-18T08:32:32.8662860Z Running ExUnit with seed: 844660, max_cases: 1
release-candidate-full-proof	UNKNOWN STEP	2026-09-18T08:32:32.8938386Z Excluding tags: [requires_example_host: true, engine_present: true, collateral_binaries: true, advisory_only: true]
release-candidate-full-proof	UNKNOWN STEP	2026-09-18T08:32:32.8941980Z 
release-candidate-full-proof	UNKNOWN STEP	2026-09-18T08:32:34.8977525Z ......................................................
release-candidate-full-proof	UNKNOWN STEP	2026-09-18T08:32:34.8978408Z Finished in 1.9 seconds (1.9s async, 0.01s sync)
release-candidate-full-proof	UNKNOWN STEP	2026-09-18T08:32:34.8979059Z 54 tests, 0 failures
release-candidate-full-proof	UNKNOWN STEP	2026-09-18T08:32:34.9157105Z ##[group]Run elixir script/check_release_workflow_integrity.exs
release-candidate-full-proof	UNKNOWN STEP	2026-09-18T08:32:34.9157948Z ^[[36;1melixir script/check_release_workflow_integrity.exs^[[0m
release-candidate-full-proof	UNKNOWN STEP	2026-09-18T08:32:34.9207500Z shell: /usr/bin/bash -e {0}
release-candidate-full-proof	UNKNOWN STEP	2026-09-18T08:32:34.9207772Z env:
release-candidate-full-proof	UNKNOWN STEP	2026-09-18T08:32:34.9207959Z   MIX_ENV: test
release-candidate-full-proof	UNKNOWN STEP	2026-09-18T08:32:34.9208244Z   CANDIDATE_REF: bcb8acaa1bdbbd81610af2a672da64bfe561de9e
release-candidate-full-proof	UNKNOWN STEP	2026-09-18T08:32:34.9208700Z   CANDIDATE_ROOT: /tmp/crosswake-release-candidate-35324177344-1
release-candidate-full-proof	UNKNOWN STEP	2026-09-18T08:32:34.9209149Z   INSTALL_DIR_FOR_OTP: /home/runner/work/_temp/.setup-beam/otp
release-candidate-full-proof	UNKNOWN STEP	2026-09-18T08:32:34.9209576Z   INSTALL_DIR_FOR_ELIXIR: /home/runner/work/_temp/.setup-beam/elixir
release-candidate-full-proof	UNKNOWN STEP	2026-09-18T08:32:34.9209925Z ##[endgroup]
release-candidate-full-proof	UNKNOWN STEP	2026-09-18T08:32:35.7969439Z [crosswake] ROSTER: 73 recovery.hex.already_live_success_continues,recovery.hex.component_input,recovery.hex.exact_ref_only,recovery.hex.package_map_complete,recovery.ios.exact_identity_gate,release.recovery.fire_drill_shares_proof_body,release.recovery.proof_applicability_lane_gated,release.recovery.proof_record_fails_closed,release.recovery.publication_record_identical,release.aggregate_gate.behavioral_jobs_absent,release.android.path_gate,release.android_proof.decoupled,release.approval.linked_graph,release.approval.merge_tree_guard,release.candidate.receipt_attestation,release.chimeway.component_gate,release.chimeway.proof_gate,release.ci.candidate_matrix,release.cleanroom.exact_companion_pin,release.cleanroom.hex_metadata_floor,release.cleanroom.lockfile_postcondition,release.cleanroom.package_matrix_complete,release.cleanroom.package_profiles_preserved,release.cleanup.after_publish_and_proof,release.cleanup.deduped,release.cleanup.pr_only,release.concurrency.no_true_cancellation,release.concurrency.not_cancelled,release.concurrency.queue_max,release.doctor.app_config_requirement,release.doctor.fresh_router_loaded,release.hex_publish.already_live_preflight,release.hex_publish.no_replace,release.hex_publish.shared_helper,release.ios.checkout_ref_pinned,release.ios.independent_publication,release.ios.ordinary_atomic_push,release.ios.path_gate,release.ios.ssh_transport,release.ios_mirror.four_modes,release.ios_proof.decoupled,release.outputs.paths_released,release.partial.exact_ref_recovery,release.partial.phase168_recovery_routes,release.publish_gate.no_bare_version_literal,release.rehearsal.exact_identity,release.rehearsal.hex_candidate,release.rehearsal.ios_candidate,release.rehearsal.no_mutation,release.rindle.component_gate,release.rindle.proof_gate,release.root_hex.path_gate,release.rulestead.component_gate,release.rulestead.proof_gate,release.scanner.roster_exact,release.sigra.component_gate,release.sigra.proof_gate,release.threadline.component_gate,release.threadline.proof_gate,release.version_graph.companion_floors_honest,release.version_graph.companions_independent,release.version_graph.lockstep_core_native_only,release.workflow.aggregate_gate.behavioral_jobs_absent,release.workflow.companion_floors_honest,release.workflow.concurrency_queue_max,release.workflow.doctor_proof_unmasked,release.workflow.native_proof_decoupled,release.workflow.native_rollup_fails_closed,release.workflow.native_rollup_summary,release.workflow.native_status_artifact,release.workflow.no_cancel_in_progress_true,release.workflow.proof_after_publish,release.workflow.release_failure_alert_native
release-candidate-full-proof	UNKNOWN STEP	2026-09-18T08:32:35.8009669Z [crosswake] OK: release.concurrency.not_cancelled - release workflow publish/proof jobs must keep cancel-in-progress: false; run elixir script/check_release_workflow_integrity.exs
release-candidate-full-proof	UNKNOWN STEP	2026-09-18T08:32:35.8011918Z [crosswake] OK: release.concurrency.queue_max - release workflow concurrency must use only GitHub-supported keys; run elixir script/check_release_workflow_integrity.exs
release-candidate-full-proof	UNKNOWN STEP	2026-09-18T08:32:35.8014436Z [crosswake] OK: release.concurrency.no_true_cancellation - release workflow must not combine release preservation with cancel-in-progress: true; run elixir script/check_release_workflow_integrity.exs
release-candidate-full-proof	UNKNOWN STEP	2026-09-18T08:32:35.8017138Z [crosswake] OK: release.outputs.paths_released - release-please must expose paths_released for path-specific publish gates; run elixir script/check_release_workflow_integrity.exs
release-candidate-full-proof	UNKNOWN STEP	2026-09-18T08:32:35.8019211Z [crosswake] OK: release.root_hex.path_gate - publish-hex must gate on paths_released exact path .; run elixir script/check_release_workflow_integrity.exs
release-candidate-full-proof	UNKNOWN STEP	2026-09-18T08:32:35.8021281Z [crosswake] OK: release.ios.path_gate - publish-ios-core must gate on paths_released exact path packages/crosswake-shell-core-ios; run elixir script/check_release_workflow_integrity.exs
release-candidate-full-proof	UNKNOWN STEP	2026-09-18T08:32:35.8024160Z [crosswake] OK: release.android.path_gate - publish-android-core must gate on paths_released exact path packages/crosswake-shell-core-android; run elixir script/check_release_workflow_integrity.exs
release-candidate-full-proof	UNKNOWN STEP	2026-09-18T08:32:35.8026510Z [crosswake] OK: release.aggregate_gate.behavioral_jobs_absent - behavioral jobs must not gate on aggregate releases_created; run elixir script/check_release_workflow_integrity.exs
release-candidate-full-proof	UNKNOWN STEP	2026-09-18T08:32:35.8028451Z [crosswake] OK: release.ios_proof.decoupled - iOS clean-room proof must depend on iOS publish and not Android publish; run elixir script/check_release_workflow_integrity.exs
release-candidate-full-proof	UNKNOWN STEP	2026-09-18T08:32:35.8029710Z [crosswake] OK: release.android_proof.decoupled - Android clean-room proof must depend on Android publish and not iOS mirror; run elixir script/check_release_workflow_integrity.exs
release-candidate-full-proof	UNKNOWN STEP	2026-09-18T08:32:35.8031151Z [crosswake] OK: release.workflow.aggregate_gate.behavioral_jobs_absent - .github/workflows/release-please.yml behavioral jobs must not gate on aggregate releases_created; rerun elixir script/check_release_workflow_integrity.exs
release-candidate-full-proof	UNKNOWN STEP	2026-09-18T08:32:35.8032976Z [crosswake] OK: release.workflow.proof_after_publish - every clean-room-proof-* companion job in .github/workflows/release-please.yml must gate on its component release output and need its matching publish-hex-* job; rerun elixir script/check_release_workflow_integrity.exs
release-candidate-full-proof	UNKNOWN STEP	2026-09-18T08:32:35.8035150Z [crosswake] OK: release.workflow.native_proof_decoupled - native clean-room proofs in .github/workflows/release-please.yml must depend only on their own native publish job plus root Hex publish; rerun elixir script/check_release_workflow_integrity.exs
release-candidate-full-proof	UNKNOWN STEP	2026-09-18T08:32:35.8037251Z [crosswake] OK: release.workflow.native_rollup_summary - native-release-rollup must always summarize native publish/proof results, ignore proposal-only paths unless the exact linked-release guard passed, expose partial native_core state, and give a next safe action
release-candidate-full-proof	UNKNOWN STEP	2026-09-18T08:32:35.8039129Z [crosswake] OK: release.workflow.native_status_artifact - native-release-rollup must write native-release-status.json and always upload it as the native-release-status artifact, failing closed if absent
release-candidate-full-proof	UNKNOWN STEP	2026-09-18T08:32:35.8040880Z [crosswake] OK: release.ios.ssh_transport - publish-ios-core must authenticate over SSH via MIRROR_DEPLOY_KEY with persist-credentials: false, an ssh-keyscan known_hosts step, and a fail-fast preflight, never an HTTPS URL-embedded token; run elixir script/check_release_workflow_integrity.exs
release-candidate-full-proof	UNKNOWN STEP	2026-09-18T08:32:35.8042623Z [crosswake] OK: release.approval.merge_tree_guard - Release Please must run only after exact approved-head parentage, identical tree, and READY receipt validation
release-candidate-full-proof	UNKNOWN STEP	2026-09-18T08:32:35.8044149Z [crosswake] OK: release.approval.linked_graph - the fixed postapproval graph must contain only guarded Hex/iOS/Android children gated on approved_version, exact-public proof, and a closed linked rollup
release-candidate-full-proof	UNKNOWN STEP	2026-09-18T08:32:35.8045480Z [crosswake] OK: release.ios.ordinary_atomic_push - ordinary iOS publication must delegate to the exact approved adapter and contain no force path
release-candidate-full-proof	UNKNOWN STEP	2026-09-18T08:32:35.8046689Z [crosswake] OK: release.ios.checkout_ref_pinned - publish-ios-core must checkout at the release tag with full history, not the retroactive github.sha; run elixir script/check_release_workflow_integrity.exs
release-candidate-full-proof	UNKNOWN STEP	2026-09-18T08:32:35.8048194Z [crosswake] OK: release.ios.independent_publication - the guarded iOS publication must remain independent of sibling registry outcomes so partial public truth is observable
release-candidate-full-proof	UNKNOWN STEP	2026-09-18T08:32:35.8049507Z [crosswake] OK: release.partial.exact_ref_recovery - partial rollup must retain fixed child truth and allow only exact-ref/idempotent or forward-fix recovery without replacement
release-candidate-full-proof	UNKNOWN STEP	2026-09-18T08:32:35.8050997Z [crosswake] OK: release.partial.phase168_recovery_routes - Phase 168 partial recovery must bind Hex, Maven, and atomic iOS publication to the approved immutable b780/1051/ecf/359 identity, correct public coordinates, and no tag movement or package replacement
release-candidate-full-proof	UNKNOWN STEP	2026-09-18T08:32:35.8054051Z [crosswake] OK: recovery.ios.exact_identity_gate - .github/workflows/ios-mirror-backfill.yml job recover-ios-mirror must validate the exact approved Phase 168 identity as its first step, before actions/checkout of the supplied ref and before the MIRROR_DEPLOY_KEY load, pinning the merge OID, approved head, tree, base, candidate receipt, and mirror split, and shape-constraining expected_old_ref to a 40-hex id distinct from expected_new_ref; re-run elixir script/check_release_workflow_integrity.exs
release-candidate-full-proof	UNKNOWN STEP	2026-09-18T08:32:35.8056225Z [crosswake] OK: release.publish_gate.no_bare_version_literal - no publish-gating if: clause compares against a bare version literal
release-candidate-full-proof	UNKNOWN STEP	2026-09-18T08:32:35.8057613Z [crosswake] OK: release.workflow.native_rollup_fails_closed - native-release-rollup must exit 1 when a native platform released this run without proving complete, and its artifact upload must still run via if: ${{ always() }}; run elixir script/check_release_workflow_integrity.exs
release-candidate-full-proof	UNKNOWN STEP	2026-09-18T08:32:35.8059576Z [crosswake] OK: release.workflow.release_failure_alert_native - release-failure-alert must need the four native jobs plus native-release-rollup and echo each of their results, so a mirror-push or native proof failure opens a tracking issue; run elixir script/check_release_workflow_integrity.exs
release-candidate-full-proof	UNKNOWN STEP	2026-09-18T08:32:35.8061125Z [crosswake] OK: release.ios_mirror.four_modes - the iOS adapter must retain separate baseline, candidate, ordinary publication, and exact-ref recovery modes
release-candidate-full-proof	UNKNOWN STEP	2026-09-18T08:32:35.8062158Z [crosswake] OK: release.rehearsal.hex_candidate - trusted Hex candidate rehearsal must build exactly six packages without any publication path
release-candidate-full-proof	UNKNOWN STEP	2026-09-18T08:32:35.8063250Z [crosswake] OK: release.rehearsal.ios_candidate - mirror baseline must be credential-free and candidate rehearsal must use the scoped deploy key only for an exact dry-run
release-candidate-full-proof	UNKNOWN STEP	2026-09-18T08:32:35.8064710Z [crosswake] OK: release.candidate.receipt_attestation - the existing trusted iOS workflow must attest one canonical READY receipt against exact CI, Hex, iOS, mirror, and zero-mutation evidence
release-candidate-full-proof	UNKNOWN STEP	2026-09-18T08:32:35.8066168Z [crosswake] OK: release.rehearsal.exact_identity - both trusted rehearsal artifacts must bind requested/observed Git identity, receipt, workflow blob, and exact run identity
release-candidate-full-proof	UNKNOWN STEP	2026-09-18T08:32:35.8067258Z [crosswake] OK: release.rehearsal.no_mutation - candidate rehearsal must fail closed without registry, ref, tag, or package mutation authority
release-candidate-full-proof	UNKNOWN STEP	2026-09-18T08:32:35.8068524Z [crosswake] OK: release.workflow.concurrency_queue_max - .github/workflows/release-please.yml concurrency must use only supported group and cancel-in-progress keys; rerun elixir script/check_release_workflow_integrity.exs
release-candidate-full-proof	UNKNOWN STEP	2026-09-18T08:32:35.8070076Z [crosswake] OK: release.workflow.no_cancel_in_progress_true - .github/workflows/release-please.yml must not set cancel-in-progress: true for release publish/proof runs; rerun elixir script/check_release_workflow_integrity.exs
release-candidate-full-proof	UNKNOWN STEP	2026-09-18T08:32:35.8071652Z [crosswake] OK: release.cleanup.after_publish_and_proof - release-as-cleanup must need every companion publish/proof job and require success for released components; run elixir script/check_release_workflow_integrity.exs
release-candidate-full-proof	UNKNOWN STEP	2026-09-18T08:32:35.8073036Z [crosswake] OK: release.cleanup.pr_only - release-as-cleanup must push a branch and open a PR, never push directly to main; run elixir script/check_release_workflow_integrity.exs
release-candidate-full-proof	UNKNOWN STEP	2026-09-18T08:32:35.8074835Z [crosswake] OK: release.cleanup.deduped - release-as-cleanup must check for an already-open cleanup PR before gh pr create, and bail instead of opening a duplicate; run elixir script/check_release_workflow_integrity.exs
release-candidate-full-proof	UNKNOWN STEP	2026-09-18T08:32:35.8076159Z [crosswake] OK: release.hex_publish.already_live_preflight - guarded Hex helper must parse exact Hex release JSON and report already-live package/version as success
release-candidate-full-proof	UNKNOWN STEP	2026-09-18T08:32:35.8077177Z [crosswake] OK: release.hex_publish.no_replace - normal publish and recovery paths must not use routine registry replacement syntax
release-candidate-full-proof	UNKNOWN STEP	2026-09-18T08:32:35.8078143Z [crosswake] OK: release.hex_publish.shared_helper - all automatic Hex jobs must call script/guarded_hex_publish.sh and avoid direct publish commands
release-candidate-full-proof	UNKNOWN STEP	2026-09-18T08:32:35.8079156Z [crosswake] OK: recovery.hex.component_input - manual Hex recovery must expose package/ref/release_version inputs for exactly the Hex package family
release-candidate-full-proof	UNKNOWN STEP	2026-09-18T08:32:35.8080224Z [crosswake] OK: recovery.hex.exact_ref_only - manual Hex recovery must reject mutable/bare refs, require package-scoped release tags, and print the checked-out SHA
release-candidate-full-proof	UNKNOWN STEP	2026-09-18T08:32:35.8081312Z [crosswake] OK: recovery.hex.package_map_complete - guarded helper and manual recovery options must cover root Hex plus all five companion Hex packages
release-candidate-full-proof	UNKNOWN STEP	2026-09-18T08:32:35.8082345Z [crosswake] OK: recovery.hex.already_live_success_continues - already-live package/version state must exit successfully with proof continuation state
release-candidate-full-proof	UNKNOWN STEP	2026-09-18T08:32:35.8084148Z [crosswake] OK: release.recovery.fire_drill_shares_proof_body - job recovery-fire-drill reaches the proof through the same reusable workflow reference as recovery-exact-public-proof, reads no registry credential, invokes no guarded publish helper, and does not depend on the publish job
release-candidate-full-proof	UNKNOWN STEP	2026-09-18T08:32:35.8086366Z [crosswake] OK: release.recovery.publication_record_identical - all 2 declared lanes (ordinary, recovery) emit the publication record through script/write_publication_record.sh with identical flags, upload it under the declared artifact template, grant actions: read, and reach the one reusable proof at ./.github/workflows/exact-public-proof.yml
release-candidate-full-proof	UNKNOWN STEP	2026-09-18T08:32:35.8088403Z [crosswake] OK: release.recovery.proof_record_fails_closed - the shared proof body both lanes (ordinary, recovery) call always runs, asserts the record without swallowing failure, takes its expected triple from its own inputs, and inherits no secrets
release-candidate-full-proof	UNKNOWN STEP	2026-09-18T08:32:35.8090109Z [crosswake] OK: release.recovery.proof_applicability_lane_gated - the not-applicable branch of the shared proof body is reachable from the ordinary lane only; the recovery lane refuses with PROOF_APPLICABILITY_UNDETERMINED rather than skipping the proof
release-candidate-full-proof	UNKNOWN STEP	2026-09-18T08:32:35.8091870Z [crosswake] OK: release.cleanroom.hex_metadata_floor - clean-room proof must derive the core floor from exact Hex metadata requirements.crosswake.requirement and fail closed on bad package/version/release metadata
release-candidate-full-proof	UNKNOWN STEP	2026-09-18T08:32:35.8093143Z [crosswake] OK: release.cleanroom.exact_companion_pin - clean-room proof must install the companion under test as == VERSION, not a range or env fallback
release-candidate-full-proof	UNKNOWN STEP	2026-09-18T08:32:35.8094461Z [crosswake] OK: release.cleanroom.lockfile_postcondition - clean-room proof must assert mix.lock selected the exact companion and a crosswake version matching the derived floor
release-candidate-full-proof	UNKNOWN STEP	2026-09-18T08:32:35.8095720Z [crosswake] OK: release.cleanroom.package_profiles_preserved - clean-room proof must preserve all five package profiles, Chimeway/Sigra absence, and Threadline observer non-registration
release-candidate-full-proof	UNKNOWN STEP	2026-09-18T08:32:35.8096926Z [crosswake] OK: release.doctor.app_config_requirement - mix crosswake.doctor must require app.config and must not require app.start before loading host routers
release-candidate-full-proof	UNKNOWN STEP	2026-09-18T08:32:35.8098054Z [crosswake] OK: release.doctor.fresh_router_loaded - clean-room proof must rely on mix crosswake.doctor --router CleanRoomHost.Router without a separate router preload
release-candidate-full-proof	UNKNOWN STEP	2026-09-18T08:32:35.8099895Z [crosswake] OK: release.cleanroom.package_matrix_complete - release-please.yml and script/verify_companion_cleanroom.sh must cover all five package proof jobs, Release Please version args, chimeway/threadline sibling absence, and threadline observer non-registration; rerun elixir script/check_release_workflow_integrity.exs
release-candidate-full-proof	UNKNOWN STEP	2026-09-18T08:32:35.8101850Z [crosswake] OK: release.workflow.companion_floors_honest - package mix.exs files must match the independently owned current core floors; inspect packages/crosswake_*/mix.exs and rerun elixir script/check_release_workflow_integrity.exs
release-candidate-full-proof	UNKNOWN STEP	2026-09-18T08:32:35.8103800Z [crosswake] OK: release.workflow.doctor_proof_unmasked - lib/mix/tasks/crosswake.doctor.ex must own app.config readiness and script/verify_companion_cleanroom.sh must not preload CleanRoomHost.Router before the doctor command; rerun elixir script/check_release_workflow_integrity.exs
release-candidate-full-proof	UNKNOWN STEP	2026-09-18T08:32:35.8105327Z [crosswake] OK: release.version_graph.lockstep_core_native_only - Release Please linked-versions group must contain only hex, ios-core, and android-core
release-candidate-full-proof	UNKNOWN STEP	2026-09-18T08:32:35.8106381Z [crosswake] OK: release.version_graph.companions_independent - all crosswake_* companions must remain separately versioned Release Please components
release-candidate-full-proof	UNKNOWN STEP	2026-09-18T08:32:35.8107434Z [crosswake] OK: release.version_graph.companion_floors_honest - companion crosswake_dep floors must match the independently owned current core requirements
release-candidate-full-proof	UNKNOWN STEP	2026-09-18T08:32:35.8108550Z [crosswake] OK: release.ci.candidate_matrix - Crosswake CI must always run stable fixtures and fail open to exact-head non-vacuous full candidate proof without credentials
release-candidate-full-proof	UNKNOWN STEP	2026-09-18T08:32:35.8109823Z [crosswake] OK: release.rulestead.component_gate - publish-hex-rulestead must gate on rulestead_release_created, not aggregate releases_created; run elixir script/check_release_workflow_integrity.exs
release-candidate-full-proof	UNKNOWN STEP	2026-09-18T08:32:35.8111168Z [crosswake] OK: release.rindle.component_gate - publish-hex-rindle must gate on rindle_release_created, not aggregate releases_created; run elixir script/check_release_workflow_integrity.exs
release-candidate-full-proof	UNKNOWN STEP	2026-09-18T08:32:35.8112463Z [crosswake] OK: release.sigra.component_gate - publish-hex-sigra must gate on sigra_release_created, not aggregate releases_created; run elixir script/check_release_workflow_integrity.exs
release-candidate-full-proof	UNKNOWN STEP	2026-09-18T08:32:35.8114110Z [crosswake] OK: release.chimeway.component_gate - publish-hex-chimeway must gate on chimeway_release_created, not aggregate releases_created; run elixir script/check_release_workflow_integrity.exs
release-candidate-full-proof	UNKNOWN STEP	2026-09-18T08:32:35.8115514Z [crosswake] OK: release.threadline.component_gate - publish-hex-threadline must gate on threadline_release_created, not aggregate releases_created; run elixir script/check_release_workflow_integrity.exs
release-candidate-full-proof	UNKNOWN STEP	2026-09-18T08:32:35.8117066Z [crosswake] OK: release.rulestead.proof_gate - clean-room-proof-rulestead must gate on rulestead_release_created and need publish-hex-rulestead; run elixir script/check_release_workflow_integrity.exs
release-candidate-full-proof	UNKNOWN STEP	2026-09-18T08:32:35.8118421Z [crosswake] OK: release.rindle.proof_gate - clean-room-proof-rindle must gate on rindle_release_created and need publish-hex-rindle; run elixir script/check_release_workflow_integrity.exs
release-candidate-full-proof	UNKNOWN STEP	2026-09-18T08:32:35.8119705Z [crosswake] OK: release.sigra.proof_gate - clean-room-proof-sigra must gate on sigra_release_created and need publish-hex-sigra; run elixir script/check_release_workflow_integrity.exs
release-candidate-full-proof	UNKNOWN STEP	2026-09-18T08:32:35.8121016Z [crosswake] OK: release.chimeway.proof_gate - clean-room-proof-chimeway must gate on chimeway_release_created and need publish-hex-chimeway; run elixir script/check_release_workflow_integrity.exs
release-candidate-full-proof	UNKNOWN STEP	2026-09-18T08:32:35.8122419Z [crosswake] OK: release.threadline.proof_gate - clean-room-proof-threadline must gate on threadline_release_created and need publish-hex-threadline; run elixir script/check_release_workflow_integrity.exs
release-candidate-full-proof	UNKNOWN STEP	2026-09-18T08:32:35.8123687Z [crosswake] OK: release.scanner.roster_exact - emitted 73 check IDs match the declared @roster_ids exactly
release-candidate-full-proof	UNKNOWN STEP	2026-09-18T08:32:35.8124272Z [crosswake] DONE: 73 of 73 roster checks emitted; 0 failed.
release-candidate-full-proof	UNKNOWN STEP	2026-09-18T08:32:36.8247377Z ##[group]Run python3 - <<'PY'
release-candidate-full-proof	UNKNOWN STEP	2026-09-18T08:32:36.8247744Z ^[[36;1mpython3 - <<'PY'^[[0m
release-candidate-full-proof	UNKNOWN STEP	2026-09-18T08:32:36.8247987Z ^[[36;1mimport hashlib^[[0m
release-candidate-full-proof	UNKNOWN STEP	2026-09-18T08:32:36.8248212Z ^[[36;1mimport json^[[0m
release-candidate-full-proof	UNKNOWN STEP	2026-09-18T08:32:36.8248419Z ^[[36;1mimport os^[[0m
release-candidate-full-proof	UNKNOWN STEP	2026-09-18T08:32:36.8248639Z ^[[36;1mfrom pathlib import Path^[[0m
release-candidate-full-proof	UNKNOWN STEP	2026-09-18T08:32:36.8248897Z ^[[36;1m^[[0m
release-candidate-full-proof	UNKNOWN STEP	2026-09-18T08:32:36.8249128Z ^[[36;1mroot = Path(os.environ["CANDIDATE_ROOT"])^[[0m
release-candidate-full-proof	UNKNOWN STEP	2026-09-18T08:32:36.8249521Z ^[[36;1martifacts_path = root / "artifacts" / "artifacts.json"^[[0m
release-candidate-full-proof	UNKNOWN STEP	2026-09-18T08:32:36.8249926Z ^[[36;1mcleanroom_path = root / "cleanroom.json"^[[0m
release-candidate-full-proof	UNKNOWN STEP	2026-09-18T08:32:36.8250335Z ^[[36;1martifacts = json.loads(artifacts_path.read_text(encoding="utf-8"))^[[0m
release-candidate-full-proof	UNKNOWN STEP	2026-09-18T08:32:36.8250832Z ^[[36;1mcleanroom = json.loads(cleanroom_path.read_text(encoding="utf-8"))^[[0m
release-candidate-full-proof	UNKNOWN STEP	2026-09-18T08:32:36.8251216Z ^[[36;1mexpected_packages = [^[[0m
release-candidate-full-proof	UNKNOWN STEP	2026-09-18T08:32:36.8251545Z ^[[36;1m    "crosswake", "crosswake_rulestead", "crosswake_rindle",^[[0m
release-candidate-full-proof	UNKNOWN STEP	2026-09-18T08:32:36.8252014Z ^[[36;1m    "crosswake_sigra", "crosswake_chimeway", "crosswake_threadline",^[[0m
release-candidate-full-proof	UNKNOWN STEP	2026-09-18T08:32:36.8252377Z ^[[36;1m]^[[0m
release-candidate-full-proof	UNKNOWN STEP	2026-09-18T08:32:36.8252678Z ^[[36;1mif [item.get("package") for item in artifacts] != expected_packages:^[[0m
release-candidate-full-proof	UNKNOWN STEP	2026-09-18T08:32:36.8253186Z ^[[36;1m    raise SystemExit("candidate receipt: exact six-package set missing")^[[0m
release-candidate-full-proof	UNKNOWN STEP	2026-09-18T08:32:36.8254387Z ^[[36;1mif cleanroom.get("package_count") != 6 or cleanroom.get("profile_count") != 5:^[[0m
release-candidate-full-proof	UNKNOWN STEP	2026-09-18T08:32:36.8254955Z ^[[36;1m    raise SystemExit("candidate receipt: package/profile proof was vacuous")^[[0m
release-candidate-full-proof	UNKNOWN STEP	2026-09-18T08:32:36.8255418Z ^[[36;1mif cleanroom.get("install_count") != 2:^[[0m
release-candidate-full-proof	UNKNOWN STEP	2026-09-18T08:32:36.8255873Z ^[[36;1m    raise SystemExit("candidate receipt: clean-room proof did not pass twice")^[[0m
release-candidate-full-proof	UNKNOWN STEP	2026-09-18T08:32:36.8256590Z ^[[36;1mif any(row.get("status") != "PASS" or row.get("negative_control") != "PASS" for row in cleanroom.get("profile_results", [])):^[[0m
release-candidate-full-proof	UNKNOWN STEP	2026-09-18T08:32:36.8257346Z ^[[36;1m    raise SystemExit("candidate receipt: profile or negative-control proof did not pass")^[[0m
release-candidate-full-proof	UNKNOWN STEP	2026-09-18T08:32:36.8257804Z ^[[36;1m^[[0m
release-candidate-full-proof	UNKNOWN STEP	2026-09-18T08:32:36.8258001Z ^[[36;1mdef digest(path):^[[0m
release-candidate-full-proof	UNKNOWN STEP	2026-09-18T08:32:36.8258315Z ^[[36;1m    return hashlib.sha256(path.read_bytes()).hexdigest()^[[0m
release-candidate-full-proof	UNKNOWN STEP	2026-09-18T08:32:36.8258642Z ^[[36;1m^[[0m
release-candidate-full-proof	UNKNOWN STEP	2026-09-18T08:32:36.8258826Z ^[[36;1mreceipt = {^[[0m
release-candidate-full-proof	UNKNOWN STEP	2026-09-18T08:32:36.8259045Z ^[[36;1m    "schema_version": 1,^[[0m
release-candidate-full-proof	UNKNOWN STEP	2026-09-18T08:32:36.8259290Z ^[[36;1m    "state": "PASS",^[[0m
release-candidate-full-proof	UNKNOWN STEP	2026-09-18T08:32:36.8259550Z ^[[36;1m    "head": os.environ["CANDIDATE_REF"],^[[0m
release-candidate-full-proof	UNKNOWN STEP	2026-09-18T08:32:36.8260132Z ^[[36;1m    "tree": (root / "tree.txt").read_text(encoding="utf-8").strip(),^[[0m
release-candidate-full-proof	UNKNOWN STEP	2026-09-18T08:32:36.8260596Z ^[[36;1m    "base": (root / "base.txt").read_text(encoding="utf-8").strip(),^[[0m
release-candidate-full-proof	UNKNOWN STEP	2026-09-18T08:32:36.8260964Z ^[[36;1m    "run_id": os.environ["RUN_ID"],^[[0m
release-candidate-full-proof	UNKNOWN STEP	2026-09-18T08:32:36.8261278Z ^[[36;1m    "run_attempt": os.environ["RUN_ATTEMPT"],^[[0m
release-candidate-full-proof	UNKNOWN STEP	2026-09-18T08:32:36.8261584Z ^[[36;1m    "package_count": 6,^[[0m
release-candidate-full-proof	UNKNOWN STEP	2026-09-18T08:32:36.8261834Z ^[[36;1m    "profile_count": 5,^[[0m
release-candidate-full-proof	UNKNOWN STEP	2026-09-18T08:32:36.8262075Z ^[[36;1m    "install_count": 2,^[[0m
release-candidate-full-proof	UNKNOWN STEP	2026-09-18T08:32:36.8262371Z ^[[36;1m    "artifact_manifest_sha256": digest(artifacts_path),^[[0m
release-candidate-full-proof	UNKNOWN STEP	2026-09-18T08:32:36.8262766Z ^[[36;1m    "cleanroom_result_sha256": digest(cleanroom_path),^[[0m
release-candidate-full-proof	UNKNOWN STEP	2026-09-18T08:32:36.8263112Z ^[[36;1m    "external_state_changed": False,^[[0m
release-candidate-full-proof	UNKNOWN STEP	2026-09-18T08:32:36.8263775Z ^[[36;1m    "credentials_exercised": False,^[[0m
release-candidate-full-proof	UNKNOWN STEP	2026-09-18T08:32:36.8264071Z ^[[36;1m}^[[0m
release-candidate-full-proof	UNKNOWN STEP	2026-09-18T08:32:36.8264351Z ^[[36;1moutput = root / "release-candidate-ci-receipt.json"^[[0m
release-candidate-full-proof	UNKNOWN STEP	2026-09-18T08:32:36.8264917Z ^[[36;1moutput.write_text(json.dumps(receipt, separators=(",", ":"), sort_keys=True) + "\n", encoding="utf-8")^[[0m
release-candidate-full-proof	UNKNOWN STEP	2026-09-18T08:32:36.8265499Z ^[[36;1mif json.loads(output.read_text(encoding="utf-8")) != receipt:^[[0m
release-candidate-full-proof	UNKNOWN STEP	2026-09-18T08:32:36.8266015Z ^[[36;1m    raise SystemExit("candidate receipt: canonical receipt could not be reread")^[[0m
release-candidate-full-proof	UNKNOWN STEP	2026-09-18T08:32:36.8266463Z ^[[36;1mPY^[[0m
release-candidate-full-proof	UNKNOWN STEP	2026-09-18T08:32:36.8301591Z shell: /usr/bin/bash -e {0}
release-candidate-full-proof	UNKNOWN STEP	2026-09-18T08:32:36.8301856Z env:
release-candidate-full-proof	UNKNOWN STEP	2026-09-18T08:32:36.8302040Z   MIX_ENV: test
release-candidate-full-proof	UNKNOWN STEP	2026-09-18T08:32:36.8302312Z   CANDIDATE_REF: bcb8acaa1bdbbd81610af2a672da64bfe561de9e
release-candidate-full-proof	UNKNOWN STEP	2026-09-18T08:32:36.8302734Z   CANDIDATE_ROOT: /tmp/crosswake-release-candidate-35324177344-1
release-candidate-full-proof	UNKNOWN STEP	2026-09-18T08:32:36.8303183Z   INSTALL_DIR_FOR_OTP: /home/runner/work/_temp/.setup-beam/otp
release-candidate-full-proof	UNKNOWN STEP	2026-09-18T08:32:36.8303928Z   INSTALL_DIR_FOR_ELIXIR: /home/runner/work/_temp/.setup-beam/elixir
release-candidate-full-proof	UNKNOWN STEP	2026-09-18T08:32:36.8304275Z   RUN_ID: 35324177344
release-candidate-full-proof	UNKNOWN STEP	2026-09-18T08:32:36.8304482Z   RUN_ATTEMPT: 1
release-candidate-full-proof	UNKNOWN STEP	2026-09-18T08:32:36.8304687Z ##[endgroup]
release-candidate-full-proof	UNKNOWN STEP	2026-09-18T08:32:36.8712732Z ##[group]Run actions/upload-artifact@043fb46d1a93c77aae656e7c1c64a875d1fc6a0a
release-candidate-full-proof	UNKNOWN STEP	2026-09-18T08:32:36.8713161Z with:
release-candidate-full-proof	UNKNOWN STEP	2026-09-18T08:32:36.8713797Z   name: phase168-candidate-ci-bcb8acaa1bdbbd81610af2a672da64bfe561de9e
release-candidate-full-proof	UNKNOWN STEP	2026-09-18T08:32:36.8714205Z   if-no-files-found: error
release-candidate-full-proof	UNKNOWN STEP	2026-09-18T08:32:36.8714437Z   retention-days: 7
release-candidate-full-proof	UNKNOWN STEP	2026-09-18T08:32:36.8715342Z   path: /tmp/crosswake-release-candidate-35324177344-1/artifacts/artifacts.json
release-candidate-full-proof	UNKNOWN STEP	/tmp/crosswake-release-candidate-35324177344-1/cleanroom.json
release-candidate-full-proof	UNKNOWN STEP	/tmp/crosswake-release-candidate-35324177344-1/release-candidate-ci-receipt.json
release-candidate-full-proof	UNKNOWN STEP	
release-candidate-full-proof	UNKNOWN STEP	2026-09-18T08:32:36.8716309Z   compression-level: 6
release-candidate-full-proof	UNKNOWN STEP	2026-09-18T08:32:36.8716525Z   overwrite: false
release-candidate-full-proof	UNKNOWN STEP	2026-09-18T08:32:36.8716739Z   include-hidden-files: false
release-candidate-full-proof	UNKNOWN STEP	2026-09-18T08:32:36.8716973Z   archive: true
release-candidate-full-proof	UNKNOWN STEP	2026-09-18T08:32:36.8717160Z env:
release-candidate-full-proof	UNKNOWN STEP	2026-09-18T08:32:36.8717338Z   MIX_ENV: test
release-candidate-full-proof	UNKNOWN STEP	2026-09-18T08:32:36.8717594Z   CANDIDATE_REF: bcb8acaa1bdbbd81610af2a672da64bfe561de9e
release-candidate-full-proof	UNKNOWN STEP	2026-09-18T08:32:36.8718043Z   CANDIDATE_ROOT: /tmp/crosswake-release-candidate-35324177344-1
release-candidate-full-proof	UNKNOWN STEP	2026-09-18T08:32:36.8718464Z   INSTALL_DIR_FOR_OTP: /home/runner/work/_temp/.setup-beam/otp
release-candidate-full-proof	UNKNOWN STEP	2026-09-18T08:32:36.8718878Z   INSTALL_DIR_FOR_ELIXIR: /home/runner/work/_temp/.setup-beam/elixir
release-candidate-full-proof	UNKNOWN STEP	2026-09-18T08:32:36.8719231Z ##[endgroup]
release-candidate-full-proof	UNKNOWN STEP	2026-09-18T08:32:37.0165060Z Multiple search paths detected. Calculating the least common ancestor of all paths
release-candidate-full-proof	UNKNOWN STEP	2026-09-18T08:32:37.0167144Z The least common ancestor is /tmp/crosswake-release-candidate-35324177344-1. This will be the root directory of the artifact
release-candidate-full-proof	UNKNOWN STEP	2026-09-18T08:32:37.0167990Z With the provided path, there will be 3 files uploaded
release-candidate-full-proof	UNKNOWN STEP	2026-09-18T08:32:37.0184221Z Artifact name is valid!
release-candidate-full-proof	UNKNOWN STEP	2026-09-18T08:32:37.0184837Z Root directory input is valid!
release-candidate-full-proof	UNKNOWN STEP	2026-09-18T08:32:37.2626494Z Uploading artifact: phase168-candidate-ci-bcb8acaa1bdbbd81610af2a672da64bfe561de9e.zip
release-candidate-full-proof	UNKNOWN STEP	2026-09-18T08:32:37.2668000Z Beginning upload of artifact content to blob storage
release-candidate-full-proof	UNKNOWN STEP	2026-09-18T08:32:37.4045992Z Uploaded bytes 15822
release-candidate-full-proof	UNKNOWN STEP	2026-09-18T08:32:37.4307324Z Finished uploading artifact content to blob storage!
release-candidate-full-proof	UNKNOWN STEP	2026-09-18T08:32:37.4308792Z SHA256 digest of uploaded artifact is 7383c87898826e08e5fc2d278a4b01e0408e3a9898f48ad4e2f3dc32126a0924
release-candidate-full-proof	UNKNOWN STEP	2026-09-18T08:32:37.4309845Z Finalizing artifact upload
release-candidate-full-proof	UNKNOWN STEP	2026-09-18T08:32:37.7470671Z Artifact phase168-candidate-ci-bcb8acaa1bdbbd81610af2a672da64bfe561de9e successfully finalized. Artifact ID 10538167127
release-candidate-full-proof	UNKNOWN STEP	2026-09-18T08:32:37.7472578Z Artifact phase168-candidate-ci-bcb8acaa1bdbbd81610af2a672da64bfe561de9e has been successfully uploaded! Final size is 15822 bytes. Artifact ID is 10538167127
release-candidate-full-proof	UNKNOWN STEP	2026-09-18T08:32:37.7474847Z Artifact download URL: https://github.com/szTheory/crosswake/actions/runs/35324177344/artifacts/10538167127
release-candidate-full-proof	UNKNOWN STEP	2026-09-18T08:32:37.7599474Z ##[group]Run {
release-candidate-full-proof	UNKNOWN STEP	2026-09-18T08:32:37.7599736Z ^[[36;1m{^[[0m
release-candidate-full-proof	UNKNOWN STEP	2026-09-18T08:32:37.7599980Z ^[[36;1m  echo "Exact candidate: ${CANDIDATE_REF}."^[[0m
release-candidate-full-proof	UNKNOWN STEP	2026-09-18T08:32:37.7600369Z ^[[36;1m  echo 'Observed packages/profiles/installs: 6/5/2.'^[[0m
release-candidate-full-proof	UNKNOWN STEP	2026-09-18T08:32:37.7600931Z ^[[36;1m  echo 'Credentialed real-mirror rehearsal remains owned by the trusted iOS release workflow.'^[[0m
release-candidate-full-proof	UNKNOWN STEP	2026-09-18T08:32:37.7601848Z ^[[36;1m  echo 'The approval receipt remains operator-owned: mix crosswake.release.candidate --version <semver> --ref <40sha> --output-dir <new-directory>.'^[[0m
release-candidate-full-proof	UNKNOWN STEP	2026-09-18T08:32:37.7602907Z ^[[36;1m  echo 'Remediation: rerun the release-candidate-full-proof leaf at this exact head; zero, stale, missing, or partial evidence blocks the umbrella.'^[[0m
release-candidate-full-proof	UNKNOWN STEP	2026-09-18T08:32:37.7604016Z ^[[36;1m} >> "$GITHUB_STEP_SUMMARY"^[[0m
release-candidate-full-proof	UNKNOWN STEP	2026-09-18T08:32:37.7639481Z shell: /usr/bin/bash -e {0}
release-candidate-full-proof	UNKNOWN STEP	2026-09-18T08:32:37.7639741Z env:
release-candidate-full-proof	UNKNOWN STEP	2026-09-18T08:32:37.7639927Z   MIX_ENV: test
release-candidate-full-proof	UNKNOWN STEP	2026-09-18T08:32:37.7640234Z   CANDIDATE_REF: bcb8acaa1bdbbd81610af2a672da64bfe561de9e
release-candidate-full-proof	UNKNOWN STEP	2026-09-18T08:32:37.7640678Z   CANDIDATE_ROOT: /tmp/crosswake-release-candidate-35324177344-1
release-candidate-full-proof	UNKNOWN STEP	2026-09-18T08:32:37.7641137Z   INSTALL_DIR_FOR_OTP: /home/runner/work/_temp/.setup-beam/otp
release-candidate-full-proof	UNKNOWN STEP	2026-09-18T08:32:37.7641584Z   INSTALL_DIR_FOR_ELIXIR: /home/runner/work/_temp/.setup-beam/elixir
release-candidate-full-proof	UNKNOWN STEP	2026-09-18T08:32:37.7641943Z ##[endgroup]
release-candidate-full-proof	UNKNOWN STEP	2026-09-18T08:32:37.7842630Z Post job cleanup.
release-candidate-full-proof	UNKNOWN STEP	2026-09-18T08:32:37.7847485Z ##[start-action display=Run actions/cache@55cc8345863c7cc4c66a329aec7e433d2d1c52a9;id=__0ea799b6-c8be-48dd-896e-4fb963f16a69.hex-cache]
release-candidate-full-proof	UNKNOWN STEP	2026-09-18T08:32:37.8406954Z Post job cleanup.
release-candidate-full-proof	UNKNOWN STEP	2026-09-18T08:32:37.9590140Z Cache hit occurred on the primary key hex-packages-Linux-X64-c5d97e76f84d90b635f3da0fc87c2f3712caae783492a32bfdf7267fd6e37097, not saving cache.
release-candidate-full-proof	UNKNOWN STEP	2026-09-18T08:32:37.9653055Z ##[end-action id=__0ea799b6-c8be-48dd-896e-4fb963f16a69.hex-cache;outcome=success;conclusion=success;duration_ms=180]
release-candidate-full-proof	UNKNOWN STEP	2026-09-18T08:32:37.9656348Z ##[start-action display=Run actions/cache@55cc8345863c7cc4c66a329aec7e433d2d1c52a9;id=__0ea799b6-c8be-48dd-896e-4fb963f16a69.build-cache]
release-candidate-full-proof	UNKNOWN STEP	2026-09-18T08:32:38.0808954Z Post job cleanup.
release-candidate-full-proof	UNKNOWN STEP	2026-09-18T08:32:38.2149220Z [command]/usr/bin/tar --posix -cf cache.tzst --exclude cache.tzst -P -C /home/runner/work/crosswake/crosswake --files-from manifest.txt --use-compress-program zstdmt
release-candidate-full-proof	UNKNOWN STEP	2026-09-18T08:32:38.7850233Z Sent 5346385 of 5346385 (100.0%), 12.3 MBs/sec
release-candidate-full-proof	UNKNOWN STEP	2026-09-18T08:32:38.9227408Z Cache saved with key: build-.-Crosswake-CI-release-candidate-full-proof-Linux-X64-otpOTP-27.3-elixirv1.19.5-otp-27-test-d406693045175df3303ab8a16f005e07893b7b35e4a9417d5e33f6ba7b84df29-c5d97e76f84d90b635f3da0fc87c2f3712caae783492a32bfdf7267fd6e37097
release-candidate-full-proof	UNKNOWN STEP	2026-09-18T08:32:38.9299565Z ##[end-action id=__0ea799b6-c8be-48dd-896e-4fb963f16a69.build-cache;outcome=success;conclusion=success;duration_ms=964]
release-candidate-full-proof	UNKNOWN STEP	2026-09-18T08:32:38.9302684Z ##[start-action display=Run actions/cache@55cc8345863c7cc4c66a329aec7e433d2d1c52a9;id=__0ea799b6-c8be-48dd-896e-4fb963f16a69.deps-cache]
release-candidate-full-proof	UNKNOWN STEP	2026-09-18T08:32:39.1032081Z Post job cleanup.
release-candidate-full-proof	UNKNOWN STEP	2026-09-18T08:32:39.2398172Z [command]/usr/bin/tar --posix -cf cache.tzst --exclude cache.tzst -P -C /home/runner/work/crosswake/crosswake --files-from manifest.txt --use-compress-program zstdmt
release-candidate-full-proof	UNKNOWN STEP	2026-09-18T08:32:40.2722933Z Sent 1687160 of 1687160 (100.0%), 1.8 MBs/sec
release-candidate-full-proof	UNKNOWN STEP	2026-09-18T08:32:40.4074591Z Cache saved with key: deps-.-Crosswake-CI-release-candidate-full-proof-Linux-X64-otpOTP-27.3-elixirv1.19.5-otp-27-test-d406693045175df3303ab8a16f005e07893b7b35e4a9417d5e33f6ba7b84df29-c5d97e76f84d90b635f3da0fc87c2f3712caae783492a32bfdf7267fd6e37097
release-candidate-full-proof	UNKNOWN STEP	2026-09-18T08:32:40.4129590Z ##[end-action id=__0ea799b6-c8be-48dd-896e-4fb963f16a69.deps-cache;outcome=success;conclusion=success;duration_ms=1482]
release-candidate-full-proof	UNKNOWN STEP	2026-09-18T08:32:40.4217288Z Post job cleanup.
release-candidate-full-proof	UNKNOWN STEP	2026-09-18T08:32:40.5054053Z [command]/usr/bin/git version
release-candidate-full-proof	UNKNOWN STEP	2026-09-18T08:32:40.5092204Z git version 2.55.0
release-candidate-full-proof	UNKNOWN STEP	2026-09-18T08:32:40.5129789Z Temporarily overriding HOME='/home/runner/work/_temp/ffd9c1fe-9c7f-4953-8fe0-94ef7b96bf42' before making global git config changes
release-candidate-full-proof	UNKNOWN STEP	2026-09-18T08:32:40.5131339Z Adding repository directory to the temporary git global config as a safe directory
release-candidate-full-proof	UNKNOWN STEP	2026-09-18T08:32:40.5136341Z [command]/usr/bin/git config --global --add safe.directory /home/runner/work/crosswake/crosswake
release-candidate-full-proof	UNKNOWN STEP	2026-09-18T08:32:40.5169156Z Removing SSH command configuration
release-candidate-full-proof	UNKNOWN STEP	2026-09-18T08:32:40.5178283Z [command]/usr/bin/git config --local --name-only --get-regexp core\.sshCommand
release-candidate-full-proof	UNKNOWN STEP	2026-09-18T08:32:40.5218826Z [command]/usr/bin/git submodule foreach --recursive sh -c "git config --local --name-only --get-regexp 'core\.sshCommand' && git config --local --unset-all 'core.sshCommand' || :"
release-candidate-full-proof	UNKNOWN STEP	2026-09-18T08:32:40.5474463Z Removing HTTP extra header
release-candidate-full-proof	UNKNOWN STEP	2026-09-18T08:32:40.5481373Z [command]/usr/bin/git config --local --name-only --get-regexp http\.https\:\/\/github\.com\/\.extraheader
release-candidate-full-proof	UNKNOWN STEP	2026-09-18T08:32:40.5517938Z [command]/usr/bin/git submodule foreach --recursive sh -c "git config --local --name-only --get-regexp 'http\.https\:\/\/github\.com\/\.extraheader' && git config --local --unset-all 'http.https://github.com/.extraheader' || :"
release-candidate-full-proof	UNKNOWN STEP	2026-09-18T08:32:40.5742372Z Removing includeIf entries pointing to credentials config files
release-candidate-full-proof	UNKNOWN STEP	2026-09-18T08:32:40.5749008Z [command]/usr/bin/git config --local --name-only --get-regexp ^includeIf\.gitdir:
release-candidate-full-proof	UNKNOWN STEP	2026-09-18T08:32:40.5807906Z includeif.gitdir:/home/runner/work/crosswake/crosswake/.git.path
release-candidate-full-proof	UNKNOWN STEP	2026-09-18T08:32:40.5808722Z includeif.gitdir:/home/runner/work/crosswake/crosswake/.git/worktrees/*.path
release-candidate-full-proof	UNKNOWN STEP	2026-09-18T08:32:40.5809355Z includeif.gitdir:/github/workspace/.git.path
release-candidate-full-proof	UNKNOWN STEP	2026-09-18T08:32:40.5809900Z includeif.gitdir:/github/workspace/.git/worktrees/*.path
release-candidate-full-proof	UNKNOWN STEP	2026-09-18T08:32:40.5817192Z [command]/usr/bin/git config --local --get-all includeif.gitdir:/home/runner/work/crosswake/crosswake/.git.path
release-candidate-full-proof	UNKNOWN STEP	2026-09-18T08:32:40.5839583Z /home/runner/work/_temp/git-credentials-cbc5d8f9-1188-4489-91b2-ed8c533a8ae3.config
release-candidate-full-proof	UNKNOWN STEP	2026-09-18T08:32:40.5849331Z [command]/usr/bin/git config --local --unset includeif.gitdir:/home/runner/work/crosswake/crosswake/.git.path /home/runner/work/_temp/git-credentials-cbc5d8f9-1188-4489-91b2-ed8c533a8ae3.config
release-candidate-full-proof	UNKNOWN STEP	2026-09-18T08:32:40.5887881Z [command]/usr/bin/git config --local --get-all includeif.gitdir:/home/runner/work/crosswake/crosswake/.git/worktrees/*.path
release-candidate-full-proof	UNKNOWN STEP	2026-09-18T08:32:40.5911789Z /home/runner/work/_temp/git-credentials-cbc5d8f9-1188-4489-91b2-ed8c533a8ae3.config
release-candidate-full-proof	UNKNOWN STEP	2026-09-18T08:32:40.5921197Z [command]/usr/bin/git config --local --unset includeif.gitdir:/home/runner/work/crosswake/crosswake/.git/worktrees/*.path /home/runner/work/_temp/git-credentials-cbc5d8f9-1188-4489-91b2-ed8c533a8ae3.config
release-candidate-full-proof	UNKNOWN STEP	2026-09-18T08:32:40.5954310Z [command]/usr/bin/git config --local --get-all includeif.gitdir:/github/workspace/.git.path
release-candidate-full-proof	UNKNOWN STEP	2026-09-18T08:32:40.5975552Z /github/runner_temp/git-credentials-cbc5d8f9-1188-4489-91b2-ed8c533a8ae3.config
release-candidate-full-proof	UNKNOWN STEP	2026-09-18T08:32:40.5983093Z [command]/usr/bin/git config --local --unset includeif.gitdir:/github/workspace/.git.path /github/runner_temp/git-credentials-cbc5d8f9-1188-4489-91b2-ed8c533a8ae3.config
release-candidate-full-proof	UNKNOWN STEP	2026-09-18T08:32:40.6015823Z [command]/usr/bin/git config --local --get-all includeif.gitdir:/github/workspace/.git/worktrees/*.path
release-candidate-full-proof	UNKNOWN STEP	2026-09-18T08:32:40.6037579Z /github/runner_temp/git-credentials-cbc5d8f9-1188-4489-91b2-ed8c533a8ae3.config
release-candidate-full-proof	UNKNOWN STEP	2026-09-18T08:32:40.6045626Z [command]/usr/bin/git config --local --unset includeif.gitdir:/github/workspace/.git/worktrees/*.path /github/runner_temp/git-credentials-cbc5d8f9-1188-4489-91b2-ed8c533a8ae3.config
release-candidate-full-proof	UNKNOWN STEP	2026-09-18T08:32:40.6079842Z [command]/usr/bin/git submodule foreach --recursive git config --local --show-origin --name-only --get-regexp remote.origin.url
release-candidate-full-proof	UNKNOWN STEP	2026-09-18T08:32:40.6308341Z Removing credentials config '/home/runner/work/_temp/git-credentials-cbc5d8f9-1188-4489-91b2-ed8c533a8ae3.config'
release-candidate-full-proof	UNKNOWN STEP	2026-09-18T08:32:40.6462908Z Cleaning up orphan processes
